Timing Analyzer report for handshake_synchronizer
Sun Sep 07 21:07:29 2025
Quartus Prime Version 20.1.1 Build 720 11/11/2020 SJ Lite Edition


---------------------
; Table of Contents ;
---------------------
  1. Legal Notice
  2. Timing Analyzer Summary
  3. Parallel Compilation
  4. Clocks
  5. Slow 1100mV 85C Model Fmax Summary
  6. Timing Closure Recommendations
  7. Slow 1100mV 85C Model Setup Summary
  8. Slow 1100mV 85C Model Hold Summary
  9. Slow 1100mV 85C Model Recovery Summary
 10. Slow 1100mV 85C Model Removal Summary
 11. Slow 1100mV 85C Model Minimum Pulse Width Summary
 12. Slow 1100mV 85C Model Metastability Summary
 13. Slow 1100mV 0C Model Fmax Summary
 14. Slow 1100mV 0C Model Setup Summary
 15. Slow 1100mV 0C Model Hold Summary
 16. Slow 1100mV 0C Model Recovery Summary
 17. Slow 1100mV 0C Model Removal Summary
 18. Slow 1100mV 0C Model Minimum Pulse Width Summary
 19. Slow 1100mV 0C Model Metastability Summary
 20. Fast 1100mV 85C Model Setup Summary
 21. Fast 1100mV 85C Model Hold Summary
 22. Fast 1100mV 85C Model Recovery Summary
 23. Fast 1100mV 85C Model Removal Summary
 24. Fast 1100mV 85C Model Minimum Pulse Width Summary
 25. Fast 1100mV 85C Model Metastability Summary
 26. Fast 1100mV 0C Model Setup Summary
 27. Fast 1100mV 0C Model Hold Summary
 28. Fast 1100mV 0C Model Recovery Summary
 29. Fast 1100mV 0C Model Removal Summary
 30. Fast 1100mV 0C Model Minimum Pulse Width Summary
 31. Fast 1100mV 0C Model Metastability Summary
 32. Multicorner Timing Analysis Summary
 33. Board Trace Model Assignments
 34. Input Transition Times
 35. Signal Integrity Metrics (Slow 1100mv 0c Model)
 36. Signal Integrity Metrics (Slow 1100mv 85c Model)
 37. Signal Integrity Metrics (Fast 1100mv 0c Model)
 38. Signal Integrity Metrics (Fast 1100mv 85c Model)
 39. Setup Transfers
 40. Hold Transfers
 41. Report TCCS
 42. Report RSKM
 43. Unconstrained Paths Summary
 44. Clock Status Summary
 45. Unconstrained Input Ports
 46. Unconstrained Output Ports
 47. Unconstrained Input Ports
 48. Unconstrained Output Ports
 49. Timing Analyzer Messages



----------------
; Legal Notice ;
----------------
Copyright (C) 2020  Intel Corporation. All rights reserved.
Your use of Intel Corporation's design tools, logic functions 
and other software and tools, and any partner logic 
functions, and any output files from any of the foregoing 
(including device programming or simulation files), and any 
associated documentation or information are expressly subject 
to the terms and conditions of the Intel Program License 
Subscription Agreement, the Intel Quartus Prime License Agreement,
the Intel FPGA IP License Agreement, or other applicable license
agreement, including, without limitation, that your use is for
the sole purpose of programming logic devices manufactured by
Intel and sold by Intel or its authorized distributors.  Please
refer to the applicable agreement for further details, at
https://fpgasoftware.intel.com/eula.



+-----------------------------------------------------------------------------+
; Timing Analyzer Summary                                                     ;
+-----------------------+-----------------------------------------------------+
; Quartus Prime Version ; Version 20.1.1 Build 720 11/11/2020 SJ Lite Edition ;
; Timing Analyzer       ; Legacy Timing Analyzer                              ;
; Revision Name         ; handshake_synchronizer                              ;
; Device Family         ; Cyclone V                                           ;
; Device Name           ; 5CGXFC7C7F23C8                                      ;
; Timing Models         ; Final                                               ;
; Delay Model           ; Combined                                            ;
; Rise/Fall Delays      ; Enabled                                             ;
+-----------------------+-----------------------------------------------------+


+------------------------------------------+
; Parallel Compilation                     ;
+----------------------------+-------------+
; Processors                 ; Number      ;
+----------------------------+-------------+
; Number detected on machine ; 24          ;
; Maximum allowed            ; 16          ;
;                            ;             ;
; Average used               ; 1.18        ;
; Maximum used               ; 16          ;
;                            ;             ;
; Usage by Processor         ; % Time Used ;
;     Processor 1            ; 100.0%      ;
;     Processor 2            ;   2.0%      ;
;     Processor 3            ;   2.0%      ;
;     Processor 4            ;   1.9%      ;
;     Processor 5            ;   1.9%      ;
;     Processors 6-16        ;   0.9%      ;
+----------------------------+-------------+


+------------------------------------------------------------------------------------------------------------------------------------------------------------------------------------------------------------------------------------------------+
; Clocks                                                                                                                                                                                                                                         ;
+----------------------------------------+------+--------+------------+-------+-------+------------+-----------+-------------+-------+--------+-----------+------------+----------+--------+--------+--------------------------------------------+
; Clock Name                             ; Type ; Period ; Frequency  ; Rise  ; Fall  ; Duty Cycle ; Divide by ; Multiply by ; Phase ; Offset ; Edge List ; Edge Shift ; Inverted ; Master ; Source ; Targets                                    ;
+----------------------------------------+------+--------+------------+-------+-------+------------+-----------+-------------+-------+--------+-----------+------------+----------+--------+--------+--------------------------------------------+
; dest_clk                               ; Base ; 1.000  ; 1000.0 MHz ; 0.000 ; 0.500 ;            ;           ;             ;       ;        ;           ;            ;          ;        ;        ; { dest_clk }                               ;
; sender_fsm:sender_fsm_inst|data_out_en ; Base ; 1.000  ; 1000.0 MHz ; 0.000 ; 0.500 ;            ;           ;             ;       ;        ;           ;            ;          ;        ;        ; { sender_fsm:sender_fsm_inst|data_out_en } ;
; src_clk                                ; Base ; 1.000  ; 1000.0 MHz ; 0.000 ; 0.500 ;            ;           ;             ;       ;        ;           ;            ;          ;        ;        ; { src_clk }                                ;
+----------------------------------------+------+--------+------------+-------+-------+------------+-----------+-------------+-------+--------+-----------+------------+----------+--------+--------+--------------------------------------------+


+--------------------------------------------------------------------------------------------+
; Slow 1100mV 85C Model Fmax Summary                                                         ;
+------------+-----------------+------------+------------------------------------------------+
; Fmax       ; Restricted Fmax ; Clock Name ; Note                                           ;
+------------+-----------------+------------+------------------------------------------------+
; 477.55 MHz ; 477.55 MHz      ; src_clk    ;                                                ;
; 645.58 MHz ; 580.05 MHz      ; dest_clk   ; limit due to minimum period restriction (tmin) ;
+------------+-----------------+------------+------------------------------------------------+
This panel reports FMAX for every clock in the design, regardless of the user-specified clock periods.  FMAX is only computed for paths where the source and destination registers or ports are driven by the same clock.  Paths of different clocks, including generated clocks, are ignored.  For paths between a clock and its inversion, FMAX is computed as if the rising and falling edges are scaled along with FMAX, such that the duty cycle (in terms of a percentage) is maintained. Altera recommends that you always use clock constraints and other slack reports for sign-off analysis.


----------------------------------
; Timing Closure Recommendations ;
----------------------------------
HTML report is unavailable in plain text report export.


+-----------------------------------------------------------------+
; Slow 1100mV 85C Model Setup Summary                             ;
+----------------------------------------+--------+---------------+
; Clock                                  ; Slack  ; End Point TNS ;
+----------------------------------------+--------+---------------+
; sender_fsm:sender_fsm_inst|data_out_en ; -6.440 ; -173.348      ;
; dest_clk                               ; -3.143 ; -89.566       ;
; src_clk                                ; -1.094 ; -39.880       ;
+----------------------------------------+--------+---------------+


+----------------------------------------------------------------+
; Slow 1100mV 85C Model Hold Summary                             ;
+----------------------------------------+-------+---------------+
; Clock                                  ; Slack ; End Point TNS ;
+----------------------------------------+-------+---------------+
; dest_clk                               ; 0.301 ; 0.000         ;
; src_clk                                ; 0.301 ; 0.000         ;
; sender_fsm:sender_fsm_inst|data_out_en ; 3.832 ; 0.000         ;
+----------------------------------------+-------+---------------+


------------------------------------------
; Slow 1100mV 85C Model Recovery Summary ;
------------------------------------------
No paths to report.


-----------------------------------------
; Slow 1100mV 85C Model Removal Summary ;
-----------------------------------------
No paths to report.


+-----------------------------------------------------------------+
; Slow 1100mV 85C Model Minimum Pulse Width Summary               ;
+----------------------------------------+--------+---------------+
; Clock                                  ; Slack  ; End Point TNS ;
+----------------------------------------+--------+---------------+
; src_clk                                ; -0.724 ; -44.531       ;
; dest_clk                               ; -0.724 ; -40.078       ;
; sender_fsm:sender_fsm_inst|data_out_en ; 0.302  ; 0.000         ;
+----------------------------------------+--------+---------------+


-----------------------------------------------
; Slow 1100mV 85C Model Metastability Summary ;
-----------------------------------------------
Design MTBF is not calculated because the design doesn't meet its timing requirements.



+---------------------------------------------------------------------------------------------------+
; Slow 1100mV 0C Model Fmax Summary                                                                 ;
+------------+-----------------+------------+-------------------------------------------------------+
; Fmax       ; Restricted Fmax ; Clock Name ; Note                                                  ;
+------------+-----------------+------------+-------------------------------------------------------+
; 516.53 MHz ; 516.53 MHz      ; src_clk    ;                                                       ;
; 712.25 MHz ; 530.79 MHz      ; dest_clk   ; limit due to high minimum pulse width violation (tch) ;
+------------+-----------------+------------+-------------------------------------------------------+
This panel reports FMAX for every clock in the design, regardless of the user-specified clock periods.  FMAX is only computed for paths where the source and destination registers or ports are driven by the same clock.  Paths of different clocks, including generated clocks, are ignored.  For paths between a clock and its inversion, FMAX is computed as if the rising and falling edges are scaled along with FMAX, such that the duty cycle (in terms of a percentage) is maintained. Altera recommends that you always use clock constraints and other slack reports for sign-off analysis.


+-----------------------------------------------------------------+
; Slow 1100mV 0C Model Setup Summary                              ;
+----------------------------------------+--------+---------------+
; Clock                                  ; Slack  ; End Point TNS ;
+----------------------------------------+--------+---------------+
; sender_fsm:sender_fsm_inst|data_out_en ; -6.507 ; -177.433      ;
; dest_clk                               ; -2.802 ; -79.426       ;
; src_clk                                ; -0.936 ; -33.703       ;
+----------------------------------------+--------+---------------+


+----------------------------------------------------------------+
; Slow 1100mV 0C Model Hold Summary                              ;
+----------------------------------------+-------+---------------+
; Clock                                  ; Slack ; End Point TNS ;
+----------------------------------------+-------+---------------+
; src_clk                                ; 0.288 ; 0.000         ;
; dest_clk                               ; 0.289 ; 0.000         ;
; sender_fsm:sender_fsm_inst|data_out_en ; 3.863 ; 0.000         ;
+----------------------------------------+-------+---------------+


-----------------------------------------
; Slow 1100mV 0C Model Recovery Summary ;
-----------------------------------------
No paths to report.


----------------------------------------
; Slow 1100mV 0C Model Removal Summary ;
----------------------------------------
No paths to report.


+-----------------------------------------------------------------+
; Slow 1100mV 0C Model Minimum Pulse Width Summary                ;
+----------------------------------------+--------+---------------+
; Clock                                  ; Slack  ; End Point TNS ;
+----------------------------------------+--------+---------------+
; src_clk                                ; -0.724 ; -44.637       ;
; dest_clk                               ; -0.724 ; -40.724       ;
; sender_fsm:sender_fsm_inst|data_out_en ; 0.303  ; 0.000         ;
+----------------------------------------+--------+---------------+


----------------------------------------------
; Slow 1100mV 0C Model Metastability Summary ;
----------------------------------------------
Design MTBF is not calculated because the design doesn't meet its timing requirements.



+-----------------------------------------------------------------+
; Fast 1100mV 85C Model Setup Summary                             ;
+----------------------------------------+--------+---------------+
; Clock                                  ; Slack  ; End Point TNS ;
+----------------------------------------+--------+---------------+
; sender_fsm:sender_fsm_inst|data_out_en ; -2.450 ; -60.747       ;
; dest_clk                               ; -2.187 ; -55.590       ;
; src_clk                                ; 0.138  ; 0.000         ;
+----------------------------------------+--------+---------------+


+----------------------------------------------------------------+
; Fast 1100mV 85C Model Hold Summary                             ;
+----------------------------------------+-------+---------------+
; Clock                                  ; Slack ; End Point TNS ;
+----------------------------------------+-------+---------------+
; src_clk                                ; 0.133 ; 0.000         ;
; dest_clk                               ; 0.139 ; 0.000         ;
; sender_fsm:sender_fsm_inst|data_out_en ; 1.888 ; 0.000         ;
+----------------------------------------+-------+---------------+


------------------------------------------
; Fast 1100mV 85C Model Recovery Summary ;
------------------------------------------
No paths to report.


-----------------------------------------
; Fast 1100mV 85C Model Removal Summary ;
-----------------------------------------
No paths to report.


+-----------------------------------------------------------------+
; Fast 1100mV 85C Model Minimum Pulse Width Summary               ;
+----------------------------------------+--------+---------------+
; Clock                                  ; Slack  ; End Point TNS ;
+----------------------------------------+--------+---------------+
; dest_clk                               ; -0.085 ; -3.000        ;
; src_clk                                ; -0.082 ; -3.152        ;
; sender_fsm:sender_fsm_inst|data_out_en ; 0.404  ; 0.000         ;
+----------------------------------------+--------+---------------+


-----------------------------------------------
; Fast 1100mV 85C Model Metastability Summary ;
-----------------------------------------------
The design MTBF is not calculated because there are no specified synchronizers in the design.
Number of Synchronizer Chains Found: 2
Shortest Synchronizer Chain: 2 Registers
Fraction of Chains for which MTBFs Could Not be Calculated: 1.000
Worst Case Available Settling Time: 0.741 ns




+-----------------------------------------------------------------+
; Fast 1100mV 0C Model Setup Summary                              ;
+----------------------------------------+--------+---------------+
; Clock                                  ; Slack  ; End Point TNS ;
+----------------------------------------+--------+---------------+
; sender_fsm:sender_fsm_inst|data_out_en ; -2.290 ; -57.945       ;
; dest_clk                               ; -1.661 ; -41.321       ;
; src_clk                                ; 0.217  ; 0.000         ;
+----------------------------------------+--------+---------------+


+----------------------------------------------------------------+
; Fast 1100mV 0C Model Hold Summary                              ;
+----------------------------------------+-------+---------------+
; Clock                                  ; Slack ; End Point TNS ;
+----------------------------------------+-------+---------------+
; src_clk                                ; 0.121 ; 0.000         ;
; dest_clk                               ; 0.129 ; 0.000         ;
; sender_fsm:sender_fsm_inst|data_out_en ; 1.849 ; 0.000         ;
+----------------------------------------+-------+---------------+


-----------------------------------------
; Fast 1100mV 0C Model Recovery Summary ;
-----------------------------------------
No paths to report.


----------------------------------------
; Fast 1100mV 0C Model Removal Summary ;
----------------------------------------
No paths to report.


+-----------------------------------------------------------------+
; Fast 1100mV 0C Model Minimum Pulse Width Summary                ;
+----------------------------------------+--------+---------------+
; Clock                                  ; Slack  ; End Point TNS ;
+----------------------------------------+--------+---------------+
; src_clk                                ; -0.083 ; -3.214        ;
; dest_clk                               ; -0.083 ; -2.968        ;
; sender_fsm:sender_fsm_inst|data_out_en ; 0.416  ; 0.000         ;
+----------------------------------------+--------+---------------+


----------------------------------------------
; Fast 1100mV 0C Model Metastability Summary ;
----------------------------------------------
The design MTBF is not calculated because there are no specified synchronizers in the design.
Number of Synchronizer Chains Found: 2
Shortest Synchronizer Chain: 2 Registers
Fraction of Chains for which MTBFs Could Not be Calculated: 1.000
Worst Case Available Settling Time: 0.820 ns




+-------------------------------------------------------------------------------------------------------+
; Multicorner Timing Analysis Summary                                                                   ;
+-----------------------------------------+----------+-------+----------+---------+---------------------+
; Clock                                   ; Setup    ; Hold  ; Recovery ; Removal ; Minimum Pulse Width ;
+-----------------------------------------+----------+-------+----------+---------+---------------------+
; Worst-case Slack                        ; -6.507   ; 0.121 ; N/A      ; N/A     ; -0.724              ;
;  dest_clk                               ; -3.143   ; 0.129 ; N/A      ; N/A     ; -0.724              ;
;  sender_fsm:sender_fsm_inst|data_out_en ; -6.507   ; 1.849 ; N/A      ; N/A     ; 0.302               ;
;  src_clk                                ; -1.094   ; 0.121 ; N/A      ; N/A     ; -0.724              ;
; Design-wide TNS                         ; -302.794 ; 0.0   ; 0.0      ; 0.0     ; -85.361             ;
;  dest_clk                               ; -89.566  ; 0.000 ; N/A      ; N/A     ; -40.724             ;
;  sender_fsm:sender_fsm_inst|data_out_en ; -177.433 ; 0.000 ; N/A      ; N/A     ; 0.000               ;
;  src_clk                                ; -39.880  ; 0.000 ; N/A      ; N/A     ; -44.637             ;
+-----------------------------------------+----------+-------+----------+---------+---------------------+


+-----------------------------------------------------------------------------------------------------------------------------------------------------------------------------------------------------------------------------------------------------------------------------------------------------------------------------------------------------------------------------------------------------------------+
; Board Trace Model Assignments                                                                                                                                                                                                                                                                                                                                                                                   ;
+--------------+--------------+-------------------+-------------------------+-------------------------+---------------+---------------------+----------------+------------------+--------+------------------+------------------------+------------------------+--------------+---------------+-----------------+-------+---------------------+--------------------+---------------+-----------------+-------------+
; Pin          ; I/O Standard ; Near Tline Length ; Near Tline L per Length ; Near Tline C per Length ; Near Series R ; Near Differential R ; Near Pull-up R ; Near Pull-down R ; Near C ; Far Tline Length ; Far Tline L per Length ; Far Tline C per Length ; Far Series R ; Far Pull-up R ; Far Pull-down R ; Far C ; Termination Voltage ; Far Differential R ; EBD File Name ; EBD Signal Name ; EBD Far-end ;
+--------------+--------------+-------------------+-------------------------+-------------------------+---------------+---------------------+----------------+------------------+--------+------------------+------------------------+------------------------+--------------+---------------+-----------------+-------+---------------------+--------------------+---------------+-----------------+-------------+
; ready        ; 2.5 V        ; 0 in              ; 0 H/in                  ; 0 F/in                  ; short         ; -                   ; open           ; open             ; open   ; 0 in             ; 0 H/in                 ; 0 F/in                 ; short        ; open          ; open            ; open  ; 0 V                 ; -                  ; n/a           ; n/a             ; n/a         ;
; data_out[0]  ; 2.5 V        ; 0 in              ; 0 H/in                  ; 0 F/in                  ; short         ; -                   ; open           ; open             ; open   ; 0 in             ; 0 H/in                 ; 0 F/in                 ; short        ; open          ; open            ; open  ; 0 V                 ; -                  ; n/a           ; n/a             ; n/a         ;
; data_out[1]  ; 2.5 V        ; 0 in              ; 0 H/in                  ; 0 F/in                  ; short         ; -                   ; open           ; open             ; open   ; 0 in             ; 0 H/in                 ; 0 F/in                 ; short        ; open          ; open            ; open  ; 0 V                 ; -                  ; n/a           ; n/a             ; n/a         ;
; data_out[2]  ; 2.5 V        ; 0 in              ; 0 H/in                  ; 0 F/in                  ; short         ; -                   ; open           ; open             ; open   ; 0 in             ; 0 H/in                 ; 0 F/in                 ; short        ; open          ; open            ; open  ; 0 V                 ; -                  ; n/a           ; n/a             ; n/a         ;
; data_out[3]  ; 2.5 V        ; 0 in              ; 0 H/in                  ; 0 F/in                  ; short         ; -                   ; open           ; open             ; open   ; 0 in             ; 0 H/in                 ; 0 F/in                 ; short        ; open          ; open            ; open  ; 0 V                 ; -                  ; n/a           ; n/a             ; n/a         ;
; data_out[4]  ; 2.5 V        ; 0 in              ; 0 H/in                  ; 0 F/in                  ; short         ; -                   ; open           ; open             ; open   ; 0 in             ; 0 H/in                 ; 0 F/in                 ; short        ; open          ; open            ; open  ; 0 V                 ; -                  ; n/a           ; n/a             ; n/a         ;
; data_out[5]  ; 2.5 V        ; 0 in              ; 0 H/in                  ; 0 F/in                  ; short         ; -                   ; open           ; open             ; open   ; 0 in             ; 0 H/in                 ; 0 F/in                 ; short        ; open          ; open            ; open  ; 0 V                 ; -                  ; n/a           ; n/a             ; n/a         ;
; data_out[6]  ; 2.5 V        ; 0 in              ; 0 H/in                  ; 0 F/in                  ; short         ; -                   ; open           ; open             ; open   ; 0 in             ; 0 H/in                 ; 0 F/in                 ; short        ; open          ; open            ; open  ; 0 V                 ; -                  ; n/a           ; n/a             ; n/a         ;
; data_out[7]  ; 2.5 V        ; 0 in              ; 0 H/in                  ; 0 F/in                  ; short         ; -                   ; open           ; open             ; open   ; 0 in             ; 0 H/in                 ; 0 F/in                 ; short        ; open          ; open            ; open  ; 0 V                 ; -                  ; n/a           ; n/a             ; n/a         ;
; data_out[8]  ; 2.5 V        ; 0 in              ; 0 H/in                  ; 0 F/in                  ; short         ; -                   ; open           ; open             ; open   ; 0 in             ; 0 H/in                 ; 0 F/in                 ; short        ; open          ; open            ; open  ; 0 V                 ; -                  ; n/a           ; n/a             ; n/a         ;
; data_out[9]  ; 2.5 V        ; 0 in              ; 0 H/in                  ; 0 F/in                  ; short         ; -                   ; open           ; open             ; open   ; 0 in             ; 0 H/in                 ; 0 F/in                 ; short        ; open          ; open            ; open  ; 0 V                 ; -                  ; n/a           ; n/a             ; n/a         ;
; data_out[10] ; 2.5 V        ; 0 in              ; 0 H/in                  ; 0 F/in                  ; short         ; -                   ; open           ; open             ; open   ; 0 in             ; 0 H/in                 ; 0 F/in                 ; short        ; open          ; open            ; open  ; 0 V                 ; -                  ; n/a           ; n/a             ; n/a         ;
; data_out[11] ; 2.5 V        ; 0 in              ; 0 H/in                  ; 0 F/in                  ; short         ; -                   ; open           ; open             ; open   ; 0 in             ; 0 H/in                 ; 0 F/in                 ; short        ; open          ; open            ; open  ; 0 V                 ; -                  ; n/a           ; n/a             ; n/a         ;
; data_out[12] ; 2.5 V        ; 0 in              ; 0 H/in                  ; 0 F/in                  ; short         ; -                   ; open           ; open             ; open   ; 0 in             ; 0 H/in                 ; 0 F/in                 ; short        ; open          ; open            ; open  ; 0 V                 ; -                  ; n/a           ; n/a             ; n/a         ;
; data_out[13] ; 2.5 V        ; 0 in              ; 0 H/in                  ; 0 F/in                  ; short         ; -                   ; open           ; open             ; open   ; 0 in             ; 0 H/in                 ; 0 F/in                 ; short        ; open          ; open            ; open  ; 0 V                 ; -                  ; n/a           ; n/a             ; n/a         ;
; data_out[14] ; 2.5 V        ; 0 in              ; 0 H/in                  ; 0 F/in                  ; short         ; -                   ; open           ; open             ; open   ; 0 in             ; 0 H/in                 ; 0 F/in                 ; short        ; open          ; open            ; open  ; 0 V                 ; -                  ; n/a           ; n/a             ; n/a         ;
; data_out[15] ; 2.5 V        ; 0 in              ; 0 H/in                  ; 0 F/in                  ; short         ; -                   ; open           ; open             ; open   ; 0 in             ; 0 H/in                 ; 0 F/in                 ; short        ; open          ; open            ; open  ; 0 V                 ; -                  ; n/a           ; n/a             ; n/a         ;
; data_out[16] ; 2.5 V        ; 0 in              ; 0 H/in                  ; 0 F/in                  ; short         ; -                   ; open           ; open             ; open   ; 0 in             ; 0 H/in                 ; 0 F/in                 ; short        ; open          ; open            ; open  ; 0 V                 ; -                  ; n/a           ; n/a             ; n/a         ;
; data_out[17] ; 2.5 V        ; 0 in              ; 0 H/in                  ; 0 F/in                  ; short         ; -                   ; open           ; open             ; open   ; 0 in             ; 0 H/in                 ; 0 F/in                 ; short        ; open          ; open            ; open  ; 0 V                 ; -                  ; n/a           ; n/a             ; n/a         ;
; data_out[18] ; 2.5 V        ; 0 in              ; 0 H/in                  ; 0 F/in                  ; short         ; -                   ; open           ; open             ; open   ; 0 in             ; 0 H/in                 ; 0 F/in                 ; short        ; open          ; open            ; open  ; 0 V                 ; -                  ; n/a           ; n/a             ; n/a         ;
; data_out[19] ; 2.5 V        ; 0 in              ; 0 H/in                  ; 0 F/in                  ; short         ; -                   ; open           ; open             ; open   ; 0 in             ; 0 H/in                 ; 0 F/in                 ; short        ; open          ; open            ; open  ; 0 V                 ; -                  ; n/a           ; n/a             ; n/a         ;
; data_out[20] ; 2.5 V        ; 0 in              ; 0 H/in                  ; 0 F/in                  ; short         ; -                   ; open           ; open             ; open   ; 0 in             ; 0 H/in                 ; 0 F/in                 ; short        ; open          ; open            ; open  ; 0 V                 ; -                  ; n/a           ; n/a             ; n/a         ;
; data_out[21] ; 2.5 V        ; 0 in              ; 0 H/in                  ; 0 F/in                  ; short         ; -                   ; open           ; open             ; open   ; 0 in             ; 0 H/in                 ; 0 F/in                 ; short        ; open          ; open            ; open  ; 0 V                 ; -                  ; n/a           ; n/a             ; n/a         ;
; data_out[22] ; 2.5 V        ; 0 in              ; 0 H/in                  ; 0 F/in                  ; short         ; -                   ; open           ; open             ; open   ; 0 in             ; 0 H/in                 ; 0 F/in                 ; short        ; open          ; open            ; open  ; 0 V                 ; -                  ; n/a           ; n/a             ; n/a         ;
; data_out[23] ; 2.5 V        ; 0 in              ; 0 H/in                  ; 0 F/in                  ; short         ; -                   ; open           ; open             ; open   ; 0 in             ; 0 H/in                 ; 0 F/in                 ; short        ; open          ; open            ; open  ; 0 V                 ; -                  ; n/a           ; n/a             ; n/a         ;
; data_out[24] ; 2.5 V        ; 0 in              ; 0 H/in                  ; 0 F/in                  ; short         ; -                   ; open           ; open             ; open   ; 0 in             ; 0 H/in                 ; 0 F/in                 ; short        ; open          ; open            ; open  ; 0 V                 ; -                  ; n/a           ; n/a             ; n/a         ;
; data_out[25] ; 2.5 V        ; 0 in              ; 0 H/in                  ; 0 F/in                  ; short         ; -                   ; open           ; open             ; open   ; 0 in             ; 0 H/in                 ; 0 F/in                 ; short        ; open          ; open            ; open  ; 0 V                 ; -                  ; n/a           ; n/a             ; n/a         ;
; data_out[26] ; 2.5 V        ; 0 in              ; 0 H/in                  ; 0 F/in                  ; short         ; -                   ; open           ; open             ; open   ; 0 in             ; 0 H/in                 ; 0 F/in                 ; short        ; open          ; open            ; open  ; 0 V                 ; -                  ; n/a           ; n/a             ; n/a         ;
; data_out[27] ; 2.5 V        ; 0 in              ; 0 H/in                  ; 0 F/in                  ; short         ; -                   ; open           ; open             ; open   ; 0 in             ; 0 H/in                 ; 0 F/in                 ; short        ; open          ; open            ; open  ; 0 V                 ; -                  ; n/a           ; n/a             ; n/a         ;
; data_out[28] ; 2.5 V        ; 0 in              ; 0 H/in                  ; 0 F/in                  ; short         ; -                   ; open           ; open             ; open   ; 0 in             ; 0 H/in                 ; 0 F/in                 ; short        ; open          ; open            ; open  ; 0 V                 ; -                  ; n/a           ; n/a             ; n/a         ;
; data_out[29] ; 2.5 V        ; 0 in              ; 0 H/in                  ; 0 F/in                  ; short         ; -                   ; open           ; open             ; open   ; 0 in             ; 0 H/in                 ; 0 F/in                 ; short        ; open          ; open            ; open  ; 0 V                 ; -                  ; n/a           ; n/a             ; n/a         ;
; data_out[30] ; 2.5 V        ; 0 in              ; 0 H/in                  ; 0 F/in                  ; short         ; -                   ; open           ; open             ; open   ; 0 in             ; 0 H/in                 ; 0 F/in                 ; short        ; open          ; open            ; open  ; 0 V                 ; -                  ; n/a           ; n/a             ; n/a         ;
; data_out[31] ; 2.5 V        ; 0 in              ; 0 H/in                  ; 0 F/in                  ; short         ; -                   ; open           ; open             ; open   ; 0 in             ; 0 H/in                 ; 0 F/in                 ; short        ; open          ; open            ; open  ; 0 V                 ; -                  ; n/a           ; n/a             ; n/a         ;
+--------------+--------------+-------------------+-------------------------+-------------------------+---------------+---------------------+----------------+------------------+--------+------------------+------------------------+------------------------+--------------+---------------+-----------------+-------+---------------------+--------------------+---------------+-----------------+-------------+


+----------------------------------------------------------------+
; Input Transition Times                                         ;
+-------------+--------------+-----------------+-----------------+
; Pin         ; I/O Standard ; 10-90 Rise Time ; 90-10 Fall Time ;
+-------------+--------------+-----------------+-----------------+
; src_clk     ; 2.5 V        ; 2000 ps         ; 2000 ps         ;
; src_reset   ; 2.5 V        ; 2000 ps         ; 2000 ps         ;
; dest_clk    ; 2.5 V        ; 2000 ps         ; 2000 ps         ;
; dest_reset  ; 2.5 V        ; 2000 ps         ; 2000 ps         ;
; start       ; 2.5 V        ; 2000 ps         ; 2000 ps         ;
; data_in[0]  ; 2.5 V        ; 2000 ps         ; 2000 ps         ;
; data_in[1]  ; 2.5 V        ; 2000 ps         ; 2000 ps         ;
; data_in[2]  ; 2.5 V        ; 2000 ps         ; 2000 ps         ;
; data_in[3]  ; 2.5 V        ; 2000 ps         ; 2000 ps         ;
; data_in[4]  ; 2.5 V        ; 2000 ps         ; 2000 ps         ;
; data_in[5]  ; 2.5 V        ; 2000 ps         ; 2000 ps         ;
; data_in[6]  ; 2.5 V        ; 2000 ps         ; 2000 ps         ;
; data_in[7]  ; 2.5 V        ; 2000 ps         ; 2000 ps         ;
; data_in[8]  ; 2.5 V        ; 2000 ps         ; 2000 ps         ;
; data_in[9]  ; 2.5 V        ; 2000 ps         ; 2000 ps         ;
; data_in[10] ; 2.5 V        ; 2000 ps         ; 2000 ps         ;
; data_in[11] ; 2.5 V        ; 2000 ps         ; 2000 ps         ;
; data_in[12] ; 2.5 V        ; 2000 ps         ; 2000 ps         ;
; data_in[13] ; 2.5 V        ; 2000 ps         ; 2000 ps         ;
; data_in[14] ; 2.5 V        ; 2000 ps         ; 2000 ps         ;
; data_in[15] ; 2.5 V        ; 2000 ps         ; 2000 ps         ;
; data_in[16] ; 2.5 V        ; 2000 ps         ; 2000 ps         ;
; data_in[17] ; 2.5 V        ; 2000 ps         ; 2000 ps         ;
; data_in[18] ; 2.5 V        ; 2000 ps         ; 2000 ps         ;
; data_in[19] ; 2.5 V        ; 2000 ps         ; 2000 ps         ;
; data_in[20] ; 2.5 V        ; 2000 ps         ; 2000 ps         ;
; data_in[21] ; 2.5 V        ; 2000 ps         ; 2000 ps         ;
; data_in[22] ; 2.5 V        ; 2000 ps         ; 2000 ps         ;
; data_in[23] ; 2.5 V        ; 2000 ps         ; 2000 ps         ;
; data_in[24] ; 2.5 V        ; 2000 ps         ; 2000 ps         ;
; data_in[25] ; 2.5 V        ; 2000 ps         ; 2000 ps         ;
; data_in[26] ; 2.5 V        ; 2000 ps         ; 2000 ps         ;
; data_in[27] ; 2.5 V        ; 2000 ps         ; 2000 ps         ;
; data_in[28] ; 2.5 V        ; 2000 ps         ; 2000 ps         ;
; data_in[29] ; 2.5 V        ; 2000 ps         ; 2000 ps         ;
; data_in[30] ; 2.5 V        ; 2000 ps         ; 2000 ps         ;
; data_in[31] ; 2.5 V        ; 2000 ps         ; 2000 ps         ;
+-------------+--------------+-----------------+-----------------+


+-------------------------------------------------------------------------------------------------------------------------------------------------------------------------------------------------------------------------------------------------------------------------------------------------------------------------------------------------------------------------------------------------------------------------------------------------------------------------------------------------------------------------------------------------------------------------------------------------------------------------------------------------------------------------------------------+
; Signal Integrity Metrics (Slow 1100mv 0c Model)                                                                                                                                                                                                                                                                                                                                                                                                                                                                                                                                                                                                                                           ;
+--------------+--------------+---------------------+---------------------+------------------------------+------------------------------+---------------------+---------------------+--------------------------------------+--------------------------------------+-----------------------------+-----------------------------+----------------------------+----------------------------+-----------------------------+-----------------------------+--------------------+--------------------+-------------------------------------+-------------------------------------+----------------------------+----------------------------+---------------------------+---------------------------+
; Pin          ; I/O Standard ; Board Delay on Rise ; Board Delay on Fall ; Steady State Voh at FPGA Pin ; Steady State Vol at FPGA Pin ; Voh Max at FPGA Pin ; Vol Min at FPGA Pin ; Ringback Voltage on Rise at FPGA Pin ; Ringback Voltage on Fall at FPGA Pin ; 10-90 Rise Time at FPGA Pin ; 90-10 Fall Time at FPGA Pin ; Monotonic Rise at FPGA Pin ; Monotonic Fall at FPGA Pin ; Steady State Voh at Far-end ; Steady State Vol at Far-end ; Voh Max at Far-end ; Vol Min at Far-end ; Ringback Voltage on Rise at Far-end ; Ringback Voltage on Fall at Far-end ; 10-90 Rise Time at Far-end ; 90-10 Fall Time at Far-end ; Monotonic Rise at Far-end ; Monotonic Fall at Far-end ;
+--------------+--------------+---------------------+---------------------+------------------------------+------------------------------+---------------------+---------------------+--------------------------------------+--------------------------------------+-----------------------------+-----------------------------+----------------------------+----------------------------+-----------------------------+-----------------------------+--------------------+--------------------+-------------------------------------+-------------------------------------+----------------------------+----------------------------+---------------------------+---------------------------+
; ready        ; 2.5 V        ; 0 s                 ; 0 s                 ; 2.32 V                       ; 6.86e-08 V                   ; 2.4 V               ; -0.0326 V           ; 0.227 V                              ; 0.16 V                               ; 4.73e-10 s                  ; 4.78e-10 s                  ; No                         ; Yes                        ; 2.32 V                      ; 6.86e-08 V                  ; 2.4 V              ; -0.0326 V          ; 0.227 V                             ; 0.16 V                              ; 4.73e-10 s                 ; 4.78e-10 s                 ; No                        ; Yes                       ;
; data_out[0]  ; 2.5 V        ; 0 s                 ; 0 s                 ; 2.32 V                       ; 5.91e-08 V                   ; 2.35 V              ; -0.0136 V           ; 0.17 V                               ; 0.118 V                              ; 4.69e-10 s                  ; 4.63e-10 s                  ; Yes                        ; Yes                        ; 2.32 V                      ; 5.91e-08 V                  ; 2.35 V             ; -0.0136 V          ; 0.17 V                              ; 0.118 V                             ; 4.69e-10 s                 ; 4.63e-10 s                 ; Yes                       ; Yes                       ;
; data_out[1]  ; 2.5 V        ; 0 s                 ; 0 s                 ; 2.32 V                       ; 5.91e-08 V                   ; 2.35 V              ; -0.0136 V           ; 0.17 V                               ; 0.118 V                              ; 4.69e-10 s                  ; 4.63e-10 s                  ; Yes                        ; Yes                        ; 2.32 V                      ; 5.91e-08 V                  ; 2.35 V             ; -0.0136 V          ; 0.17 V                              ; 0.118 V                             ; 4.69e-10 s                 ; 4.63e-10 s                 ; Yes                       ; Yes                       ;
; data_out[2]  ; 2.5 V        ; 0 s                 ; 0 s                 ; 2.32 V                       ; 6.72e-08 V                   ; 2.4 V               ; -0.041 V            ; 0.19 V                               ; 0.126 V                              ; 4.59e-10 s                  ; 4.54e-10 s                  ; No                         ; Yes                        ; 2.32 V                      ; 6.72e-08 V                  ; 2.4 V              ; -0.041 V           ; 0.19 V                              ; 0.126 V                             ; 4.59e-10 s                 ; 4.54e-10 s                 ; No                        ; Yes                       ;
; data_out[3]  ; 2.5 V        ; 0 s                 ; 0 s                 ; 2.32 V                       ; 6.72e-08 V                   ; 2.4 V               ; -0.0409 V           ; 0.192 V                              ; 0.125 V                              ; 4.59e-10 s                  ; 4.54e-10 s                  ; No                         ; Yes                        ; 2.32 V                      ; 6.72e-08 V                  ; 2.4 V              ; -0.0409 V          ; 0.192 V                             ; 0.125 V                             ; 4.59e-10 s                 ; 4.54e-10 s                 ; No                        ; Yes                       ;
; data_out[4]  ; 2.5 V        ; 0 s                 ; 0 s                 ; 2.32 V                       ; 6.72e-08 V                   ; 2.4 V               ; -0.041 V            ; 0.19 V                               ; 0.126 V                              ; 4.59e-10 s                  ; 4.54e-10 s                  ; No                         ; Yes                        ; 2.32 V                      ; 6.72e-08 V                  ; 2.4 V              ; -0.041 V           ; 0.19 V                              ; 0.126 V                             ; 4.59e-10 s                 ; 4.54e-10 s                 ; No                        ; Yes                       ;
; data_out[5]  ; 2.5 V        ; 0 s                 ; 0 s                 ; 2.32 V                       ; 6.72e-08 V                   ; 2.4 V               ; -0.041 V            ; 0.19 V                               ; 0.126 V                              ; 4.59e-10 s                  ; 4.54e-10 s                  ; No                         ; Yes                        ; 2.32 V                      ; 6.72e-08 V                  ; 2.4 V              ; -0.041 V           ; 0.19 V                              ; 0.126 V                             ; 4.59e-10 s                 ; 4.54e-10 s                 ; No                        ; Yes                       ;
; data_out[6]  ; 2.5 V        ; 0 s                 ; 0 s                 ; 2.32 V                       ; 5.91e-08 V                   ; 2.35 V              ; -0.0136 V           ; 0.17 V                               ; 0.118 V                              ; 4.69e-10 s                  ; 4.63e-10 s                  ; Yes                        ; Yes                        ; 2.32 V                      ; 5.91e-08 V                  ; 2.35 V             ; -0.0136 V          ; 0.17 V                              ; 0.118 V                             ; 4.69e-10 s                 ; 4.63e-10 s                 ; Yes                       ; Yes                       ;
; data_out[7]  ; 2.5 V        ; 0 s                 ; 0 s                 ; 2.32 V                       ; 5.91e-08 V                   ; 2.35 V              ; -0.0136 V           ; 0.17 V                               ; 0.118 V                              ; 4.69e-10 s                  ; 4.63e-10 s                  ; Yes                        ; Yes                        ; 2.32 V                      ; 5.91e-08 V                  ; 2.35 V             ; -0.0136 V          ; 0.17 V                              ; 0.118 V                             ; 4.69e-10 s                 ; 4.63e-10 s                 ; Yes                       ; Yes                       ;
; data_out[8]  ; 2.5 V        ; 0 s                 ; 0 s                 ; 2.32 V                       ; 6.72e-08 V                   ; 2.4 V               ; -0.041 V            ; 0.19 V                               ; 0.126 V                              ; 4.59e-10 s                  ; 4.54e-10 s                  ; No                         ; Yes                        ; 2.32 V                      ; 6.72e-08 V                  ; 2.4 V              ; -0.041 V           ; 0.19 V                              ; 0.126 V                             ; 4.59e-10 s                 ; 4.54e-10 s                 ; No                        ; Yes                       ;
; data_out[9]  ; 2.5 V        ; 0 s                 ; 0 s                 ; 2.32 V                       ; 5.91e-08 V                   ; 2.35 V              ; -0.0136 V           ; 0.17 V                               ; 0.118 V                              ; 4.69e-10 s                  ; 4.63e-10 s                  ; Yes                        ; Yes                        ; 2.32 V                      ; 5.91e-08 V                  ; 2.35 V             ; -0.0136 V          ; 0.17 V                              ; 0.118 V                             ; 4.69e-10 s                 ; 4.63e-10 s                 ; Yes                       ; Yes                       ;
; data_out[10] ; 2.5 V        ; 0 s                 ; 0 s                 ; 2.32 V                       ; 6.72e-08 V                   ; 2.4 V               ; -0.0409 V           ; 0.192 V                              ; 0.125 V                              ; 4.59e-10 s                  ; 4.54e-10 s                  ; No                         ; Yes                        ; 2.32 V                      ; 6.72e-08 V                  ; 2.4 V              ; -0.0409 V          ; 0.192 V                             ; 0.125 V                             ; 4.59e-10 s                 ; 4.54e-10 s                 ; No                        ; Yes                       ;
; data_out[11] ; 2.5 V        ; 0 s                 ; 0 s                 ; 2.32 V                       ; 6.72e-08 V                   ; 2.4 V               ; -0.0409 V           ; 0.192 V                              ; 0.125 V                              ; 4.59e-10 s                  ; 4.54e-10 s                  ; No                         ; Yes                        ; 2.32 V                      ; 6.72e-08 V                  ; 2.4 V              ; -0.0409 V          ; 0.192 V                             ; 0.125 V                             ; 4.59e-10 s                 ; 4.54e-10 s                 ; No                        ; Yes                       ;
; data_out[12] ; 2.5 V        ; 0 s                 ; 0 s                 ; 2.32 V                       ; 6.86e-08 V                   ; 2.4 V               ; -0.0326 V           ; 0.227 V                              ; 0.16 V                               ; 4.73e-10 s                  ; 4.78e-10 s                  ; No                         ; Yes                        ; 2.32 V                      ; 6.86e-08 V                  ; 2.4 V              ; -0.0326 V          ; 0.227 V                             ; 0.16 V                              ; 4.73e-10 s                 ; 4.78e-10 s                 ; No                        ; Yes                       ;
; data_out[13] ; 2.5 V        ; 0 s                 ; 0 s                 ; 2.32 V                       ; 6.86e-08 V                   ; 2.4 V               ; -0.0326 V           ; 0.227 V                              ; 0.16 V                               ; 4.73e-10 s                  ; 4.78e-10 s                  ; No                         ; Yes                        ; 2.32 V                      ; 6.86e-08 V                  ; 2.4 V              ; -0.0326 V          ; 0.227 V                             ; 0.16 V                              ; 4.73e-10 s                 ; 4.78e-10 s                 ; No                        ; Yes                       ;
; data_out[14] ; 2.5 V        ; 0 s                 ; 0 s                 ; 2.32 V                       ; 5.91e-08 V                   ; 2.35 V              ; -0.0136 V           ; 0.17 V                               ; 0.118 V                              ; 4.69e-10 s                  ; 4.63e-10 s                  ; Yes                        ; Yes                        ; 2.32 V                      ; 5.91e-08 V                  ; 2.35 V             ; -0.0136 V          ; 0.17 V                              ; 0.118 V                             ; 4.69e-10 s                 ; 4.63e-10 s                 ; Yes                       ; Yes                       ;
; data_out[15] ; 2.5 V        ; 0 s                 ; 0 s                 ; 2.32 V                       ; 6.72e-08 V                   ; 2.4 V               ; -0.0409 V           ; 0.192 V                              ; 0.125 V                              ; 4.59e-10 s                  ; 4.54e-10 s                  ; No                         ; Yes                        ; 2.32 V                      ; 6.72e-08 V                  ; 2.4 V              ; -0.0409 V          ; 0.192 V                             ; 0.125 V                             ; 4.59e-10 s                 ; 4.54e-10 s                 ; No                        ; Yes                       ;
; data_out[16] ; 2.5 V        ; 0 s                 ; 0 s                 ; 2.32 V                       ; 6.86e-08 V                   ; 2.4 V               ; -0.0326 V           ; 0.227 V                              ; 0.16 V                               ; 4.73e-10 s                  ; 4.78e-10 s                  ; No                         ; Yes                        ; 2.32 V                      ; 6.86e-08 V                  ; 2.4 V              ; -0.0326 V          ; 0.227 V                             ; 0.16 V                              ; 4.73e-10 s                 ; 4.78e-10 s                 ; No                        ; Yes                       ;
; data_out[17] ; 2.5 V        ; 0 s                 ; 0 s                 ; 2.32 V                       ; 6.72e-08 V                   ; 2.4 V               ; -0.0409 V           ; 0.192 V                              ; 0.125 V                              ; 4.59e-10 s                  ; 4.54e-10 s                  ; No                         ; Yes                        ; 2.32 V                      ; 6.72e-08 V                  ; 2.4 V              ; -0.0409 V          ; 0.192 V                             ; 0.125 V                             ; 4.59e-10 s                 ; 4.54e-10 s                 ; No                        ; Yes                       ;
; data_out[18] ; 2.5 V        ; 0 s                 ; 0 s                 ; 2.32 V                       ; 6.72e-08 V                   ; 2.4 V               ; -0.0409 V           ; 0.192 V                              ; 0.125 V                              ; 4.59e-10 s                  ; 4.54e-10 s                  ; No                         ; Yes                        ; 2.32 V                      ; 6.72e-08 V                  ; 2.4 V              ; -0.0409 V          ; 0.192 V                             ; 0.125 V                             ; 4.59e-10 s                 ; 4.54e-10 s                 ; No                        ; Yes                       ;
; data_out[19] ; 2.5 V        ; 0 s                 ; 0 s                 ; 2.32 V                       ; 6.72e-08 V                   ; 2.4 V               ; -0.0409 V           ; 0.192 V                              ; 0.125 V                              ; 4.59e-10 s                  ; 4.54e-10 s                  ; No                         ; Yes                        ; 2.32 V                      ; 6.72e-08 V                  ; 2.4 V              ; -0.0409 V          ; 0.192 V                             ; 0.125 V                             ; 4.59e-10 s                 ; 4.54e-10 s                 ; No                        ; Yes                       ;
; data_out[20] ; 2.5 V        ; 0 s                 ; 0 s                 ; 2.32 V                       ; 6.72e-08 V                   ; 2.4 V               ; -0.041 V            ; 0.19 V                               ; 0.126 V                              ; 4.59e-10 s                  ; 4.54e-10 s                  ; No                         ; Yes                        ; 2.32 V                      ; 6.72e-08 V                  ; 2.4 V              ; -0.041 V           ; 0.19 V                              ; 0.126 V                             ; 4.59e-10 s                 ; 4.54e-10 s                 ; No                        ; Yes                       ;
; data_out[21] ; 2.5 V        ; 0 s                 ; 0 s                 ; 2.32 V                       ; 5.91e-08 V                   ; 2.35 V              ; -0.0136 V           ; 0.17 V                               ; 0.118 V                              ; 4.69e-10 s                  ; 4.63e-10 s                  ; Yes                        ; Yes                        ; 2.32 V                      ; 5.91e-08 V                  ; 2.35 V             ; -0.0136 V          ; 0.17 V                              ; 0.118 V                             ; 4.69e-10 s                 ; 4.63e-10 s                 ; Yes                       ; Yes                       ;
; data_out[22] ; 2.5 V        ; 0 s                 ; 0 s                 ; 2.32 V                       ; 6.86e-08 V                   ; 2.4 V               ; -0.0326 V           ; 0.227 V                              ; 0.16 V                               ; 4.73e-10 s                  ; 4.78e-10 s                  ; No                         ; Yes                        ; 2.32 V                      ; 6.86e-08 V                  ; 2.4 V              ; -0.0326 V          ; 0.227 V                             ; 0.16 V                              ; 4.73e-10 s                 ; 4.78e-10 s                 ; No                        ; Yes                       ;
; data_out[23] ; 2.5 V        ; 0 s                 ; 0 s                 ; 2.32 V                       ; 6.72e-08 V                   ; 2.4 V               ; -0.041 V            ; 0.19 V                               ; 0.126 V                              ; 4.59e-10 s                  ; 4.54e-10 s                  ; No                         ; Yes                        ; 2.32 V                      ; 6.72e-08 V                  ; 2.4 V              ; -0.041 V           ; 0.19 V                              ; 0.126 V                             ; 4.59e-10 s                 ; 4.54e-10 s                 ; No                        ; Yes                       ;
; data_out[24] ; 2.5 V        ; 0 s                 ; 0 s                 ; 2.32 V                       ; 6.72e-08 V                   ; 2.4 V               ; -0.0409 V           ; 0.192 V                              ; 0.125 V                              ; 4.59e-10 s                  ; 4.54e-10 s                  ; No                         ; Yes                        ; 2.32 V                      ; 6.72e-08 V                  ; 2.4 V              ; -0.0409 V          ; 0.192 V                             ; 0.125 V                             ; 4.59e-10 s                 ; 4.54e-10 s                 ; No                        ; Yes                       ;
; data_out[25] ; 2.5 V        ; 0 s                 ; 0 s                 ; 2.32 V                       ; 6.86e-08 V                   ; 2.4 V               ; -0.0326 V           ; 0.227 V                              ; 0.16 V                               ; 4.73e-10 s                  ; 4.78e-10 s                  ; No                         ; Yes                        ; 2.32 V                      ; 6.86e-08 V                  ; 2.4 V              ; -0.0326 V          ; 0.227 V                             ; 0.16 V                              ; 4.73e-10 s                 ; 4.78e-10 s                 ; No                        ; Yes                       ;
; data_out[26] ; 2.5 V        ; 0 s                 ; 0 s                 ; 2.32 V                       ; 6.72e-08 V                   ; 2.4 V               ; -0.041 V            ; 0.19 V                               ; 0.126 V                              ; 4.59e-10 s                  ; 4.54e-10 s                  ; No                         ; Yes                        ; 2.32 V                      ; 6.72e-08 V                  ; 2.4 V              ; -0.041 V           ; 0.19 V                              ; 0.126 V                             ; 4.59e-10 s                 ; 4.54e-10 s                 ; No                        ; Yes                       ;
; data_out[27] ; 2.5 V        ; 0 s                 ; 0 s                 ; 2.32 V                       ; 6.72e-08 V                   ; 2.4 V               ; -0.041 V            ; 0.19 V                               ; 0.126 V                              ; 4.59e-10 s                  ; 4.54e-10 s                  ; No                         ; Yes                        ; 2.32 V                      ; 6.72e-08 V                  ; 2.4 V              ; -0.041 V           ; 0.19 V                              ; 0.126 V                             ; 4.59e-10 s                 ; 4.54e-10 s                 ; No                        ; Yes                       ;
; data_out[28] ; 2.5 V        ; 0 s                 ; 0 s                 ; 2.32 V                       ; 5.91e-08 V                   ; 2.35 V              ; -0.0136 V           ; 0.17 V                               ; 0.118 V                              ; 4.69e-10 s                  ; 4.63e-10 s                  ; Yes                        ; Yes                        ; 2.32 V                      ; 5.91e-08 V                  ; 2.35 V             ; -0.0136 V          ; 0.17 V                              ; 0.118 V                             ; 4.69e-10 s                 ; 4.63e-10 s                 ; Yes                       ; Yes                       ;
; data_out[29] ; 2.5 V        ; 0 s                 ; 0 s                 ; 2.32 V                       ; 6.72e-08 V                   ; 2.4 V               ; -0.041 V            ; 0.19 V                               ; 0.126 V                              ; 4.59e-10 s                  ; 4.54e-10 s                  ; No                         ; Yes                        ; 2.32 V                      ; 6.72e-08 V                  ; 2.4 V              ; -0.041 V           ; 0.19 V                              ; 0.126 V                             ; 4.59e-10 s                 ; 4.54e-10 s                 ; No                        ; Yes                       ;
; data_out[30] ; 2.5 V        ; 0 s                 ; 0 s                 ; 2.32 V                       ; 6.72e-08 V                   ; 2.4 V               ; -0.0409 V           ; 0.192 V                              ; 0.125 V                              ; 4.59e-10 s                  ; 4.54e-10 s                  ; No                         ; Yes                        ; 2.32 V                      ; 6.72e-08 V                  ; 2.4 V              ; -0.0409 V          ; 0.192 V                             ; 0.125 V                             ; 4.59e-10 s                 ; 4.54e-10 s                 ; No                        ; Yes                       ;
; data_out[31] ; 2.5 V        ; 0 s                 ; 0 s                 ; 2.32 V                       ; 6.86e-08 V                   ; 2.4 V               ; -0.0326 V           ; 0.227 V                              ; 0.16 V                               ; 4.73e-10 s                  ; 4.78e-10 s                  ; No                         ; Yes                        ; 2.32 V                      ; 6.86e-08 V                  ; 2.4 V              ; -0.0326 V          ; 0.227 V                             ; 0.16 V                              ; 4.73e-10 s                 ; 4.78e-10 s                 ; No                        ; Yes                       ;
+--------------+--------------+---------------------+---------------------+------------------------------+------------------------------+---------------------+---------------------+--------------------------------------+--------------------------------------+-----------------------------+-----------------------------+----------------------------+----------------------------+-----------------------------+-----------------------------+--------------------+--------------------+-------------------------------------+-------------------------------------+----------------------------+----------------------------+---------------------------+---------------------------+


+-------------------------------------------------------------------------------------------------------------------------------------------------------------------------------------------------------------------------------------------------------------------------------------------------------------------------------------------------------------------------------------------------------------------------------------------------------------------------------------------------------------------------------------------------------------------------------------------------------------------------------------------------------------------------------------------+
; Signal Integrity Metrics (Slow 1100mv 85c Model)                                                                                                                                                                                                                                                                                                                                                                                                                                                                                                                                                                                                                                          ;
+--------------+--------------+---------------------+---------------------+------------------------------+------------------------------+---------------------+---------------------+--------------------------------------+--------------------------------------+-----------------------------+-----------------------------+----------------------------+----------------------------+-----------------------------+-----------------------------+--------------------+--------------------+-------------------------------------+-------------------------------------+----------------------------+----------------------------+---------------------------+---------------------------+
; Pin          ; I/O Standard ; Board Delay on Rise ; Board Delay on Fall ; Steady State Voh at FPGA Pin ; Steady State Vol at FPGA Pin ; Voh Max at FPGA Pin ; Vol Min at FPGA Pin ; Ringback Voltage on Rise at FPGA Pin ; Ringback Voltage on Fall at FPGA Pin ; 10-90 Rise Time at FPGA Pin ; 90-10 Fall Time at FPGA Pin ; Monotonic Rise at FPGA Pin ; Monotonic Fall at FPGA Pin ; Steady State Voh at Far-end ; Steady State Vol at Far-end ; Voh Max at Far-end ; Vol Min at Far-end ; Ringback Voltage on Rise at Far-end ; Ringback Voltage on Fall at Far-end ; 10-90 Rise Time at Far-end ; 90-10 Fall Time at Far-end ; Monotonic Rise at Far-end ; Monotonic Fall at Far-end ;
+--------------+--------------+---------------------+---------------------+------------------------------+------------------------------+---------------------+---------------------+--------------------------------------+--------------------------------------+-----------------------------+-----------------------------+----------------------------+----------------------------+-----------------------------+-----------------------------+--------------------+--------------------+-------------------------------------+-------------------------------------+----------------------------+----------------------------+---------------------------+---------------------------+
; ready        ; 2.5 V        ; 0 s                 ; 0 s                 ; 2.32 V                       ; 1.05e-05 V                   ; 2.37 V              ; -0.0225 V           ; 0.277 V                              ; 0.104 V                              ; 5.22e-10 s                  ; 6.28e-10 s                  ; No                         ; Yes                        ; 2.32 V                      ; 1.05e-05 V                  ; 2.37 V             ; -0.0225 V          ; 0.277 V                             ; 0.104 V                             ; 5.22e-10 s                 ; 6.28e-10 s                 ; No                        ; Yes                       ;
; data_out[0]  ; 2.5 V        ; 0 s                 ; 0 s                 ; 2.32 V                       ; 9.38e-06 V                   ; 2.34 V              ; -0.00733 V          ; 0.234 V                              ; 0.071 V                              ; 5.36e-10 s                  ; 5.75e-10 s                  ; No                         ; Yes                        ; 2.32 V                      ; 9.38e-06 V                  ; 2.34 V             ; -0.00733 V         ; 0.234 V                             ; 0.071 V                             ; 5.36e-10 s                 ; 5.75e-10 s                 ; No                        ; Yes                       ;
; data_out[1]  ; 2.5 V        ; 0 s                 ; 0 s                 ; 2.32 V                       ; 9.38e-06 V                   ; 2.34 V              ; -0.00733 V          ; 0.234 V                              ; 0.071 V                              ; 5.36e-10 s                  ; 5.75e-10 s                  ; No                         ; Yes                        ; 2.32 V                      ; 9.38e-06 V                  ; 2.34 V             ; -0.00733 V         ; 0.234 V                             ; 0.071 V                             ; 5.36e-10 s                 ; 5.75e-10 s                 ; No                        ; Yes                       ;
; data_out[2]  ; 2.5 V        ; 0 s                 ; 0 s                 ; 2.32 V                       ; 1.04e-05 V                   ; 2.38 V              ; -0.0273 V           ; 0.226 V                              ; 0.08 V                               ; 4.84e-10 s                  ; 5.19e-10 s                  ; No                         ; Yes                        ; 2.32 V                      ; 1.04e-05 V                  ; 2.38 V             ; -0.0273 V          ; 0.226 V                             ; 0.08 V                              ; 4.84e-10 s                 ; 5.19e-10 s                 ; No                        ; Yes                       ;
; data_out[3]  ; 2.5 V        ; 0 s                 ; 0 s                 ; 2.32 V                       ; 1.04e-05 V                   ; 2.38 V              ; -0.027 V            ; 0.226 V                              ; 0.08 V                               ; 4.84e-10 s                  ; 5.18e-10 s                  ; No                         ; Yes                        ; 2.32 V                      ; 1.04e-05 V                  ; 2.38 V             ; -0.027 V           ; 0.226 V                             ; 0.08 V                              ; 4.84e-10 s                 ; 5.18e-10 s                 ; No                        ; Yes                       ;
; data_out[4]  ; 2.5 V        ; 0 s                 ; 0 s                 ; 2.32 V                       ; 1.04e-05 V                   ; 2.38 V              ; -0.0273 V           ; 0.226 V                              ; 0.08 V                               ; 4.84e-10 s                  ; 5.19e-10 s                  ; No                         ; Yes                        ; 2.32 V                      ; 1.04e-05 V                  ; 2.38 V             ; -0.0273 V          ; 0.226 V                             ; 0.08 V                              ; 4.84e-10 s                 ; 5.19e-10 s                 ; No                        ; Yes                       ;
; data_out[5]  ; 2.5 V        ; 0 s                 ; 0 s                 ; 2.32 V                       ; 1.04e-05 V                   ; 2.38 V              ; -0.0273 V           ; 0.226 V                              ; 0.08 V                               ; 4.84e-10 s                  ; 5.19e-10 s                  ; No                         ; Yes                        ; 2.32 V                      ; 1.04e-05 V                  ; 2.38 V             ; -0.0273 V          ; 0.226 V                             ; 0.08 V                              ; 4.84e-10 s                 ; 5.19e-10 s                 ; No                        ; Yes                       ;
; data_out[6]  ; 2.5 V        ; 0 s                 ; 0 s                 ; 2.32 V                       ; 9.38e-06 V                   ; 2.34 V              ; -0.00733 V          ; 0.234 V                              ; 0.071 V                              ; 5.36e-10 s                  ; 5.75e-10 s                  ; No                         ; Yes                        ; 2.32 V                      ; 9.38e-06 V                  ; 2.34 V             ; -0.00733 V         ; 0.234 V                             ; 0.071 V                             ; 5.36e-10 s                 ; 5.75e-10 s                 ; No                        ; Yes                       ;
; data_out[7]  ; 2.5 V        ; 0 s                 ; 0 s                 ; 2.32 V                       ; 9.38e-06 V                   ; 2.34 V              ; -0.00733 V          ; 0.234 V                              ; 0.071 V                              ; 5.36e-10 s                  ; 5.75e-10 s                  ; No                         ; Yes                        ; 2.32 V                      ; 9.38e-06 V                  ; 2.34 V             ; -0.00733 V         ; 0.234 V                             ; 0.071 V                             ; 5.36e-10 s                 ; 5.75e-10 s                 ; No                        ; Yes                       ;
; data_out[8]  ; 2.5 V        ; 0 s                 ; 0 s                 ; 2.32 V                       ; 1.04e-05 V                   ; 2.38 V              ; -0.0273 V           ; 0.226 V                              ; 0.08 V                               ; 4.84e-10 s                  ; 5.19e-10 s                  ; No                         ; Yes                        ; 2.32 V                      ; 1.04e-05 V                  ; 2.38 V             ; -0.0273 V          ; 0.226 V                             ; 0.08 V                              ; 4.84e-10 s                 ; 5.19e-10 s                 ; No                        ; Yes                       ;
; data_out[9]  ; 2.5 V        ; 0 s                 ; 0 s                 ; 2.32 V                       ; 9.38e-06 V                   ; 2.34 V              ; -0.00733 V          ; 0.234 V                              ; 0.071 V                              ; 5.36e-10 s                  ; 5.75e-10 s                  ; No                         ; Yes                        ; 2.32 V                      ; 9.38e-06 V                  ; 2.34 V             ; -0.00733 V         ; 0.234 V                             ; 0.071 V                             ; 5.36e-10 s                 ; 5.75e-10 s                 ; No                        ; Yes                       ;
; data_out[10] ; 2.5 V        ; 0 s                 ; 0 s                 ; 2.32 V                       ; 1.04e-05 V                   ; 2.38 V              ; -0.027 V            ; 0.226 V                              ; 0.08 V                               ; 4.84e-10 s                  ; 5.18e-10 s                  ; No                         ; Yes                        ; 2.32 V                      ; 1.04e-05 V                  ; 2.38 V             ; -0.027 V           ; 0.226 V                             ; 0.08 V                              ; 4.84e-10 s                 ; 5.18e-10 s                 ; No                        ; Yes                       ;
; data_out[11] ; 2.5 V        ; 0 s                 ; 0 s                 ; 2.32 V                       ; 1.04e-05 V                   ; 2.38 V              ; -0.027 V            ; 0.226 V                              ; 0.08 V                               ; 4.84e-10 s                  ; 5.18e-10 s                  ; No                         ; Yes                        ; 2.32 V                      ; 1.04e-05 V                  ; 2.38 V             ; -0.027 V           ; 0.226 V                             ; 0.08 V                              ; 4.84e-10 s                 ; 5.18e-10 s                 ; No                        ; Yes                       ;
; data_out[12] ; 2.5 V        ; 0 s                 ; 0 s                 ; 2.32 V                       ; 1.05e-05 V                   ; 2.37 V              ; -0.0225 V           ; 0.277 V                              ; 0.104 V                              ; 5.22e-10 s                  ; 6.28e-10 s                  ; No                         ; Yes                        ; 2.32 V                      ; 1.05e-05 V                  ; 2.37 V             ; -0.0225 V          ; 0.277 V                             ; 0.104 V                             ; 5.22e-10 s                 ; 6.28e-10 s                 ; No                        ; Yes                       ;
; data_out[13] ; 2.5 V        ; 0 s                 ; 0 s                 ; 2.32 V                       ; 1.05e-05 V                   ; 2.37 V              ; -0.0225 V           ; 0.277 V                              ; 0.104 V                              ; 5.22e-10 s                  ; 6.28e-10 s                  ; No                         ; Yes                        ; 2.32 V                      ; 1.05e-05 V                  ; 2.37 V             ; -0.0225 V          ; 0.277 V                             ; 0.104 V                             ; 5.22e-10 s                 ; 6.28e-10 s                 ; No                        ; Yes                       ;
; data_out[14] ; 2.5 V        ; 0 s                 ; 0 s                 ; 2.32 V                       ; 9.38e-06 V                   ; 2.34 V              ; -0.00733 V          ; 0.234 V                              ; 0.071 V                              ; 5.36e-10 s                  ; 5.75e-10 s                  ; No                         ; Yes                        ; 2.32 V                      ; 9.38e-06 V                  ; 2.34 V             ; -0.00733 V         ; 0.234 V                             ; 0.071 V                             ; 5.36e-10 s                 ; 5.75e-10 s                 ; No                        ; Yes                       ;
; data_out[15] ; 2.5 V        ; 0 s                 ; 0 s                 ; 2.32 V                       ; 1.04e-05 V                   ; 2.38 V              ; -0.027 V            ; 0.226 V                              ; 0.08 V                               ; 4.84e-10 s                  ; 5.18e-10 s                  ; No                         ; Yes                        ; 2.32 V                      ; 1.04e-05 V                  ; 2.38 V             ; -0.027 V           ; 0.226 V                             ; 0.08 V                              ; 4.84e-10 s                 ; 5.18e-10 s                 ; No                        ; Yes                       ;
; data_out[16] ; 2.5 V        ; 0 s                 ; 0 s                 ; 2.32 V                       ; 1.05e-05 V                   ; 2.37 V              ; -0.0225 V           ; 0.277 V                              ; 0.104 V                              ; 5.22e-10 s                  ; 6.28e-10 s                  ; No                         ; Yes                        ; 2.32 V                      ; 1.05e-05 V                  ; 2.37 V             ; -0.0225 V          ; 0.277 V                             ; 0.104 V                             ; 5.22e-10 s                 ; 6.28e-10 s                 ; No                        ; Yes                       ;
; data_out[17] ; 2.5 V        ; 0 s                 ; 0 s                 ; 2.32 V                       ; 1.04e-05 V                   ; 2.38 V              ; -0.027 V            ; 0.226 V                              ; 0.08 V                               ; 4.84e-10 s                  ; 5.18e-10 s                  ; No                         ; Yes                        ; 2.32 V                      ; 1.04e-05 V                  ; 2.38 V             ; -0.027 V           ; 0.226 V                             ; 0.08 V                              ; 4.84e-10 s                 ; 5.18e-10 s                 ; No                        ; Yes                       ;
; data_out[18] ; 2.5 V        ; 0 s                 ; 0 s                 ; 2.32 V                       ; 1.04e-05 V                   ; 2.38 V              ; -0.027 V            ; 0.226 V                              ; 0.08 V                               ; 4.84e-10 s                  ; 5.18e-10 s                  ; No                         ; Yes                        ; 2.32 V                      ; 1.04e-05 V                  ; 2.38 V             ; -0.027 V           ; 0.226 V                             ; 0.08 V                              ; 4.84e-10 s                 ; 5.18e-10 s                 ; No                        ; Yes                       ;
; data_out[19] ; 2.5 V        ; 0 s                 ; 0 s                 ; 2.32 V                       ; 1.04e-05 V                   ; 2.38 V              ; -0.027 V            ; 0.226 V                              ; 0.08 V                               ; 4.84e-10 s                  ; 5.18e-10 s                  ; No                         ; Yes                        ; 2.32 V                      ; 1.04e-05 V                  ; 2.38 V             ; -0.027 V           ; 0.226 V                             ; 0.08 V                              ; 4.84e-10 s                 ; 5.18e-10 s                 ; No                        ; Yes                       ;
; data_out[20] ; 2.5 V        ; 0 s                 ; 0 s                 ; 2.32 V                       ; 1.04e-05 V                   ; 2.38 V              ; -0.0273 V           ; 0.226 V                              ; 0.08 V                               ; 4.84e-10 s                  ; 5.19e-10 s                  ; No                         ; Yes                        ; 2.32 V                      ; 1.04e-05 V                  ; 2.38 V             ; -0.0273 V          ; 0.226 V                             ; 0.08 V                              ; 4.84e-10 s                 ; 5.19e-10 s                 ; No                        ; Yes                       ;
; data_out[21] ; 2.5 V        ; 0 s                 ; 0 s                 ; 2.32 V                       ; 9.38e-06 V                   ; 2.34 V              ; -0.00733 V          ; 0.234 V                              ; 0.071 V                              ; 5.36e-10 s                  ; 5.75e-10 s                  ; No                         ; Yes                        ; 2.32 V                      ; 9.38e-06 V                  ; 2.34 V             ; -0.00733 V         ; 0.234 V                             ; 0.071 V                             ; 5.36e-10 s                 ; 5.75e-10 s                 ; No                        ; Yes                       ;
; data_out[22] ; 2.5 V        ; 0 s                 ; 0 s                 ; 2.32 V                       ; 1.05e-05 V                   ; 2.37 V              ; -0.0225 V           ; 0.277 V                              ; 0.104 V                              ; 5.22e-10 s                  ; 6.28e-10 s                  ; No                         ; Yes                        ; 2.32 V                      ; 1.05e-05 V                  ; 2.37 V             ; -0.0225 V          ; 0.277 V                             ; 0.104 V                             ; 5.22e-10 s                 ; 6.28e-10 s                 ; No                        ; Yes                       ;
; data_out[23] ; 2.5 V        ; 0 s                 ; 0 s                 ; 2.32 V                       ; 1.04e-05 V                   ; 2.38 V              ; -0.0273 V           ; 0.226 V                              ; 0.08 V                               ; 4.84e-10 s                  ; 5.19e-10 s                  ; No                         ; Yes                        ; 2.32 V                      ; 1.04e-05 V                  ; 2.38 V             ; -0.0273 V          ; 0.226 V                             ; 0.08 V                              ; 4.84e-10 s                 ; 5.19e-10 s                 ; No                        ; Yes                       ;
; data_out[24] ; 2.5 V        ; 0 s                 ; 0 s                 ; 2.32 V                       ; 1.04e-05 V                   ; 2.38 V              ; -0.027 V            ; 0.226 V                              ; 0.08 V                               ; 4.84e-10 s                  ; 5.18e-10 s                  ; No                         ; Yes                        ; 2.32 V                      ; 1.04e-05 V                  ; 2.38 V             ; -0.027 V           ; 0.226 V                             ; 0.08 V                              ; 4.84e-10 s                 ; 5.18e-10 s                 ; No                        ; Yes                       ;
; data_out[25] ; 2.5 V        ; 0 s                 ; 0 s                 ; 2.32 V                       ; 1.05e-05 V                   ; 2.37 V              ; -0.0225 V           ; 0.277 V                              ; 0.104 V                              ; 5.22e-10 s                  ; 6.28e-10 s                  ; No                         ; Yes                        ; 2.32 V                      ; 1.05e-05 V                  ; 2.37 V             ; -0.0225 V          ; 0.277 V                             ; 0.104 V                             ; 5.22e-10 s                 ; 6.28e-10 s                 ; No                        ; Yes                       ;
; data_out[26] ; 2.5 V        ; 0 s                 ; 0 s                 ; 2.32 V                       ; 1.04e-05 V                   ; 2.38 V              ; -0.0273 V           ; 0.226 V                              ; 0.08 V                               ; 4.84e-10 s                  ; 5.19e-10 s                  ; No                         ; Yes                        ; 2.32 V                      ; 1.04e-05 V                  ; 2.38 V             ; -0.0273 V          ; 0.226 V                             ; 0.08 V                              ; 4.84e-10 s                 ; 5.19e-10 s                 ; No                        ; Yes                       ;
; data_out[27] ; 2.5 V        ; 0 s                 ; 0 s                 ; 2.32 V                       ; 1.04e-05 V                   ; 2.38 V              ; -0.0273 V           ; 0.226 V                              ; 0.08 V                               ; 4.84e-10 s                  ; 5.19e-10 s                  ; No                         ; Yes                        ; 2.32 V                      ; 1.04e-05 V                  ; 2.38 V             ; -0.0273 V          ; 0.226 V                             ; 0.08 V                              ; 4.84e-10 s                 ; 5.19e-10 s                 ; No                        ; Yes                       ;
; data_out[28] ; 2.5 V        ; 0 s                 ; 0 s                 ; 2.32 V                       ; 9.38e-06 V                   ; 2.34 V              ; -0.00733 V          ; 0.234 V                              ; 0.071 V                              ; 5.36e-10 s                  ; 5.75e-10 s                  ; No                         ; Yes                        ; 2.32 V                      ; 9.38e-06 V                  ; 2.34 V             ; -0.00733 V         ; 0.234 V                             ; 0.071 V                             ; 5.36e-10 s                 ; 5.75e-10 s                 ; No                        ; Yes                       ;
; data_out[29] ; 2.5 V        ; 0 s                 ; 0 s                 ; 2.32 V                       ; 1.04e-05 V                   ; 2.38 V              ; -0.0273 V           ; 0.226 V                              ; 0.08 V                               ; 4.84e-10 s                  ; 5.19e-10 s                  ; No                         ; Yes                        ; 2.32 V                      ; 1.04e-05 V                  ; 2.38 V             ; -0.0273 V          ; 0.226 V                             ; 0.08 V                              ; 4.84e-10 s                 ; 5.19e-10 s                 ; No                        ; Yes                       ;
; data_out[30] ; 2.5 V        ; 0 s                 ; 0 s                 ; 2.32 V                       ; 1.04e-05 V                   ; 2.38 V              ; -0.027 V            ; 0.226 V                              ; 0.08 V                               ; 4.84e-10 s                  ; 5.18e-10 s                  ; No                         ; Yes                        ; 2.32 V                      ; 1.04e-05 V                  ; 2.38 V             ; -0.027 V           ; 0.226 V                             ; 0.08 V                              ; 4.84e-10 s                 ; 5.18e-10 s                 ; No                        ; Yes                       ;
; data_out[31] ; 2.5 V        ; 0 s                 ; 0 s                 ; 2.32 V                       ; 1.05e-05 V                   ; 2.37 V              ; -0.0225 V           ; 0.277 V                              ; 0.104 V                              ; 5.22e-10 s                  ; 6.28e-10 s                  ; No                         ; Yes                        ; 2.32 V                      ; 1.05e-05 V                  ; 2.37 V             ; -0.0225 V          ; 0.277 V                             ; 0.104 V                             ; 5.22e-10 s                 ; 6.28e-10 s                 ; No                        ; Yes                       ;
+--------------+--------------+---------------------+---------------------+------------------------------+------------------------------+---------------------+---------------------+--------------------------------------+--------------------------------------+-----------------------------+-----------------------------+----------------------------+----------------------------+-----------------------------+-----------------------------+--------------------+--------------------+-------------------------------------+-------------------------------------+----------------------------+----------------------------+---------------------------+---------------------------+


+-------------------------------------------------------------------------------------------------------------------------------------------------------------------------------------------------------------------------------------------------------------------------------------------------------------------------------------------------------------------------------------------------------------------------------------------------------------------------------------------------------------------------------------------------------------------------------------------------------------------------------------------------------------------------------------------+
; Signal Integrity Metrics (Fast 1100mv 0c Model)                                                                                                                                                                                                                                                                                                                                                                                                                                                                                                                                                                                                                                           ;
+--------------+--------------+---------------------+---------------------+------------------------------+------------------------------+---------------------+---------------------+--------------------------------------+--------------------------------------+-----------------------------+-----------------------------+----------------------------+----------------------------+-----------------------------+-----------------------------+--------------------+--------------------+-------------------------------------+-------------------------------------+----------------------------+----------------------------+---------------------------+---------------------------+
; Pin          ; I/O Standard ; Board Delay on Rise ; Board Delay on Fall ; Steady State Voh at FPGA Pin ; Steady State Vol at FPGA Pin ; Voh Max at FPGA Pin ; Vol Min at FPGA Pin ; Ringback Voltage on Rise at FPGA Pin ; Ringback Voltage on Fall at FPGA Pin ; 10-90 Rise Time at FPGA Pin ; 90-10 Fall Time at FPGA Pin ; Monotonic Rise at FPGA Pin ; Monotonic Fall at FPGA Pin ; Steady State Voh at Far-end ; Steady State Vol at Far-end ; Voh Max at Far-end ; Vol Min at Far-end ; Ringback Voltage on Rise at Far-end ; Ringback Voltage on Fall at Far-end ; 10-90 Rise Time at Far-end ; 90-10 Fall Time at Far-end ; Monotonic Rise at Far-end ; Monotonic Fall at Far-end ;
+--------------+--------------+---------------------+---------------------+------------------------------+------------------------------+---------------------+---------------------+--------------------------------------+--------------------------------------+-----------------------------+-----------------------------+----------------------------+----------------------------+-----------------------------+-----------------------------+--------------------+--------------------+-------------------------------------+-------------------------------------+----------------------------+----------------------------+---------------------------+---------------------------+
; ready        ; 2.5 V        ; 0 s                 ; 0 s                 ; 2.75 V                       ; 4.25e-06 V                   ; 2.9 V               ; -0.107 V            ; 0.378 V                              ; 0.16 V                               ; 2.87e-10 s                  ; 4.28e-10 s                  ; No                         ; No                         ; 2.75 V                      ; 4.25e-06 V                  ; 2.9 V              ; -0.107 V           ; 0.378 V                             ; 0.16 V                              ; 2.87e-10 s                 ; 4.28e-10 s                 ; No                        ; No                        ;
; data_out[0]  ; 2.5 V        ; 0 s                 ; 0 s                 ; 2.75 V                       ; 3.54e-06 V                   ; 2.81 V              ; -0.0578 V           ; 0.303 V                              ; 0.28 V                               ; 2.93e-10 s                  ; 3.01e-10 s                  ; No                         ; No                         ; 2.75 V                      ; 3.54e-06 V                  ; 2.81 V             ; -0.0578 V          ; 0.303 V                             ; 0.28 V                              ; 2.93e-10 s                 ; 3.01e-10 s                 ; No                        ; No                        ;
; data_out[1]  ; 2.5 V        ; 0 s                 ; 0 s                 ; 2.75 V                       ; 3.54e-06 V                   ; 2.81 V              ; -0.0578 V           ; 0.303 V                              ; 0.28 V                               ; 2.93e-10 s                  ; 3.01e-10 s                  ; No                         ; No                         ; 2.75 V                      ; 3.54e-06 V                  ; 2.81 V             ; -0.0578 V          ; 0.303 V                             ; 0.28 V                              ; 2.93e-10 s                 ; 3.01e-10 s                 ; No                        ; No                        ;
; data_out[2]  ; 2.5 V        ; 0 s                 ; 0 s                 ; 2.75 V                       ; 4.14e-06 V                   ; 2.91 V              ; -0.119 V            ; 0.326 V                              ; 0.298 V                              ; 2.74e-10 s                  ; 2.8e-10 s                   ; No                         ; No                         ; 2.75 V                      ; 4.14e-06 V                  ; 2.91 V             ; -0.119 V           ; 0.326 V                             ; 0.298 V                             ; 2.74e-10 s                 ; 2.8e-10 s                  ; No                        ; No                        ;
; data_out[3]  ; 2.5 V        ; 0 s                 ; 0 s                 ; 2.75 V                       ; 4.14e-06 V                   ; 2.91 V              ; -0.121 V            ; 0.326 V                              ; 0.297 V                              ; 2.74e-10 s                  ; 2.8e-10 s                   ; No                         ; No                         ; 2.75 V                      ; 4.14e-06 V                  ; 2.91 V             ; -0.121 V           ; 0.326 V                             ; 0.297 V                             ; 2.74e-10 s                 ; 2.8e-10 s                  ; No                        ; No                        ;
; data_out[4]  ; 2.5 V        ; 0 s                 ; 0 s                 ; 2.75 V                       ; 4.14e-06 V                   ; 2.91 V              ; -0.119 V            ; 0.326 V                              ; 0.298 V                              ; 2.74e-10 s                  ; 2.8e-10 s                   ; No                         ; No                         ; 2.75 V                      ; 4.14e-06 V                  ; 2.91 V             ; -0.119 V           ; 0.326 V                             ; 0.298 V                             ; 2.74e-10 s                 ; 2.8e-10 s                  ; No                        ; No                        ;
; data_out[5]  ; 2.5 V        ; 0 s                 ; 0 s                 ; 2.75 V                       ; 4.14e-06 V                   ; 2.91 V              ; -0.119 V            ; 0.326 V                              ; 0.298 V                              ; 2.74e-10 s                  ; 2.8e-10 s                   ; No                         ; No                         ; 2.75 V                      ; 4.14e-06 V                  ; 2.91 V             ; -0.119 V           ; 0.326 V                             ; 0.298 V                             ; 2.74e-10 s                 ; 2.8e-10 s                  ; No                        ; No                        ;
; data_out[6]  ; 2.5 V        ; 0 s                 ; 0 s                 ; 2.75 V                       ; 3.54e-06 V                   ; 2.81 V              ; -0.0578 V           ; 0.303 V                              ; 0.28 V                               ; 2.93e-10 s                  ; 3.01e-10 s                  ; No                         ; No                         ; 2.75 V                      ; 3.54e-06 V                  ; 2.81 V             ; -0.0578 V          ; 0.303 V                             ; 0.28 V                              ; 2.93e-10 s                 ; 3.01e-10 s                 ; No                        ; No                        ;
; data_out[7]  ; 2.5 V        ; 0 s                 ; 0 s                 ; 2.75 V                       ; 3.54e-06 V                   ; 2.81 V              ; -0.0578 V           ; 0.303 V                              ; 0.28 V                               ; 2.93e-10 s                  ; 3.01e-10 s                  ; No                         ; No                         ; 2.75 V                      ; 3.54e-06 V                  ; 2.81 V             ; -0.0578 V          ; 0.303 V                             ; 0.28 V                              ; 2.93e-10 s                 ; 3.01e-10 s                 ; No                        ; No                        ;
; data_out[8]  ; 2.5 V        ; 0 s                 ; 0 s                 ; 2.75 V                       ; 4.14e-06 V                   ; 2.91 V              ; -0.119 V            ; 0.326 V                              ; 0.298 V                              ; 2.74e-10 s                  ; 2.8e-10 s                   ; No                         ; No                         ; 2.75 V                      ; 4.14e-06 V                  ; 2.91 V             ; -0.119 V           ; 0.326 V                             ; 0.298 V                             ; 2.74e-10 s                 ; 2.8e-10 s                  ; No                        ; No                        ;
; data_out[9]  ; 2.5 V        ; 0 s                 ; 0 s                 ; 2.75 V                       ; 3.54e-06 V                   ; 2.81 V              ; -0.0578 V           ; 0.303 V                              ; 0.28 V                               ; 2.93e-10 s                  ; 3.01e-10 s                  ; No                         ; No                         ; 2.75 V                      ; 3.54e-06 V                  ; 2.81 V             ; -0.0578 V          ; 0.303 V                             ; 0.28 V                              ; 2.93e-10 s                 ; 3.01e-10 s                 ; No                        ; No                        ;
; data_out[10] ; 2.5 V        ; 0 s                 ; 0 s                 ; 2.75 V                       ; 4.14e-06 V                   ; 2.91 V              ; -0.121 V            ; 0.326 V                              ; 0.297 V                              ; 2.74e-10 s                  ; 2.8e-10 s                   ; No                         ; No                         ; 2.75 V                      ; 4.14e-06 V                  ; 2.91 V             ; -0.121 V           ; 0.326 V                             ; 0.297 V                             ; 2.74e-10 s                 ; 2.8e-10 s                  ; No                        ; No                        ;
; data_out[11] ; 2.5 V        ; 0 s                 ; 0 s                 ; 2.75 V                       ; 4.14e-06 V                   ; 2.91 V              ; -0.121 V            ; 0.326 V                              ; 0.297 V                              ; 2.74e-10 s                  ; 2.8e-10 s                   ; No                         ; No                         ; 2.75 V                      ; 4.14e-06 V                  ; 2.91 V             ; -0.121 V           ; 0.326 V                             ; 0.297 V                             ; 2.74e-10 s                 ; 2.8e-10 s                  ; No                        ; No                        ;
; data_out[12] ; 2.5 V        ; 0 s                 ; 0 s                 ; 2.75 V                       ; 4.25e-06 V                   ; 2.9 V               ; -0.107 V            ; 0.378 V                              ; 0.16 V                               ; 2.87e-10 s                  ; 4.28e-10 s                  ; No                         ; No                         ; 2.75 V                      ; 4.25e-06 V                  ; 2.9 V              ; -0.107 V           ; 0.378 V                             ; 0.16 V                              ; 2.87e-10 s                 ; 4.28e-10 s                 ; No                        ; No                        ;
; data_out[13] ; 2.5 V        ; 0 s                 ; 0 s                 ; 2.75 V                       ; 4.25e-06 V                   ; 2.9 V               ; -0.107 V            ; 0.378 V                              ; 0.16 V                               ; 2.87e-10 s                  ; 4.28e-10 s                  ; No                         ; No                         ; 2.75 V                      ; 4.25e-06 V                  ; 2.9 V              ; -0.107 V           ; 0.378 V                             ; 0.16 V                              ; 2.87e-10 s                 ; 4.28e-10 s                 ; No                        ; No                        ;
; data_out[14] ; 2.5 V        ; 0 s                 ; 0 s                 ; 2.75 V                       ; 3.54e-06 V                   ; 2.81 V              ; -0.0578 V           ; 0.303 V                              ; 0.28 V                               ; 2.93e-10 s                  ; 3.01e-10 s                  ; No                         ; No                         ; 2.75 V                      ; 3.54e-06 V                  ; 2.81 V             ; -0.0578 V          ; 0.303 V                             ; 0.28 V                              ; 2.93e-10 s                 ; 3.01e-10 s                 ; No                        ; No                        ;
; data_out[15] ; 2.5 V        ; 0 s                 ; 0 s                 ; 2.75 V                       ; 4.14e-06 V                   ; 2.91 V              ; -0.121 V            ; 0.326 V                              ; 0.297 V                              ; 2.74e-10 s                  ; 2.8e-10 s                   ; No                         ; No                         ; 2.75 V                      ; 4.14e-06 V                  ; 2.91 V             ; -0.121 V           ; 0.326 V                             ; 0.297 V                             ; 2.74e-10 s                 ; 2.8e-10 s                  ; No                        ; No                        ;
; data_out[16] ; 2.5 V        ; 0 s                 ; 0 s                 ; 2.75 V                       ; 4.25e-06 V                   ; 2.9 V               ; -0.107 V            ; 0.378 V                              ; 0.16 V                               ; 2.87e-10 s                  ; 4.28e-10 s                  ; No                         ; No                         ; 2.75 V                      ; 4.25e-06 V                  ; 2.9 V              ; -0.107 V           ; 0.378 V                             ; 0.16 V                              ; 2.87e-10 s                 ; 4.28e-10 s                 ; No                        ; No                        ;
; data_out[17] ; 2.5 V        ; 0 s                 ; 0 s                 ; 2.75 V                       ; 4.14e-06 V                   ; 2.91 V              ; -0.121 V            ; 0.326 V                              ; 0.297 V                              ; 2.74e-10 s                  ; 2.8e-10 s                   ; No                         ; No                         ; 2.75 V                      ; 4.14e-06 V                  ; 2.91 V             ; -0.121 V           ; 0.326 V                             ; 0.297 V                             ; 2.74e-10 s                 ; 2.8e-10 s                  ; No                        ; No                        ;
; data_out[18] ; 2.5 V        ; 0 s                 ; 0 s                 ; 2.75 V                       ; 4.14e-06 V                   ; 2.91 V              ; -0.121 V            ; 0.326 V                              ; 0.297 V                              ; 2.74e-10 s                  ; 2.8e-10 s                   ; No                         ; No                         ; 2.75 V                      ; 4.14e-06 V                  ; 2.91 V             ; -0.121 V           ; 0.326 V                             ; 0.297 V                             ; 2.74e-10 s                 ; 2.8e-10 s                  ; No                        ; No                        ;
; data_out[19] ; 2.5 V        ; 0 s                 ; 0 s                 ; 2.75 V                       ; 4.14e-06 V                   ; 2.91 V              ; -0.121 V            ; 0.326 V                              ; 0.297 V                              ; 2.74e-10 s                  ; 2.8e-10 s                   ; No                         ; No                         ; 2.75 V                      ; 4.14e-06 V                  ; 2.91 V             ; -0.121 V           ; 0.326 V                             ; 0.297 V                             ; 2.74e-10 s                 ; 2.8e-10 s                  ; No                        ; No                        ;
; data_out[20] ; 2.5 V        ; 0 s                 ; 0 s                 ; 2.75 V                       ; 4.14e-06 V                   ; 2.91 V              ; -0.119 V            ; 0.326 V                              ; 0.298 V                              ; 2.74e-10 s                  ; 2.8e-10 s                   ; No                         ; No                         ; 2.75 V                      ; 4.14e-06 V                  ; 2.91 V             ; -0.119 V           ; 0.326 V                             ; 0.298 V                             ; 2.74e-10 s                 ; 2.8e-10 s                  ; No                        ; No                        ;
; data_out[21] ; 2.5 V        ; 0 s                 ; 0 s                 ; 2.75 V                       ; 3.54e-06 V                   ; 2.81 V              ; -0.0578 V           ; 0.303 V                              ; 0.28 V                               ; 2.93e-10 s                  ; 3.01e-10 s                  ; No                         ; No                         ; 2.75 V                      ; 3.54e-06 V                  ; 2.81 V             ; -0.0578 V          ; 0.303 V                             ; 0.28 V                              ; 2.93e-10 s                 ; 3.01e-10 s                 ; No                        ; No                        ;
; data_out[22] ; 2.5 V        ; 0 s                 ; 0 s                 ; 2.75 V                       ; 4.25e-06 V                   ; 2.9 V               ; -0.107 V            ; 0.378 V                              ; 0.16 V                               ; 2.87e-10 s                  ; 4.28e-10 s                  ; No                         ; No                         ; 2.75 V                      ; 4.25e-06 V                  ; 2.9 V              ; -0.107 V           ; 0.378 V                             ; 0.16 V                              ; 2.87e-10 s                 ; 4.28e-10 s                 ; No                        ; No                        ;
; data_out[23] ; 2.5 V        ; 0 s                 ; 0 s                 ; 2.75 V                       ; 4.14e-06 V                   ; 2.91 V              ; -0.119 V            ; 0.326 V                              ; 0.298 V                              ; 2.74e-10 s                  ; 2.8e-10 s                   ; No                         ; No                         ; 2.75 V                      ; 4.14e-06 V                  ; 2.91 V             ; -0.119 V           ; 0.326 V                             ; 0.298 V                             ; 2.74e-10 s                 ; 2.8e-10 s                  ; No                        ; No                        ;
; data_out[24] ; 2.5 V        ; 0 s                 ; 0 s                 ; 2.75 V                       ; 4.14e-06 V                   ; 2.91 V              ; -0.121 V            ; 0.326 V                              ; 0.297 V                              ; 2.74e-10 s                  ; 2.8e-10 s                   ; No                         ; No                         ; 2.75 V                      ; 4.14e-06 V                  ; 2.91 V             ; -0.121 V           ; 0.326 V                             ; 0.297 V                             ; 2.74e-10 s                 ; 2.8e-10 s                  ; No                        ; No                        ;
; data_out[25] ; 2.5 V        ; 0 s                 ; 0 s                 ; 2.75 V                       ; 4.25e-06 V                   ; 2.9 V               ; -0.107 V            ; 0.378 V                              ; 0.16 V                               ; 2.87e-10 s                  ; 4.28e-10 s                  ; No                         ; No                         ; 2.75 V                      ; 4.25e-06 V                  ; 2.9 V              ; -0.107 V           ; 0.378 V                             ; 0.16 V                              ; 2.87e-10 s                 ; 4.28e-10 s                 ; No                        ; No                        ;
; data_out[26] ; 2.5 V        ; 0 s                 ; 0 s                 ; 2.75 V                       ; 4.14e-06 V                   ; 2.91 V              ; -0.119 V            ; 0.326 V                              ; 0.298 V                              ; 2.74e-10 s                  ; 2.8e-10 s                   ; No                         ; No                         ; 2.75 V                      ; 4.14e-06 V                  ; 2.91 V             ; -0.119 V           ; 0.326 V                             ; 0.298 V                             ; 2.74e-10 s                 ; 2.8e-10 s                  ; No                        ; No                        ;
; data_out[27] ; 2.5 V        ; 0 s                 ; 0 s                 ; 2.75 V                       ; 4.14e-06 V                   ; 2.91 V              ; -0.119 V            ; 0.326 V                              ; 0.298 V                              ; 2.74e-10 s                  ; 2.8e-10 s                   ; No                         ; No                         ; 2.75 V                      ; 4.14e-06 V                  ; 2.91 V             ; -0.119 V           ; 0.326 V                             ; 0.298 V                             ; 2.74e-10 s                 ; 2.8e-10 s                  ; No                        ; No                        ;
; data_out[28] ; 2.5 V        ; 0 s                 ; 0 s                 ; 2.75 V                       ; 3.54e-06 V                   ; 2.81 V              ; -0.0578 V           ; 0.303 V                              ; 0.28 V                               ; 2.93e-10 s                  ; 3.01e-10 s                  ; No                         ; No                         ; 2.75 V                      ; 3.54e-06 V                  ; 2.81 V             ; -0.0578 V          ; 0.303 V                             ; 0.28 V                              ; 2.93e-10 s                 ; 3.01e-10 s                 ; No                        ; No                        ;
; data_out[29] ; 2.5 V        ; 0 s                 ; 0 s                 ; 2.75 V                       ; 4.14e-06 V                   ; 2.91 V              ; -0.119 V            ; 0.326 V                              ; 0.298 V                              ; 2.74e-10 s                  ; 2.8e-10 s                   ; No                         ; No                         ; 2.75 V                      ; 4.14e-06 V                  ; 2.91 V             ; -0.119 V           ; 0.326 V                             ; 0.298 V                             ; 2.74e-10 s                 ; 2.8e-10 s                  ; No                        ; No                        ;
; data_out[30] ; 2.5 V        ; 0 s                 ; 0 s                 ; 2.75 V                       ; 4.14e-06 V                   ; 2.91 V              ; -0.121 V            ; 0.326 V                              ; 0.297 V                              ; 2.74e-10 s                  ; 2.8e-10 s                   ; No                         ; No                         ; 2.75 V                      ; 4.14e-06 V                  ; 2.91 V             ; -0.121 V           ; 0.326 V                             ; 0.297 V                             ; 2.74e-10 s                 ; 2.8e-10 s                  ; No                        ; No                        ;
; data_out[31] ; 2.5 V        ; 0 s                 ; 0 s                 ; 2.75 V                       ; 4.25e-06 V                   ; 2.9 V               ; -0.107 V            ; 0.378 V                              ; 0.16 V                               ; 2.87e-10 s                  ; 4.28e-10 s                  ; No                         ; No                         ; 2.75 V                      ; 4.25e-06 V                  ; 2.9 V              ; -0.107 V           ; 0.378 V                             ; 0.16 V                              ; 2.87e-10 s                 ; 4.28e-10 s                 ; No                        ; No                        ;
+--------------+--------------+---------------------+---------------------+------------------------------+------------------------------+---------------------+---------------------+--------------------------------------+--------------------------------------+-----------------------------+-----------------------------+----------------------------+----------------------------+-----------------------------+-----------------------------+--------------------+--------------------+-------------------------------------+-------------------------------------+----------------------------+----------------------------+---------------------------+---------------------------+


+-------------------------------------------------------------------------------------------------------------------------------------------------------------------------------------------------------------------------------------------------------------------------------------------------------------------------------------------------------------------------------------------------------------------------------------------------------------------------------------------------------------------------------------------------------------------------------------------------------------------------------------------------------------------------------------------+
; Signal Integrity Metrics (Fast 1100mv 85c Model)                                                                                                                                                                                                                                                                                                                                                                                                                                                                                                                                                                                                                                          ;
+--------------+--------------+---------------------+---------------------+------------------------------+------------------------------+---------------------+---------------------+--------------------------------------+--------------------------------------+-----------------------------+-----------------------------+----------------------------+----------------------------+-----------------------------+-----------------------------+--------------------+--------------------+-------------------------------------+-------------------------------------+----------------------------+----------------------------+---------------------------+---------------------------+
; Pin          ; I/O Standard ; Board Delay on Rise ; Board Delay on Fall ; Steady State Voh at FPGA Pin ; Steady State Vol at FPGA Pin ; Voh Max at FPGA Pin ; Vol Min at FPGA Pin ; Ringback Voltage on Rise at FPGA Pin ; Ringback Voltage on Fall at FPGA Pin ; 10-90 Rise Time at FPGA Pin ; 90-10 Fall Time at FPGA Pin ; Monotonic Rise at FPGA Pin ; Monotonic Fall at FPGA Pin ; Steady State Voh at Far-end ; Steady State Vol at Far-end ; Voh Max at Far-end ; Vol Min at Far-end ; Ringback Voltage on Rise at Far-end ; Ringback Voltage on Fall at Far-end ; 10-90 Rise Time at Far-end ; 90-10 Fall Time at Far-end ; Monotonic Rise at Far-end ; Monotonic Fall at Far-end ;
+--------------+--------------+---------------------+---------------------+------------------------------+------------------------------+---------------------+---------------------+--------------------------------------+--------------------------------------+-----------------------------+-----------------------------+----------------------------+----------------------------+-----------------------------+-----------------------------+--------------------+--------------------+-------------------------------------+-------------------------------------+----------------------------+----------------------------+---------------------------+---------------------------+
; ready        ; 2.5 V        ; 0 s                 ; 0 s                 ; 2.75 V                       ; 0.000247 V                   ; 2.85 V              ; -0.0711 V           ; 0.204 V                              ; 0.181 V                              ; 4.55e-10 s                  ; 4.49e-10 s                  ; No                         ; No                         ; 2.75 V                      ; 0.000247 V                  ; 2.85 V             ; -0.0711 V          ; 0.204 V                             ; 0.181 V                             ; 4.55e-10 s                 ; 4.49e-10 s                 ; No                        ; No                        ;
; data_out[0]  ; 2.5 V        ; 0 s                 ; 0 s                 ; 2.75 V                       ; 0.000213 V                   ; 2.79 V              ; -0.0324 V           ; 0.139 V                              ; 0.119 V                              ; 4.42e-10 s                  ; 4.33e-10 s                  ; No                         ; Yes                        ; 2.75 V                      ; 0.000213 V                  ; 2.79 V             ; -0.0324 V          ; 0.139 V                             ; 0.119 V                             ; 4.42e-10 s                 ; 4.33e-10 s                 ; No                        ; Yes                       ;
; data_out[1]  ; 2.5 V        ; 0 s                 ; 0 s                 ; 2.75 V                       ; 0.000213 V                   ; 2.79 V              ; -0.0324 V           ; 0.139 V                              ; 0.119 V                              ; 4.42e-10 s                  ; 4.33e-10 s                  ; No                         ; Yes                        ; 2.75 V                      ; 0.000213 V                  ; 2.79 V             ; -0.0324 V          ; 0.139 V                             ; 0.119 V                             ; 4.42e-10 s                 ; 4.33e-10 s                 ; No                        ; Yes                       ;
; data_out[2]  ; 2.5 V        ; 0 s                 ; 0 s                 ; 2.75 V                       ; 0.000242 V                   ; 2.86 V              ; -0.0805 V           ; 0.358 V                              ; 0.156 V                              ; 3.01e-10 s                  ; 4.34e-10 s                  ; No                         ; No                         ; 2.75 V                      ; 0.000242 V                  ; 2.86 V             ; -0.0805 V          ; 0.358 V                             ; 0.156 V                             ; 3.01e-10 s                 ; 4.34e-10 s                 ; No                        ; No                        ;
; data_out[3]  ; 2.5 V        ; 0 s                 ; 0 s                 ; 2.75 V                       ; 0.000242 V                   ; 2.86 V              ; -0.0814 V           ; 0.36 V                               ; 0.156 V                              ; 3e-10 s                     ; 4.34e-10 s                  ; No                         ; No                         ; 2.75 V                      ; 0.000242 V                  ; 2.86 V             ; -0.0814 V          ; 0.36 V                              ; 0.156 V                             ; 3e-10 s                    ; 4.34e-10 s                 ; No                        ; No                        ;
; data_out[4]  ; 2.5 V        ; 0 s                 ; 0 s                 ; 2.75 V                       ; 0.000242 V                   ; 2.86 V              ; -0.0805 V           ; 0.358 V                              ; 0.156 V                              ; 3.01e-10 s                  ; 4.34e-10 s                  ; No                         ; No                         ; 2.75 V                      ; 0.000242 V                  ; 2.86 V             ; -0.0805 V          ; 0.358 V                             ; 0.156 V                             ; 3.01e-10 s                 ; 4.34e-10 s                 ; No                        ; No                        ;
; data_out[5]  ; 2.5 V        ; 0 s                 ; 0 s                 ; 2.75 V                       ; 0.000242 V                   ; 2.86 V              ; -0.0805 V           ; 0.358 V                              ; 0.156 V                              ; 3.01e-10 s                  ; 4.34e-10 s                  ; No                         ; No                         ; 2.75 V                      ; 0.000242 V                  ; 2.86 V             ; -0.0805 V          ; 0.358 V                             ; 0.156 V                             ; 3.01e-10 s                 ; 4.34e-10 s                 ; No                        ; No                        ;
; data_out[6]  ; 2.5 V        ; 0 s                 ; 0 s                 ; 2.75 V                       ; 0.000213 V                   ; 2.79 V              ; -0.0324 V           ; 0.139 V                              ; 0.119 V                              ; 4.42e-10 s                  ; 4.33e-10 s                  ; No                         ; Yes                        ; 2.75 V                      ; 0.000213 V                  ; 2.79 V             ; -0.0324 V          ; 0.139 V                             ; 0.119 V                             ; 4.42e-10 s                 ; 4.33e-10 s                 ; No                        ; Yes                       ;
; data_out[7]  ; 2.5 V        ; 0 s                 ; 0 s                 ; 2.75 V                       ; 0.000213 V                   ; 2.79 V              ; -0.0324 V           ; 0.139 V                              ; 0.119 V                              ; 4.42e-10 s                  ; 4.33e-10 s                  ; No                         ; Yes                        ; 2.75 V                      ; 0.000213 V                  ; 2.79 V             ; -0.0324 V          ; 0.139 V                             ; 0.119 V                             ; 4.42e-10 s                 ; 4.33e-10 s                 ; No                        ; Yes                       ;
; data_out[8]  ; 2.5 V        ; 0 s                 ; 0 s                 ; 2.75 V                       ; 0.000242 V                   ; 2.86 V              ; -0.0805 V           ; 0.358 V                              ; 0.156 V                              ; 3.01e-10 s                  ; 4.34e-10 s                  ; No                         ; No                         ; 2.75 V                      ; 0.000242 V                  ; 2.86 V             ; -0.0805 V          ; 0.358 V                             ; 0.156 V                             ; 3.01e-10 s                 ; 4.34e-10 s                 ; No                        ; No                        ;
; data_out[9]  ; 2.5 V        ; 0 s                 ; 0 s                 ; 2.75 V                       ; 0.000213 V                   ; 2.79 V              ; -0.0324 V           ; 0.139 V                              ; 0.119 V                              ; 4.42e-10 s                  ; 4.33e-10 s                  ; No                         ; Yes                        ; 2.75 V                      ; 0.000213 V                  ; 2.79 V             ; -0.0324 V          ; 0.139 V                             ; 0.119 V                             ; 4.42e-10 s                 ; 4.33e-10 s                 ; No                        ; Yes                       ;
; data_out[10] ; 2.5 V        ; 0 s                 ; 0 s                 ; 2.75 V                       ; 0.000242 V                   ; 2.86 V              ; -0.0814 V           ; 0.36 V                               ; 0.156 V                              ; 3e-10 s                     ; 4.34e-10 s                  ; No                         ; No                         ; 2.75 V                      ; 0.000242 V                  ; 2.86 V             ; -0.0814 V          ; 0.36 V                              ; 0.156 V                             ; 3e-10 s                    ; 4.34e-10 s                 ; No                        ; No                        ;
; data_out[11] ; 2.5 V        ; 0 s                 ; 0 s                 ; 2.75 V                       ; 0.000242 V                   ; 2.86 V              ; -0.0814 V           ; 0.36 V                               ; 0.156 V                              ; 3e-10 s                     ; 4.34e-10 s                  ; No                         ; No                         ; 2.75 V                      ; 0.000242 V                  ; 2.86 V             ; -0.0814 V          ; 0.36 V                              ; 0.156 V                             ; 3e-10 s                    ; 4.34e-10 s                 ; No                        ; No                        ;
; data_out[12] ; 2.5 V        ; 0 s                 ; 0 s                 ; 2.75 V                       ; 0.000247 V                   ; 2.85 V              ; -0.0711 V           ; 0.204 V                              ; 0.181 V                              ; 4.55e-10 s                  ; 4.49e-10 s                  ; No                         ; No                         ; 2.75 V                      ; 0.000247 V                  ; 2.85 V             ; -0.0711 V          ; 0.204 V                             ; 0.181 V                             ; 4.55e-10 s                 ; 4.49e-10 s                 ; No                        ; No                        ;
; data_out[13] ; 2.5 V        ; 0 s                 ; 0 s                 ; 2.75 V                       ; 0.000247 V                   ; 2.85 V              ; -0.0711 V           ; 0.204 V                              ; 0.181 V                              ; 4.55e-10 s                  ; 4.49e-10 s                  ; No                         ; No                         ; 2.75 V                      ; 0.000247 V                  ; 2.85 V             ; -0.0711 V          ; 0.204 V                             ; 0.181 V                             ; 4.55e-10 s                 ; 4.49e-10 s                 ; No                        ; No                        ;
; data_out[14] ; 2.5 V        ; 0 s                 ; 0 s                 ; 2.75 V                       ; 0.000213 V                   ; 2.79 V              ; -0.0324 V           ; 0.139 V                              ; 0.119 V                              ; 4.42e-10 s                  ; 4.33e-10 s                  ; No                         ; Yes                        ; 2.75 V                      ; 0.000213 V                  ; 2.79 V             ; -0.0324 V          ; 0.139 V                             ; 0.119 V                             ; 4.42e-10 s                 ; 4.33e-10 s                 ; No                        ; Yes                       ;
; data_out[15] ; 2.5 V        ; 0 s                 ; 0 s                 ; 2.75 V                       ; 0.000242 V                   ; 2.86 V              ; -0.0814 V           ; 0.36 V                               ; 0.156 V                              ; 3e-10 s                     ; 4.34e-10 s                  ; No                         ; No                         ; 2.75 V                      ; 0.000242 V                  ; 2.86 V             ; -0.0814 V          ; 0.36 V                              ; 0.156 V                             ; 3e-10 s                    ; 4.34e-10 s                 ; No                        ; No                        ;
; data_out[16] ; 2.5 V        ; 0 s                 ; 0 s                 ; 2.75 V                       ; 0.000247 V                   ; 2.85 V              ; -0.0711 V           ; 0.204 V                              ; 0.181 V                              ; 4.55e-10 s                  ; 4.49e-10 s                  ; No                         ; No                         ; 2.75 V                      ; 0.000247 V                  ; 2.85 V             ; -0.0711 V          ; 0.204 V                             ; 0.181 V                             ; 4.55e-10 s                 ; 4.49e-10 s                 ; No                        ; No                        ;
; data_out[17] ; 2.5 V        ; 0 s                 ; 0 s                 ; 2.75 V                       ; 0.000242 V                   ; 2.86 V              ; -0.0814 V           ; 0.36 V                               ; 0.156 V                              ; 3e-10 s                     ; 4.34e-10 s                  ; No                         ; No                         ; 2.75 V                      ; 0.000242 V                  ; 2.86 V             ; -0.0814 V          ; 0.36 V                              ; 0.156 V                             ; 3e-10 s                    ; 4.34e-10 s                 ; No                        ; No                        ;
; data_out[18] ; 2.5 V        ; 0 s                 ; 0 s                 ; 2.75 V                       ; 0.000242 V                   ; 2.86 V              ; -0.0814 V           ; 0.36 V                               ; 0.156 V                              ; 3e-10 s                     ; 4.34e-10 s                  ; No                         ; No                         ; 2.75 V                      ; 0.000242 V                  ; 2.86 V             ; -0.0814 V          ; 0.36 V                              ; 0.156 V                             ; 3e-10 s                    ; 4.34e-10 s                 ; No                        ; No                        ;
; data_out[19] ; 2.5 V        ; 0 s                 ; 0 s                 ; 2.75 V                       ; 0.000242 V                   ; 2.86 V              ; -0.0814 V           ; 0.36 V                               ; 0.156 V                              ; 3e-10 s                     ; 4.34e-10 s                  ; No                         ; No                         ; 2.75 V                      ; 0.000242 V                  ; 2.86 V             ; -0.0814 V          ; 0.36 V                              ; 0.156 V                             ; 3e-10 s                    ; 4.34e-10 s                 ; No                        ; No                        ;
; data_out[20] ; 2.5 V        ; 0 s                 ; 0 s                 ; 2.75 V                       ; 0.000242 V                   ; 2.86 V              ; -0.0805 V           ; 0.358 V                              ; 0.156 V                              ; 3.01e-10 s                  ; 4.34e-10 s                  ; No                         ; No                         ; 2.75 V                      ; 0.000242 V                  ; 2.86 V             ; -0.0805 V          ; 0.358 V                             ; 0.156 V                             ; 3.01e-10 s                 ; 4.34e-10 s                 ; No                        ; No                        ;
; data_out[21] ; 2.5 V        ; 0 s                 ; 0 s                 ; 2.75 V                       ; 0.000213 V                   ; 2.79 V              ; -0.0324 V           ; 0.139 V                              ; 0.119 V                              ; 4.42e-10 s                  ; 4.33e-10 s                  ; No                         ; Yes                        ; 2.75 V                      ; 0.000213 V                  ; 2.79 V             ; -0.0324 V          ; 0.139 V                             ; 0.119 V                             ; 4.42e-10 s                 ; 4.33e-10 s                 ; No                        ; Yes                       ;
; data_out[22] ; 2.5 V        ; 0 s                 ; 0 s                 ; 2.75 V                       ; 0.000247 V                   ; 2.85 V              ; -0.0711 V           ; 0.204 V                              ; 0.181 V                              ; 4.55e-10 s                  ; 4.49e-10 s                  ; No                         ; No                         ; 2.75 V                      ; 0.000247 V                  ; 2.85 V             ; -0.0711 V          ; 0.204 V                             ; 0.181 V                             ; 4.55e-10 s                 ; 4.49e-10 s                 ; No                        ; No                        ;
; data_out[23] ; 2.5 V        ; 0 s                 ; 0 s                 ; 2.75 V                       ; 0.000242 V                   ; 2.86 V              ; -0.0805 V           ; 0.358 V                              ; 0.156 V                              ; 3.01e-10 s                  ; 4.34e-10 s                  ; No                         ; No                         ; 2.75 V                      ; 0.000242 V                  ; 2.86 V             ; -0.0805 V          ; 0.358 V                             ; 0.156 V                             ; 3.01e-10 s                 ; 4.34e-10 s                 ; No                        ; No                        ;
; data_out[24] ; 2.5 V        ; 0 s                 ; 0 s                 ; 2.75 V                       ; 0.000242 V                   ; 2.86 V              ; -0.0814 V           ; 0.36 V                               ; 0.156 V                              ; 3e-10 s                     ; 4.34e-10 s                  ; No                         ; No                         ; 2.75 V                      ; 0.000242 V                  ; 2.86 V             ; -0.0814 V          ; 0.36 V                              ; 0.156 V                             ; 3e-10 s                    ; 4.34e-10 s                 ; No                        ; No                        ;
; data_out[25] ; 2.5 V        ; 0 s                 ; 0 s                 ; 2.75 V                       ; 0.000247 V                   ; 2.85 V              ; -0.0711 V           ; 0.204 V                              ; 0.181 V                              ; 4.55e-10 s                  ; 4.49e-10 s                  ; No                         ; No                         ; 2.75 V                      ; 0.000247 V                  ; 2.85 V             ; -0.0711 V          ; 0.204 V                             ; 0.181 V                             ; 4.55e-10 s                 ; 4.49e-10 s                 ; No                        ; No                        ;
; data_out[26] ; 2.5 V        ; 0 s                 ; 0 s                 ; 2.75 V                       ; 0.000242 V                   ; 2.86 V              ; -0.0805 V           ; 0.358 V                              ; 0.156 V                              ; 3.01e-10 s                  ; 4.34e-10 s                  ; No                         ; No                         ; 2.75 V                      ; 0.000242 V                  ; 2.86 V             ; -0.0805 V          ; 0.358 V                             ; 0.156 V                             ; 3.01e-10 s                 ; 4.34e-10 s                 ; No                        ; No                        ;
; data_out[27] ; 2.5 V        ; 0 s                 ; 0 s                 ; 2.75 V                       ; 0.000242 V                   ; 2.86 V              ; -0.0805 V           ; 0.358 V                              ; 0.156 V                              ; 3.01e-10 s                  ; 4.34e-10 s                  ; No                         ; No                         ; 2.75 V                      ; 0.000242 V                  ; 2.86 V             ; -0.0805 V          ; 0.358 V                             ; 0.156 V                             ; 3.01e-10 s                 ; 4.34e-10 s                 ; No                        ; No                        ;
; data_out[28] ; 2.5 V        ; 0 s                 ; 0 s                 ; 2.75 V                       ; 0.000213 V                   ; 2.79 V              ; -0.0324 V           ; 0.139 V                              ; 0.119 V                              ; 4.42e-10 s                  ; 4.33e-10 s                  ; No                         ; Yes                        ; 2.75 V                      ; 0.000213 V                  ; 2.79 V             ; -0.0324 V          ; 0.139 V                             ; 0.119 V                             ; 4.42e-10 s                 ; 4.33e-10 s                 ; No                        ; Yes                       ;
; data_out[29] ; 2.5 V        ; 0 s                 ; 0 s                 ; 2.75 V                       ; 0.000242 V                   ; 2.86 V              ; -0.0805 V           ; 0.358 V                              ; 0.156 V                              ; 3.01e-10 s                  ; 4.34e-10 s                  ; No                         ; No                         ; 2.75 V                      ; 0.000242 V                  ; 2.86 V             ; -0.0805 V          ; 0.358 V                             ; 0.156 V                             ; 3.01e-10 s                 ; 4.34e-10 s                 ; No                        ; No                        ;
; data_out[30] ; 2.5 V        ; 0 s                 ; 0 s                 ; 2.75 V                       ; 0.000242 V                   ; 2.86 V              ; -0.0814 V           ; 0.36 V                               ; 0.156 V                              ; 3e-10 s                     ; 4.34e-10 s                  ; No                         ; No                         ; 2.75 V                      ; 0.000242 V                  ; 2.86 V             ; -0.0814 V          ; 0.36 V                              ; 0.156 V                             ; 3e-10 s                    ; 4.34e-10 s                 ; No                        ; No                        ;
; data_out[31] ; 2.5 V        ; 0 s                 ; 0 s                 ; 2.75 V                       ; 0.000247 V                   ; 2.85 V              ; -0.0711 V           ; 0.204 V                              ; 0.181 V                              ; 4.55e-10 s                  ; 4.49e-10 s                  ; No                         ; No                         ; 2.75 V                      ; 0.000247 V                  ; 2.85 V             ; -0.0711 V          ; 0.204 V                             ; 0.181 V                             ; 4.55e-10 s                 ; 4.49e-10 s                 ; No                        ; No                        ;
+--------------+--------------+---------------------+---------------------+------------------------------+------------------------------+---------------------+---------------------+--------------------------------------+--------------------------------------+-----------------------------+-----------------------------+----------------------------+----------------------------+-----------------------------+-----------------------------+--------------------+--------------------+-------------------------------------+-------------------------------------+----------------------------+----------------------------+---------------------------+---------------------------+


+-----------------------------------------------------------------------------------------------------------------------------+
; Setup Transfers                                                                                                             ;
+----------------------------------------+----------------------------------------+----------+----------+----------+----------+
; From Clock                             ; To Clock                               ; RR Paths ; FR Paths ; RF Paths ; FF Paths ;
+----------------------------------------+----------------------------------------+----------+----------+----------+----------+
; dest_clk                               ; dest_clk                               ; 35       ; 0        ; 0        ; 0        ;
; sender_fsm:sender_fsm_inst|data_out_en ; dest_clk                               ; 1        ; 33       ; 0        ; 0        ;
; src_clk                                ; sender_fsm:sender_fsm_inst|data_out_en ; 0        ; 0        ; 32       ; 0        ;
; dest_clk                               ; src_clk                                ; 1        ; 0        ; 0        ; 0        ;
; src_clk                                ; src_clk                                ; 44       ; 0        ; 0        ; 0        ;
+----------------------------------------+----------------------------------------+----------+----------+----------+----------+
Entries labeled "false path" only account for clock-to-clock false paths and not path-based false paths. As a result, actual path counts may be lower than reported.


+-----------------------------------------------------------------------------------------------------------------------------+
; Hold Transfers                                                                                                              ;
+----------------------------------------+----------------------------------------+----------+----------+----------+----------+
; From Clock                             ; To Clock                               ; RR Paths ; FR Paths ; RF Paths ; FF Paths ;
+----------------------------------------+----------------------------------------+----------+----------+----------+----------+
; dest_clk                               ; dest_clk                               ; 35       ; 0        ; 0        ; 0        ;
; sender_fsm:sender_fsm_inst|data_out_en ; dest_clk                               ; 1        ; 33       ; 0        ; 0        ;
; src_clk                                ; sender_fsm:sender_fsm_inst|data_out_en ; 0        ; 0        ; 32       ; 0        ;
; dest_clk                               ; src_clk                                ; 1        ; 0        ; 0        ; 0        ;
; src_clk                                ; src_clk                                ; 44       ; 0        ; 0        ; 0        ;
+----------------------------------------+----------------------------------------+----------+----------+----------+----------+
Entries labeled "false path" only account for clock-to-clock false paths and not path-based false paths. As a result, actual path counts may be lower than reported.


---------------
; Report TCCS ;
---------------
No dedicated SERDES Transmitter circuitry present in device or used in design


---------------
; Report RSKM ;
---------------
No non-DPA dedicated SERDES Receiver circuitry present in device or used in design


+------------------------------------------------+
; Unconstrained Paths Summary                    ;
+---------------------------------+-------+------+
; Property                        ; Setup ; Hold ;
+---------------------------------+-------+------+
; Illegal Clocks                  ; 0     ; 0    ;
; Unconstrained Clocks            ; 0     ; 0    ;
; Unconstrained Input Ports       ; 35    ; 35   ;
; Unconstrained Input Port Paths  ; 142   ; 142  ;
; Unconstrained Output Ports      ; 33    ; 33   ;
; Unconstrained Output Port Paths ; 33    ; 33   ;
+---------------------------------+-------+------+


+------------------------------------------------------------------------------------------------------+
; Clock Status Summary                                                                                 ;
+----------------------------------------+----------------------------------------+------+-------------+
; Target                                 ; Clock                                  ; Type ; Status      ;
+----------------------------------------+----------------------------------------+------+-------------+
; dest_clk                               ; dest_clk                               ; Base ; Constrained ;
; sender_fsm:sender_fsm_inst|data_out_en ; sender_fsm:sender_fsm_inst|data_out_en ; Base ; Constrained ;
; src_clk                                ; src_clk                                ; Base ; Constrained ;
+----------------------------------------+----------------------------------------+------+-------------+


+----------------------------------------------------------------------------------------------------+
; Unconstrained Input Ports                                                                          ;
+-------------+--------------------------------------------------------------------------------------+
; Input Port  ; Comment                                                                              ;
+-------------+--------------------------------------------------------------------------------------+
; data_in[0]  ; No input delay, min/max delays, false-path exceptions, or max skew assignments found ;
; data_in[1]  ; No input delay, min/max delays, false-path exceptions, or max skew assignments found ;
; data_in[2]  ; No input delay, min/max delays, false-path exceptions, or max skew assignments found ;
; data_in[3]  ; No input delay, min/max delays, false-path exceptions, or max skew assignments found ;
; data_in[4]  ; No input delay, min/max delays, false-path exceptions, or max skew assignments found ;
; data_in[5]  ; No input delay, min/max delays, false-path exceptions, or max skew assignments found ;
; data_in[6]  ; No input delay, min/max delays, false-path exceptions, or max skew assignments found ;
; data_in[7]  ; No input delay, min/max delays, false-path exceptions, or max skew assignments found ;
; data_in[8]  ; No input delay, min/max delays, false-path exceptions, or max skew assignments found ;
; data_in[9]  ; No input delay, min/max delays, false-path exceptions, or max skew assignments found ;
; data_in[10] ; No input delay, min/max delays, false-path exceptions, or max skew assignments found ;
; data_in[11] ; No input delay, min/max delays, false-path exceptions, or max skew assignments found ;
; data_in[12] ; No input delay, min/max delays, false-path exceptions, or max skew assignments found ;
; data_in[13] ; No input delay, min/max delays, false-path exceptions, or max skew assignments found ;
; data_in[14] ; No input delay, min/max delays, false-path exceptions, or max skew assignments found ;
; data_in[15] ; No input delay, min/max delays, false-path exceptions, or max skew assignments found ;
; data_in[16] ; No input delay, min/max delays, false-path exceptions, or max skew assignments found ;
; data_in[17] ; No input delay, min/max delays, false-path exceptions, or max skew assignments found ;
; data_in[18] ; No input delay, min/max delays, false-path exceptions, or max skew assignments found ;
; data_in[19] ; No input delay, min/max delays, false-path exceptions, or max skew assignments found ;
; data_in[20] ; No input delay, min/max delays, false-path exceptions, or max skew assignments found ;
; data_in[21] ; No input delay, min/max delays, false-path exceptions, or max skew assignments found ;
; data_in[22] ; No input delay, min/max delays, false-path exceptions, or max skew assignments found ;
; data_in[23] ; No input delay, min/max delays, false-path exceptions, or max skew assignments found ;
; data_in[24] ; No input delay, min/max delays, false-path exceptions, or max skew assignments found ;
; data_in[25] ; No input delay, min/max delays, false-path exceptions, or max skew assignments found ;
; data_in[26] ; No input delay, min/max delays, false-path exceptions, or max skew assignments found ;
; data_in[27] ; No input delay, min/max delays, false-path exceptions, or max skew assignments found ;
; data_in[28] ; No input delay, min/max delays, false-path exceptions, or max skew assignments found ;
; data_in[29] ; No input delay, min/max delays, false-path exceptions, or max skew assignments found ;
; data_in[30] ; No input delay, min/max delays, false-path exceptions, or max skew assignments found ;
; data_in[31] ; No input delay, min/max delays, false-path exceptions, or max skew assignments found ;
; dest_reset  ; No input delay, min/max delays, false-path exceptions, or max skew assignments found ;
; src_reset   ; No input delay, min/max delays, false-path exceptions, or max skew assignments found ;
; start       ; No input delay, min/max delays, false-path exceptions, or max skew assignments found ;
+-------------+--------------------------------------------------------------------------------------+


+------------------------------------------------------------------------------------------------------+
; Unconstrained Output Ports                                                                           ;
+--------------+---------------------------------------------------------------------------------------+
; Output Port  ; Comment                                                                               ;
+--------------+---------------------------------------------------------------------------------------+
; data_out[0]  ; No output delay, min/max delays, false-path exceptions, or max skew assignments found ;
; data_out[1]  ; No output delay, min/max delays, false-path exceptions, or max skew assignments found ;
; data_out[2]  ; No output delay, min/max delays, false-path exceptions, or max skew assignments found ;
; data_out[3]  ; No output delay, min/max delays, false-path exceptions, or max skew assignments found ;
; data_out[4]  ; No output delay, min/max delays, false-path exceptions, or max skew assignments found ;
; data_out[5]  ; No output delay, min/max delays, false-path exceptions, or max skew assignments found ;
; data_out[6]  ; No output delay, min/max delays, false-path exceptions, or max skew assignments found ;
; data_out[7]  ; No output delay, min/max delays, false-path exceptions, or max skew assignments found ;
; data_out[8]  ; No output delay, min/max delays, false-path exceptions, or max skew assignments found ;
; data_out[9]  ; No output delay, min/max delays, false-path exceptions, or max skew assignments found ;
; data_out[10] ; No output delay, min/max delays, false-path exceptions, or max skew assignments found ;
; data_out[11] ; No output delay, min/max delays, false-path exceptions, or max skew assignments found ;
; data_out[12] ; No output delay, min/max delays, false-path exceptions, or max skew assignments found ;
; data_out[13] ; No output delay, min/max delays, false-path exceptions, or max skew assignments found ;
; data_out[14] ; No output delay, min/max delays, false-path exceptions, or max skew assignments found ;
; data_out[15] ; No output delay, min/max delays, false-path exceptions, or max skew assignments found ;
; data_out[16] ; No output delay, min/max delays, false-path exceptions, or max skew assignments found ;
; data_out[17] ; No output delay, min/max delays, false-path exceptions, or max skew assignments found ;
; data_out[18] ; No output delay, min/max delays, false-path exceptions, or max skew assignments found ;
; data_out[19] ; No output delay, min/max delays, false-path exceptions, or max skew assignments found ;
; data_out[20] ; No output delay, min/max delays, false-path exceptions, or max skew assignments found ;
; data_out[21] ; No output delay, min/max delays, false-path exceptions, or max skew assignments found ;
; data_out[22] ; No output delay, min/max delays, false-path exceptions, or max skew assignments found ;
; data_out[23] ; No output delay, min/max delays, false-path exceptions, or max skew assignments found ;
; data_out[24] ; No output delay, min/max delays, false-path exceptions, or max skew assignments found ;
; data_out[25] ; No output delay, min/max delays, false-path exceptions, or max skew assignments found ;
; data_out[26] ; No output delay, min/max delays, false-path exceptions, or max skew assignments found ;
; data_out[27] ; No output delay, min/max delays, false-path exceptions, or max skew assignments found ;
; data_out[28] ; No output delay, min/max delays, false-path exceptions, or max skew assignments found ;
; data_out[29] ; No output delay, min/max delays, false-path exceptions, or max skew assignments found ;
; data_out[30] ; No output delay, min/max delays, false-path exceptions, or max skew assignments found ;
; data_out[31] ; No output delay, min/max delays, false-path exceptions, or max skew assignments found ;
; ready        ; No output delay, min/max delays, false-path exceptions, or max skew assignments found ;
+--------------+---------------------------------------------------------------------------------------+


+----------------------------------------------------------------------------------------------------+
; Unconstrained Input Ports                                                                          ;
+-------------+--------------------------------------------------------------------------------------+
; Input Port  ; Comment                                                                              ;
+-------------+--------------------------------------------------------------------------------------+
; data_in[0]  ; No input delay, min/max delays, false-path exceptions, or max skew assignments found ;
; data_in[1]  ; No input delay, min/max delays, false-path exceptions, or max skew assignments found ;
; data_in[2]  ; No input delay, min/max delays, false-path exceptions, or max skew assignments found ;
; data_in[3]  ; No input delay, min/max delays, false-path exceptions, or max skew assignments found ;
; data_in[4]  ; No input delay, min/max delays, false-path exceptions, or max skew assignments found ;
; data_in[5]  ; No input delay, min/max delays, false-path exceptions, or max skew assignments found ;
; data_in[6]  ; No input delay, min/max delays, false-path exceptions, or max skew assignments found ;
; data_in[7]  ; No input delay, min/max delays, false-path exceptions, or max skew assignments found ;
; data_in[8]  ; No input delay, min/max delays, false-path exceptions, or max skew assignments found ;
; data_in[9]  ; No input delay, min/max delays, false-path exceptions, or max skew assignments found ;
; data_in[10] ; No input delay, min/max delays, false-path exceptions, or max skew assignments found ;
; data_in[11] ; No input delay, min/max delays, false-path exceptions, or max skew assignments found ;
; data_in[12] ; No input delay, min/max delays, false-path exceptions, or max skew assignments found ;
; data_in[13] ; No input delay, min/max delays, false-path exceptions, or max skew assignments found ;
; data_in[14] ; No input delay, min/max delays, false-path exceptions, or max skew assignments found ;
; data_in[15] ; No input delay, min/max delays, false-path exceptions, or max skew assignments found ;
; data_in[16] ; No input delay, min/max delays, false-path exceptions, or max skew assignments found ;
; data_in[17] ; No input delay, min/max delays, false-path exceptions, or max skew assignments found ;
; data_in[18] ; No input delay, min/max delays, false-path exceptions, or max skew assignments found ;
; data_in[19] ; No input delay, min/max delays, false-path exceptions, or max skew assignments found ;
; data_in[20] ; No input delay, min/max delays, false-path exceptions, or max skew assignments found ;
; data_in[21] ; No input delay, min/max delays, false-path exceptions, or max skew assignments found ;
; data_in[22] ; No input delay, min/max delays, false-path exceptions, or max skew assignments found ;
; data_in[23] ; No input delay, min/max delays, false-path exceptions, or max skew assignments found ;
; data_in[24] ; No input delay, min/max delays, false-path exceptions, or max skew assignments found ;
; data_in[25] ; No input delay, min/max delays, false-path exceptions, or max skew assignments found ;
; data_in[26] ; No input delay, min/max delays, false-path exceptions, or max skew assignments found ;
; data_in[27] ; No input delay, min/max delays, false-path exceptions, or max skew assignments found ;
; data_in[28] ; No input delay, min/max delays, false-path exceptions, or max skew assignments found ;
; data_in[29] ; No input delay, min/max delays, false-path exceptions, or max skew assignments found ;
; data_in[30] ; No input delay, min/max delays, false-path exceptions, or max skew assignments found ;
; data_in[31] ; No input delay, min/max delays, false-path exceptions, or max skew assignments found ;
; dest_reset  ; No input delay, min/max delays, false-path exceptions, or max skew assignments found ;
; src_reset   ; No input delay, min/max delays, false-path exceptions, or max skew assignments found ;
; start       ; No input delay, min/max delays, false-path exceptions, or max skew assignments found ;
+-------------+--------------------------------------------------------------------------------------+


+------------------------------------------------------------------------------------------------------+
; Unconstrained Output Ports                                                                           ;
+--------------+---------------------------------------------------------------------------------------+
; Output Port  ; Comment                                                                               ;
+--------------+---------------------------------------------------------------------------------------+
; data_out[0]  ; No output delay, min/max delays, false-path exceptions, or max skew assignments found ;
; data_out[1]  ; No output delay, min/max delays, false-path exceptions, or max skew assignments found ;
; data_out[2]  ; No output delay, min/max delays, false-path exceptions, or max skew assignments found ;
; data_out[3]  ; No output delay, min/max delays, false-path exceptions, or max skew assignments found ;
; data_out[4]  ; No output delay, min/max delays, false-path exceptions, or max skew assignments found ;
; data_out[5]  ; No output delay, min/max delays, false-path exceptions, or max skew assignments found ;
; data_out[6]  ; No output delay, min/max delays, false-path exceptions, or max skew assignments found ;
; data_out[7]  ; No output delay, min/max delays, false-path exceptions, or max skew assignments found ;
; data_out[8]  ; No output delay, min/max delays, false-path exceptions, or max skew assignments found ;
; data_out[9]  ; No output delay, min/max delays, false-path exceptions, or max skew assignments found ;
; data_out[10] ; No output delay, min/max delays, false-path exceptions, or max skew assignments found ;
; data_out[11] ; No output delay, min/max delays, false-path exceptions, or max skew assignments found ;
; data_out[12] ; No output delay, min/max delays, false-path exceptions, or max skew assignments found ;
; data_out[13] ; No output delay, min/max delays, false-path exceptions, or max skew assignments found ;
; data_out[14] ; No output delay, min/max delays, false-path exceptions, or max skew assignments found ;
; data_out[15] ; No output delay, min/max delays, false-path exceptions, or max skew assignments found ;
; data_out[16] ; No output delay, min/max delays, false-path exceptions, or max skew assignments found ;
; data_out[17] ; No output delay, min/max delays, false-path exceptions, or max skew assignments found ;
; data_out[18] ; No output delay, min/max delays, false-path exceptions, or max skew assignments found ;
; data_out[19] ; No output delay, min/max delays, false-path exceptions, or max skew assignments found ;
; data_out[20] ; No output delay, min/max delays, false-path exceptions, or max skew assignments found ;
; data_out[21] ; No output delay, min/max delays, false-path exceptions, or max skew assignments found ;
; data_out[22] ; No output delay, min/max delays, false-path exceptions, or max skew assignments found ;
; data_out[23] ; No output delay, min/max delays, false-path exceptions, or max skew assignments found ;
; data_out[24] ; No output delay, min/max delays, false-path exceptions, or max skew assignments found ;
; data_out[25] ; No output delay, min/max delays, false-path exceptions, or max skew assignments found ;
; data_out[26] ; No output delay, min/max delays, false-path exceptions, or max skew assignments found ;
; data_out[27] ; No output delay, min/max delays, false-path exceptions, or max skew assignments found ;
; data_out[28] ; No output delay, min/max delays, false-path exceptions, or max skew assignments found ;
; data_out[29] ; No output delay, min/max delays, false-path exceptions, or max skew assignments found ;
; data_out[30] ; No output delay, min/max delays, false-path exceptions, or max skew assignments found ;
; data_out[31] ; No output delay, min/max delays, false-path exceptions, or max skew assignments found ;
; ready        ; No output delay, min/max delays, false-path exceptions, or max skew assignments found ;
+--------------+---------------------------------------------------------------------------------------+


+--------------------------+
; Timing Analyzer Messages ;
+--------------------------+
Info: *******************************************************************
Info: Running Quartus Prime Timing Analyzer
    Info: Version 20.1.1 Build 720 11/11/2020 SJ Lite Edition
    Info: Processing started: Sun Sep 07 21:07:25 2025
Info: Command: quartus_sta handshake_synchronizer -c handshake_synchronizer
Info: qsta_default_script.tcl version: #1
Warning (18236): Number of processors has not been specified which may cause overloading on shared machines.  Set the global assignment NUM_PARALLEL_PROCESSORS in your QSF to an appropriate value for best performance.
Info (20030): Parallel compilation is enabled and will use 16 of the 16 processors detected
Info (21076): High junction temperature operating condition is not set. Assuming a default value of '85'.
Info (21076): Low junction temperature operating condition is not set. Assuming a default value of '0'.
Warning (335093): The Timing Analyzer is analyzing 32 combinational loops as latches. For more details, run the Check Timing command in the Timing Analyzer or view the "User-Specified and Inferred Latches" table in the Analysis & Synthesis report.
Critical Warning (332012): Synopsys Design Constraints File file not found: 'handshake_synchronizer.sdc'. A Synopsys Design Constraints File is required by the Timing Analyzer to get proper timing constraints. Without it, the Compiler will not properly optimize the design.
Info (332142): No user constrained base clocks found in the design. Calling "derive_clocks -period 1.0"
Info (332105): Deriving Clocks
    Info (332105): create_clock -period 1.000 -name src_clk src_clk
    Info (332105): create_clock -period 1.000 -name dest_clk dest_clk
    Info (332105): create_clock -period 1.000 -name sender_fsm:sender_fsm_inst|data_out_en sender_fsm:sender_fsm_inst|data_out_en
Info (332143): No user constrained clock uncertainty found in the design. Calling "derive_clock_uncertainty"
Info (332123): Deriving Clock Uncertainty. Please refer to report_sdc in the Timing Analyzer to see clock uncertainties.
Info: Found TIMING_ANALYZER_REPORT_SCRIPT_INCLUDE_DEFAULT_ANALYSIS = ON
Info: Analyzing Slow 1100mV 85C Model
Critical Warning (332148): Timing requirements not met
    Info (11105): For recommendations on closing timing, run Report Timing Closure Recommendations in the Timing Analyzer.
Info (332146): Worst-case setup slack is -6.440
    Info (332119):     Slack       End Point TNS Clock 
    Info (332119): ========= =================== =====================
    Info (332119):    -6.440            -173.348 sender_fsm:sender_fsm_inst|data_out_en 
    Info (332119):    -3.143             -89.566 dest_clk 
    Info (332119):    -1.094             -39.880 src_clk 
Info (332146): Worst-case hold slack is 0.301
    Info (332119):     Slack       End Point TNS Clock 
    Info (332119): ========= =================== =====================
    Info (332119):     0.301               0.000 dest_clk 
    Info (332119):     0.301               0.000 src_clk 
    Info (332119):     3.832               0.000 sender_fsm:sender_fsm_inst|data_out_en 
Info (332140): No Recovery paths to report
Info (332140): No Removal paths to report
Info (332146): Worst-case minimum pulse width slack is -0.724
    Info (332119):     Slack       End Point TNS Clock 
    Info (332119): ========= =================== =====================
    Info (332119):    -0.724             -44.531 src_clk 
    Info (332119):    -0.724             -40.078 dest_clk 
    Info (332119):     0.302               0.000 sender_fsm:sender_fsm_inst|data_out_en 
Info (332114): Report Metastability: Found 2 synchronizer chains.
    Info (332114): Design MTBF is not calculated because the design doesn't meet its timing requirements.
Info: Analyzing Slow 1100mV 0C Model
Info (334003): Started post-fitting delay annotation
Info (334004): Delay annotation completed successfully
Info (332123): Deriving Clock Uncertainty. Please refer to report_sdc in the Timing Analyzer to see clock uncertainties.
Critical Warning (332148): Timing requirements not met
    Info (11105): For recommendations on closing timing, run Report Timing Closure Recommendations in the Timing Analyzer.
Info (332146): Worst-case setup slack is -6.507
    Info (332119):     Slack       End Point TNS Clock 
    Info (332119): ========= =================== =====================
    Info (332119):    -6.507            -177.433 sender_fsm:sender_fsm_inst|data_out_en 
    Info (332119):    -2.802             -79.426 dest_clk 
    Info (332119):    -0.936             -33.703 src_clk 
Info (332146): Worst-case hold slack is 0.288
    Info (332119):     Slack       End Point TNS Clock 
    Info (332119): ========= =================== =====================
    Info (332119):     0.288               0.000 src_clk 
    Info (332119):     0.289               0.000 dest_clk 
    Info (332119):     3.863               0.000 sender_fsm:sender_fsm_inst|data_out_en 
Info (332140): No Recovery paths to report
Info (332140): No Removal paths to report
Info (332146): Worst-case minimum pulse width slack is -0.724
    Info (332119):     Slack       End Point TNS Clock 
    Info (332119): ========= =================== =====================
    Info (332119):    -0.724             -44.637 src_clk 
    Info (332119):    -0.724             -40.724 dest_clk 
    Info (332119):     0.303               0.000 sender_fsm:sender_fsm_inst|data_out_en 
Info (332114): Report Metastability: Found 2 synchronizer chains.
    Info (332114): Design MTBF is not calculated because the design doesn't meet its timing requirements.
Info: Analyzing Fast 1100mV 85C Model
Info (334003): Started post-fitting delay annotation
Info (334004): Delay annotation completed successfully
Info (332123): Deriving Clock Uncertainty. Please refer to report_sdc in the Timing Analyzer to see clock uncertainties.
Critical Warning (332148): Timing requirements not met
    Info (11105): For recommendations on closing timing, run Report Timing Closure Recommendations in the Timing Analyzer.
Info (332146): Worst-case setup slack is -2.450
    Info (332119):     Slack       End Point TNS Clock 
    Info (332119): ========= =================== =====================
    Info (332119):    -2.450             -60.747 sender_fsm:sender_fsm_inst|data_out_en 
    Info (332119):    -2.187             -55.590 dest_clk 
    Info (332119):     0.138               0.000 src_clk 
Info (332146): Worst-case hold slack is 0.133
    Info (332119):     Slack       End Point TNS Clock 
    Info (332119): ========= =================== =====================
    Info (332119):     0.133               0.000 src_clk 
    Info (332119):     0.139               0.000 dest_clk 
    Info (332119):     1.888               0.000 sender_fsm:sender_fsm_inst|data_out_en 
Info (332140): No Recovery paths to report
Info (332140): No Removal paths to report
Info (332146): Worst-case minimum pulse width slack is -0.085
    Info (332119):     Slack       End Point TNS Clock 
    Info (332119): ========= =================== =====================
    Info (332119):    -0.085              -3.000 dest_clk 
    Info (332119):    -0.082              -3.152 src_clk 
    Info (332119):     0.404               0.000 sender_fsm:sender_fsm_inst|data_out_en 
Info (332114): Report Metastability: Found 2 synchronizer chains.
    Info (332114): The design MTBF is not calculated because there are no specified synchronizers in the design.
    Info (332114): Number of Synchronizer Chains Found: 2
    Info (332114): Shortest Synchronizer Chain: 2 Registers
    Info (332114): Fraction of Chains for which MTBFs Could Not be Calculated: 1.000
    Info (332114): Worst Case Available Settling Time: 0.741 ns
    Info (332114): 
Info: Analyzing Fast 1100mV 0C Model
Info (332123): Deriving Clock Uncertainty. Please refer to report_sdc in the Timing Analyzer to see clock uncertainties.
Critical Warning (332148): Timing requirements not met
    Info (11105): For recommendations on closing timing, run Report Timing Closure Recommendations in the Timing Analyzer.
Info (332146): Worst-case setup slack is -2.290
    Info (332119):     Slack       End Point TNS Clock 
    Info (332119): ========= =================== =====================
    Info (332119):    -2.290             -57.945 sender_fsm:sender_fsm_inst|data_out_en 
    Info (332119):    -1.661             -41.321 dest_clk 
    Info (332119):     0.217               0.000 src_clk 
Info (332146): Worst-case hold slack is 0.121
    Info (332119):     Slack       End Point TNS Clock 
    Info (332119): ========= =================== =====================
    Info (332119):     0.121               0.000 src_clk 
    Info (332119):     0.129               0.000 dest_clk 
    Info (332119):     1.849               0.000 sender_fsm:sender_fsm_inst|data_out_en 
Info (332140): No Recovery paths to report
Info (332140): No Removal paths to report
Info (332146): Worst-case minimum pulse width slack is -0.083
    Info (332119):     Slack       End Point TNS Clock 
    Info (332119): ========= =================== =====================
    Info (332119):    -0.083              -3.214 src_clk 
    Info (332119):    -0.083              -2.968 dest_clk 
    Info (332119):     0.416               0.000 sender_fsm:sender_fsm_inst|data_out_en 
Info (332114): Report Metastability: Found 2 synchronizer chains.
    Info (332114): The design MTBF is not calculated because there are no specified synchronizers in the design.
    Info (332114): Number of Synchronizer Chains Found: 2
    Info (332114): Shortest Synchronizer Chain: 2 Registers
    Info (332114): Fraction of Chains for which MTBFs Could Not be Calculated: 1.000
    Info (332114): Worst Case Available Settling Time: 0.820 ns
    Info (332114): 
Info (332102): Design is not fully constrained for setup requirements
Info (332102): Design is not fully constrained for hold requirements
Info: Quartus Prime Timing Analyzer was successful. 0 errors, 7 warnings
    Info: Peak virtual memory: 5354 megabytes
    Info: Processing ended: Sun Sep 07 21:07:29 2025
    Info: Elapsed time: 00:00:04
    Info: Total CPU time (on all processors): 00:00:04


