Fitter report for bitcoin_hash
Wed Sep 10 19:44:39 2025
Quartus Prime Version 20.1.1 Build 720 11/11/2020 SJ Lite Edition


---------------------
; Table of Contents ;
---------------------
  1. Legal Notice
  2. Fitter Summary
  3. Fitter Settings
  4. Parallel Compilation
  5. Fitter Netlist Optimizations
  6. Incremental Compilation Preservation Summary
  7. Incremental Compilation Partition Settings
  8. Incremental Compilation Placement Preservation
  9. Pin-Out File
 10. Fitter Resource Usage Summary
 11. Fitter Partition Statistics
 12. Input Pins
 13. Output Pins
 14. Dual Purpose and Dedicated Pins
 15. I/O Bank Usage
 16. All Package Pins
 17. I/O Assignment Warnings
 18. Fitter Resource Utilization by Entity
 19. Delay Chain Summary
 20. Pad To Core Delay Chain Fanout
 21. Control Signals
 22. Global & Other Fast Signals
 23. Non-Global High Fan-Out Signals
 24. Routing Usage Summary
 25. LAB Logic Elements
 26. LAB-wide Signals
 27. LAB Signals Sourced
 28. LAB Signals Sourced Out
 29. LAB Distinct Inputs
 30. I/O Rules Summary
 31. I/O Rules Details
 32. I/O Rules Matrix
 33. Fitter Device Options
 34. Operating Settings and Conditions
 35. Fitter Messages
 36. Fitter Suppressed Messages



----------------
; Legal Notice ;
----------------
Copyright (C) 2020  Intel Corporation. All rights reserved.
Your use of Intel Corporation's design tools, logic functions 
and other software and tools, and any partner logic 
functions, and any output files from any of the foregoing 
(including device programming or simulation files), and any 
associated documentation or information are expressly subject 
to the terms and conditions of the Intel Program License 
Subscription Agreement, the Intel Quartus Prime License Agreement,
the Intel FPGA IP License Agreement, or other applicable license
agreement, including, without limitation, that your use is for
the sole purpose of programming logic devices manufactured by
Intel and sold by Intel or its authorized distributors.  Please
refer to the applicable agreement for further details, at
https://fpgasoftware.intel.com/eula.



+---------------------------------------------------------------------------------+
; Fitter Summary                                                                  ;
+-----------------------------------+---------------------------------------------+
; Fitter Status                     ; Successful - Wed Sep 10 19:44:39 2025       ;
; Quartus Prime Version             ; 20.1.1 Build 720 11/11/2020 SJ Lite Edition ;
; Revision Name                     ; bitcoin_hash                                ;
; Top-level Entity Name             ; bitcoin_hash                                ;
; Family                            ; Arria II GX                                 ;
; Device                            ; EP2AGX45DF29I5                              ;
; Timing Models                     ; Final                                       ;
; Logic utilization                 ; 71 %                                        ;
;     Combinational ALUTs           ; 17,664 / 36,100 ( 49 % )                    ;
;     Memory ALUTs                  ; 0 / 18,050 ( 0 % )                          ;
;     Dedicated logic registers     ; 11,706 / 36,100 ( 32 % )                    ;
; Total registers                   ; 11706                                       ;
; Total pins                        ; 118 / 404 ( 29 % )                          ;
; Total virtual pins                ; 0                                           ;
; Total block memory bits           ; 0 / 2,939,904 ( 0 % )                       ;
; DSP block 18-bit elements         ; 0 / 232 ( 0 % )                             ;
; Total GXB Receiver Channel PCS    ; 0 / 8 ( 0 % )                               ;
; Total GXB Receiver Channel PMA    ; 0 / 8 ( 0 % )                               ;
; Total GXB Transmitter Channel PCS ; 0 / 8 ( 0 % )                               ;
; Total GXB Transmitter Channel PMA ; 0 / 8 ( 0 % )                               ;
; Total PLLs                        ; 0 / 4 ( 0 % )                               ;
; Total DLLs                        ; 0 / 2 ( 0 % )                               ;
+-----------------------------------+---------------------------------------------+


+----------------------------------------------------------------------------------------------------------------------------------------------------+
; Fitter Settings                                                                                                                                    ;
+--------------------------------------------------------------------+---------------------------------------+---------------------------------------+
; Option                                                             ; Setting                               ; Default Value                         ;
+--------------------------------------------------------------------+---------------------------------------+---------------------------------------+
; Device                                                             ; EP2AGX45DF29I5                        ;                                       ;
; Minimum Core Junction Temperature                                  ; -40                                   ;                                       ;
; Maximum Core Junction Temperature                                  ; 100                                   ;                                       ;
; Fit Attempts to Skip                                               ; 0                                     ; 0.0                                   ;
; Use smart compilation                                              ; Off                                   ; Off                                   ;
; Enable parallel Assembler and Timing Analyzer during compilation   ; On                                    ; On                                    ;
; Enable compact report table                                        ; Off                                   ; Off                                   ;
; Auto Merge PLLs                                                    ; On                                    ; On                                    ;
; Router Timing Optimization Level                                   ; Normal                                ; Normal                                ;
; Perform Clocking Topology Analysis During Routing                  ; Off                                   ; Off                                   ;
; Placement Effort Multiplier                                        ; 1.0                                   ; 1.0                                   ;
; Router Effort Multiplier                                           ; 1.0                                   ; 1.0                                   ;
; Optimize Hold Timing                                               ; All Paths                             ; All Paths                             ;
; Optimize Multi-Corner Timing                                       ; On                                    ; On                                    ;
; Auto RAM to MLAB Conversion                                        ; On                                    ; On                                    ;
; Equivalent RAM and MLAB Power Up                                   ; Auto                                  ; Auto                                  ;
; Equivalent RAM and MLAB Paused Read Capabilities                   ; Care                                  ; Care                                  ;
; Power Optimization During Fitting                                  ; Normal compilation                    ; Normal compilation                    ;
; SSN Optimization                                                   ; Off                                   ; Off                                   ;
; Optimize Timing                                                    ; Normal compilation                    ; Normal compilation                    ;
; Optimize Timing for ECOs                                           ; Off                                   ; Off                                   ;
; Regenerate Full Fit Report During ECO Compiles                     ; Off                                   ; Off                                   ;
; Optimize IOC Register Placement for Timing                         ; Normal                                ; Normal                                ;
; Limit to One Fitting Attempt                                       ; Off                                   ; Off                                   ;
; Final Placement Optimizations                                      ; Automatically                         ; Automatically                         ;
; Fitter Aggressive Routability Optimizations                        ; Automatically                         ; Automatically                         ;
; Fitter Initial Placement Seed                                      ; 1                                     ; 1                                     ;
; Periphery to Core Placement and Routing Optimization               ; Off                                   ; Off                                   ;
; Weak Pull-Up Resistor                                              ; Off                                   ; Off                                   ;
; Enable Bus-Hold Circuitry                                          ; Off                                   ; Off                                   ;
; Auto Packed Registers                                              ; Auto                                  ; Auto                                  ;
; Auto Delay Chains                                                  ; On                                    ; On                                    ;
; Auto Delay Chains for High Fanout Input Pins                       ; Off                                   ; Off                                   ;
; Allow Single-ended Buffer for Differential-XSTL Input              ; Off                                   ; Off                                   ;
; Treat Bidirectional Pin as Output Pin                              ; Off                                   ; Off                                   ;
; Perform Physical Synthesis for Combinational Logic for Fitting     ; Off                                   ; Off                                   ;
; Perform Physical Synthesis for Combinational Logic for Performance ; Off                                   ; Off                                   ;
; Perform Register Duplication for Performance                       ; Off                                   ; Off                                   ;
; Perform Logic to Memory Mapping for Fitting                        ; Off                                   ; Off                                   ;
; Perform Register Retiming for Performance                          ; Off                                   ; Off                                   ;
; Perform Asynchronous Signal Pipelining                             ; Off                                   ; Off                                   ;
; Fitter Effort                                                      ; Auto Fit                              ; Auto Fit                              ;
; Physical Synthesis Effort Level                                    ; Normal                                ; Normal                                ;
; Logic Cell Insertion - Logic Duplication                           ; Auto                                  ; Auto                                  ;
; Auto Register Duplication                                          ; Auto                                  ; Auto                                  ;
; Auto Global Clock                                                  ; On                                    ; On                                    ;
; Auto Global Register Control Signals                               ; On                                    ; On                                    ;
; Generate GXB Reconfig MIF                                          ; Off                                   ; Off                                   ;
; Reserve all unused pins                                            ; As input tri-stated with weak pull-up ; As input tri-stated with weak pull-up ;
; Synchronizer Identification                                        ; Auto                                  ; Auto                                  ;
; Enable Beneficial Skew Optimization                                ; On                                    ; On                                    ;
; Optimize Design for Metastability                                  ; On                                    ; On                                    ;
; Active Serial clock source                                         ; FREQ_40MHz                            ; FREQ_40MHz                            ;
; Force Fitter to Avoid Periphery Placement Warnings                 ; Off                                   ; Off                                   ;
; Clamping Diode                                                     ; Off                                   ; Off                                   ;
; Enable input tri-state on active configuration pins in user mode   ; Off                                   ; Off                                   ;
+--------------------------------------------------------------------+---------------------------------------+---------------------------------------+


+------------------------------------------+
; Parallel Compilation                     ;
+----------------------------+-------------+
; Processors                 ; Number      ;
+----------------------------+-------------+
; Number detected on machine ; 24          ;
; Maximum allowed            ; 16          ;
;                            ;             ;
; Average used               ; 1.37        ;
; Maximum used               ; 16          ;
;                            ;             ;
; Usage by Processor         ; % Time Used ;
;     Processor 1            ; 100.0%      ;
;     Processor 2            ;   3.1%      ;
;     Processor 3            ;   2.9%      ;
;     Processor 4            ;   2.8%      ;
;     Processor 5            ;   2.8%      ;
;     Processor 6            ;   2.7%      ;
;     Processor 7            ;   2.7%      ;
;     Processor 8            ;   2.6%      ;
;     Processors 9-16        ;   2.2%      ;
+----------------------------+-------------+


+--------------------------------------------------------------------------------------------------------------------------------------------------------------------------------------------------------+
; Fitter Netlist Optimizations                                                                                                                                                                           ;
+-------------+------------+---------------------------------------------------+--------------------------+-----------+----------------+----------------------+------------------+-----------------------+
; Node        ; Action     ; Operation                                         ; Reason                   ; Node Port ; Node Port Name ; Destination Node     ; Destination Port ; Destination Port Name ;
+-------------+------------+---------------------------------------------------+--------------------------+-----------+----------------+----------------------+------------------+-----------------------+
; WideOr17~0  ; Duplicated ; Router Logic Cell Insertion and Logic Duplication ; Routability optimization ;           ;                ; WideOr17~0DUPLICATE  ;                  ;                       ;
; WideOr28~0  ; Duplicated ; Router Logic Cell Insertion and Logic Duplication ; Routability optimization ;           ;                ; WideOr28~0DUPLICATE  ;                  ;                       ;
; WideOr30~0  ; Duplicated ; Router Logic Cell Insertion and Logic Duplication ; Routability optimization ;           ;                ; WideOr30~0DUPLICATE  ;                  ;                       ;
; WideOr31~0  ; Duplicated ; Router Logic Cell Insertion and Logic Duplication ; Routability optimization ;           ;                ; WideOr31~0DUPLICATE  ;                  ;                       ;
; WideOr72~0  ; Duplicated ; Router Logic Cell Insertion and Logic Duplication ; Routability optimization ;           ;                ; WideOr72~0DUPLICATE  ;                  ;                       ;
; WideOr75~0  ; Duplicated ; Router Logic Cell Insertion and Logic Duplication ; Routability optimization ;           ;                ; WideOr75~0DUPLICATE  ;                  ;                       ;
; WideOr92~0  ; Duplicated ; Router Logic Cell Insertion and Logic Duplication ; Routability optimization ;           ;                ; WideOr92~0DUPLICATE  ;                  ;                       ;
; WideOr346~0 ; Duplicated ; Router Logic Cell Insertion and Logic Duplication ; Routability optimization ;           ;                ; WideOr346~0DUPLICATE ;                  ;                       ;
; WideOr349~0 ; Duplicated ; Router Logic Cell Insertion and Logic Duplication ; Routability optimization ;           ;                ; WideOr349~0DUPLICATE ;                  ;                       ;
+-------------+------------+---------------------------------------------------+--------------------------+-----------+----------------+----------------------+------------------+-----------------------+


+----------------------------------------------------------------------------------------------------+
; Incremental Compilation Preservation Summary                                                       ;
+---------------------+----------------------+----------------------------+--------------------------+
; Type                ; Total [A + B]        ; From Design Partitions [A] ; From Rapid Recompile [B] ;
+---------------------+----------------------+----------------------------+--------------------------+
; Placement (by node) ;                      ;                            ;                          ;
;     -- Requested    ; 0.00 % ( 0 / 29602 ) ; 0.00 % ( 0 / 29602 )       ; 0.00 % ( 0 / 29602 )     ;
;     -- Achieved     ; 0.00 % ( 0 / 29602 ) ; 0.00 % ( 0 / 29602 )       ; 0.00 % ( 0 / 29602 )     ;
;                     ;                      ;                            ;                          ;
; Routing (by net)    ;                      ;                            ;                          ;
;     -- Requested    ; 0.00 % ( 0 / 0 )     ; 0.00 % ( 0 / 0 )           ; 0.00 % ( 0 / 0 )         ;
;     -- Achieved     ; 0.00 % ( 0 / 0 )     ; 0.00 % ( 0 / 0 )           ; 0.00 % ( 0 / 0 )         ;
+---------------------+----------------------+----------------------------+--------------------------+


+----------------------------------------------------------------------------------------------------------------------------------------------------------------------------------------+
; Incremental Compilation Partition Settings                                                                                                                                             ;
+--------------------------------+----------------+-------------------+-------------------------+------------------------+------------------------------+--------------------------------+
; Partition Name                 ; Partition Type ; Netlist Type Used ; Preservation Level Used ; Netlist Type Requested ; Preservation Level Requested ; Contents                       ;
+--------------------------------+----------------+-------------------+-------------------------+------------------------+------------------------------+--------------------------------+
; Top                            ; User-created   ; Source File       ; N/A                     ; Source File            ; N/A                          ;                                ;
; hard_block:auto_generated_inst ; Auto-generated ; Source File       ; N/A                     ; Source File            ; N/A                          ; hard_block:auto_generated_inst ;
+--------------------------------+----------------+-------------------+-------------------------+------------------------+------------------------------+--------------------------------+


+------------------------------------------------------------------------------------------------------------------------------------+
; Incremental Compilation Placement Preservation                                                                                     ;
+--------------------------------+-----------------------+-------------------------+-------------------+---------------------+-------+
; Partition Name                 ; Preservation Achieved ; Preservation Level Used ; Netlist Type Used ; Preservation Method ; Notes ;
+--------------------------------+-----------------------+-------------------------+-------------------+---------------------+-------+
; Top                            ; 0.00 % ( 0 / 29600 )  ; N/A                     ; Source File       ; N/A                 ;       ;
; hard_block:auto_generated_inst ; 0.00 % ( 0 / 2 )      ; N/A                     ; Source File       ; N/A                 ;       ;
+--------------------------------+-----------------------+-------------------------+-------------------+---------------------+-------+


+--------------+
; Pin-Out File ;
+--------------+
The pin-out file can be found in C:/Users/Jaspe/repositories/ECE 111 Lab HW/Final_Project/bitcoin_hash/output_files/bitcoin_hash.pin.


+--------------------------------------------------------------------------------------------------------------+
; Fitter Resource Usage Summary                                                                                ;
+-----------------------------------------------------------------------------------+--------------------------+
; Resource                                                                          ; Usage                    ;
+-----------------------------------------------------------------------------------+--------------------------+
; ALUTs Used                                                                        ; 17,664 / 36,100 ( 49 % ) ;
;     -- Combinational ALUTs                                                        ; 17,664 / 36,100 ( 49 % ) ;
;     -- Memory ALUTs                                                               ; 0 / 18,050 ( 0 % )       ;
;     -- LUT_REGs                                                                   ; 0 / 36,100 ( 0 % )       ;
; Dedicated logic registers                                                         ; 11,706 / 36,100 ( 32 % ) ;
;                                                                                   ;                          ;
; Combinational ALUT usage by number of inputs                                      ;                          ;
;     -- 7 input functions                                                          ; 700                      ;
;     -- 6 input functions                                                          ; 3003                     ;
;     -- 5 input functions                                                          ; 2191                     ;
;     -- 4 input functions                                                          ; 2914                     ;
;     -- <=3 input functions                                                        ; 8856                     ;
;                                                                                   ;                          ;
; Combinational ALUTs by mode                                                       ;                          ;
;     -- normal mode                                                                ; 11196                    ;
;     -- extended LUT mode                                                          ; 700                      ;
;     -- arithmetic mode                                                            ; 4456                     ;
;     -- shared arithmetic mode                                                     ; 1312                     ;
;                                                                                   ;                          ;
; Logic utilization                                                                 ; 25,733 / 36,100 ( 71 % ) ;
;     -- Difficulty Clustering Design                                               ; Low                      ;
;     -- Combinational ALUT/register pairs used in final Placement                  ; 21606                    ;
;         -- Combinational with no register                                         ; 9900                     ;
;         -- Register only                                                          ; 3942                     ;
;         -- Combinational with a register                                          ; 7764                     ;
;     -- Estimated pairs recoverable by pairing ALUTs and registers as design grows ; -630                     ;
;     -- Estimated Combinational ALUT/register pairs unavailable                    ; 4757                     ;
;         -- Unavailable due to Memory LAB use                                      ; 0                        ;
;         -- Unavailable due to unpartnered 7 LUTs                                  ; 700                      ;
;         -- Unavailable due to unpartnered 6 LUTs                                  ; 1003                     ;
;         -- Unavailable due to unpartnered 5 LUTs                                  ; 294                      ;
;         -- Unavailable due to LAB-wide signal conflicts                           ; 2118                     ;
;         -- Unavailable due to LAB input limits                                    ; 642                      ;
;                                                                                   ;                          ;
; Total registers*                                                                  ; 11706                    ;
;     -- Dedicated logic registers                                                  ; 11,706 / 36,100 ( 32 % ) ;
;     -- I/O registers                                                              ; 0 / 2,232 ( 0 % )        ;
;     -- LUT_REGs                                                                   ; 0                        ;
;                                                                                   ;                          ;
; ALMs:  partially or completely used                                               ; 13,160 / 18,050 ( 73 % ) ;
;                                                                                   ;                          ;
; Total LABs:  partially or completely used                                         ; 1,563 / 1,805 ( 87 % )   ;
;     -- Logic LABs                                                                 ; 1,563 / 1,563 ( 100 % )  ;
;     -- Memory LABs                                                                ; 0 / 1,563 ( 0 % )        ;
;                                                                                   ;                          ;
; Virtual pins                                                                      ; 0                        ;
; I/O pins                                                                          ; 118 / 404 ( 29 % )       ;
;     -- Clock pins                                                                 ; 1 / 10 ( 10 % )          ;
;     -- Dedicated input pins                                                       ; 0 / 28 ( 0 % )           ;
;                                                                                   ;                          ;
; M9K blocks                                                                        ; 0 / 319 ( 0 % )          ;
; Total MLAB memory bits                                                            ; 0                        ;
; Total block memory bits                                                           ; 0 / 2,939,904 ( 0 % )    ;
; Total block memory implementation bits                                            ; 0 / 2,939,904 ( 0 % )    ;
; DSP block 18-bit elements                                                         ; 0 / 232 ( 0 % )          ;
; PLLs                                                                              ; 0 / 4 ( 0 % )            ;
; Global signals                                                                    ; 2                        ;
;     -- Global clocks                                                              ; 2 / 16 ( 13 % )          ;
;     -- Quadrant clocks                                                            ; 0 / 48 ( 0 % )           ;
;     -- Periphery clocks                                                           ; 0 / 50 ( 0 % )           ;
; SERDES receivers                                                                  ; 0 / 28 ( 0 % )           ;
; JTAGs                                                                             ; 0 / 1 ( 0 % )            ;
; ASMI blocks                                                                       ; 0 / 1 ( 0 % )            ;
; CRC blocks                                                                        ; 0 / 1 ( 0 % )            ;
; Remote update blocks                                                              ; 0 / 1 ( 0 % )            ;
; Oscillator blocks                                                                 ; 0 / 1 ( 0 % )            ;
; GXB Receiver channel PCSs                                                         ; 0 / 8 ( 0 % )            ;
; GXB Receiver channel PMAs                                                         ; 0 / 8 ( 0 % )            ;
; GXB Transmitter channel PCSs                                                      ; 0 / 8 ( 0 % )            ;
; GXB Transmitter channel PMAs                                                      ; 0 / 8 ( 0 % )            ;
; HSSI CMU PLLs                                                                     ; 0 / 4 ( 0 % )            ;
; Impedance control blocks                                                          ; 0 / 3 ( 0 % )            ;
; Average interconnect usage (total/H/V)                                            ; 24.6% / 24.5% / 24.8%    ;
; Peak interconnect usage (total/H/V)                                               ; 55.0% / 55.4% / 55.4%    ;
; Maximum fan-out                                                                   ; 11706                    ;
; Highest non-global fan-out                                                        ; 7518                     ;
; Total fan-out                                                                     ; 122533                   ;
; Average fan-out                                                                   ; 3.81                     ;
+-----------------------------------------------------------------------------------+--------------------------+
*  Register count does not include registers inside RAM blocks or DSP blocks.



+---------------------------------------------------------------------------------------------------------------------------------------------+
; Fitter Partition Statistics                                                                                                                 ;
+-----------------------------------------------------------------------------------+------------------------+--------------------------------+
; Statistic                                                                         ; Top                    ; hard_block:auto_generated_inst ;
+-----------------------------------------------------------------------------------+------------------------+--------------------------------+
; Difficulty Clustering Region                                                      ; Low                    ; Low                            ;
;                                                                                   ;                        ;                                ;
; Logic utilization                                                                 ; 25733 / 36100 ( 71 % ) ; 0 / 36100 ( 0 % )              ;
;     -- Combinational ALUT/register pairs used in final Placement                  ; 21606                  ; 0                              ;
;         -- Combinational with no register                                         ; 9900                   ; 0                              ;
;         -- Register only                                                          ; 3942                   ; 0                              ;
;         -- Combinational with a register                                          ; 7764                   ; 0                              ;
;     -- Estimated pairs recoverable by pairing ALUTs and registers as design grows ; -630                   ; 0                              ;
;     -- Estimated Combinational ALUT/register pairs unavailable                    ; 4757                   ; 0                              ;
;         -- Unavailable due to Memory LAB use                                      ; 0                      ; 0                              ;
;         -- Unavailable due to unpartnered 7 LUTs                                  ; 700                    ; 0                              ;
;         -- Unavailable due to unpartnered 6 LUTs                                  ; 1003                   ; 0                              ;
;         -- Unavailable due to unpartnered 5 LUTs                                  ; 294                    ; 0                              ;
;         -- Unavailable due to LAB-wide signal conflicts                           ; 2118                   ; 0                              ;
;         -- Unavailable due to LAB input limits                                    ; 642                    ; 0                              ;
;                                                                                   ;                        ;                                ;
; ALUTs Used                                                                        ; 17664 / 36100 ( 49 % ) ; 0 / 36100 ( 0 % )              ;
;     -- Combinational ALUTs                                                        ; 17664 / 36100 ( 49 % ) ; 0 / 36100 ( 0 % )              ;
;     -- Memory ALUTs                                                               ; 0 / 18050 ( 0 % )      ; 0 / 18050 ( 0 % )              ;
;     -- LUT_REGs                                                                   ; 0 / 36100 ( 0 % )      ; 0 / 36100 ( 0 % )              ;
; Dedicated logic registers                                                         ; 11706 / 36100 ( 32 % ) ; 0 / 36100 ( 0 % )              ;
;                                                                                   ;                        ;                                ;
; Combinational ALUT usage by number of inputs                                      ;                        ;                                ;
;     -- 7 input functions                                                          ; 700                    ; 0                              ;
;     -- 6 input functions                                                          ; 3003                   ; 0                              ;
;     -- 5 input functions                                                          ; 2191                   ; 0                              ;
;     -- 4 input functions                                                          ; 2914                   ; 0                              ;
;     -- <=3 input functions                                                        ; 8856                   ; 0                              ;
;                                                                                   ;                        ;                                ;
; Combinational ALUTs by mode                                                       ;                        ;                                ;
;     -- normal mode                                                                ; 11196                  ; 0                              ;
;     -- extended LUT mode                                                          ; 700                    ; 0                              ;
;     -- arithmetic mode                                                            ; 4456                   ; 0                              ;
;     -- shared arithmetic mode                                                     ; 1312                   ; 0                              ;
;                                                                                   ;                        ;                                ;
; Total registers                                                                   ; 11706                  ; 0                              ;
;     -- Dedicated logic registers                                                  ; 11706 / 36100 ( 32 % ) ; 0 / 36100 ( 0 % )              ;
;     -- I/O registers                                                              ; 0                      ; 0                              ;
;     -- LUT_REGs                                                                   ; 0                      ; 0                              ;
;                                                                                   ;                        ;                                ;
; Memory LAB cells by mode                                                          ;                        ;                                ;
;     -- 64-address deep                                                            ; 0                      ; 0                              ;
;     -- 32-address deep                                                            ; 0                      ; 0                              ;
;                                                                                   ;                        ;                                ;
; ALMs:  partially or completely used                                               ; 13160 / 18050 ( 73 % ) ; 0 / 18050 ( 0 % )              ;
;                                                                                   ;                        ;                                ;
; Total LABs:  partially or completely used                                         ; 1563 / 1805 ( 87 % )   ; 0 / 1805 ( 0 % )               ;
;     -- Logic LABs                                                                 ; 1563                   ; 0                              ;
;     -- Memory LABs                                                                ; 0                      ; 0                              ;
;                                                                                   ;                        ;                                ;
; Virtual pins                                                                      ; 0                      ; 0                              ;
; I/O pins                                                                          ; 118                    ; 0                              ;
; DSP block 18-bit elements                                                         ; 0 / 232 ( 0 % )        ; 0 / 232 ( 0 % )                ;
; Total block memory bits                                                           ; 0                      ; 0                              ;
; Total block memory implementation bits                                            ; 0                      ; 0                              ;
; Clock enable block                                                                ; 2 / 126 ( 1 % )        ; 0 / 126 ( 0 % )                ;
;                                                                                   ;                        ;                                ;
; Connections                                                                       ;                        ;                                ;
;     -- Input Connections                                                          ; 0                      ; 0                              ;
;     -- Registered Input Connections                                               ; 0                      ; 0                              ;
;     -- Output Connections                                                         ; 0                      ; 0                              ;
;     -- Registered Output Connections                                              ; 0                      ; 0                              ;
;                                                                                   ;                        ;                                ;
; Internal Connections                                                              ;                        ;                                ;
;     -- Total Connections                                                          ; 123803                 ; 1                              ;
;     -- Registered Connections                                                     ; 58705                  ; 0                              ;
;                                                                                   ;                        ;                                ;
; External Connections                                                              ;                        ;                                ;
;     -- Top                                                                        ; 0                      ; 0                              ;
;     -- hard_block:auto_generated_inst                                             ; 0                      ; 0                              ;
;                                                                                   ;                        ;                                ;
; Partition Interface                                                               ;                        ;                                ;
;     -- Input Ports                                                                ; 67                     ; 0                              ;
;     -- Output Ports                                                               ; 51                     ; 0                              ;
;     -- Bidir Ports                                                                ; 0                      ; 0                              ;
;                                                                                   ;                        ;                                ;
; Registered Ports                                                                  ;                        ;                                ;
;     -- Registered Input Ports                                                     ; 0                      ; 0                              ;
;     -- Registered Output Ports                                                    ; 0                      ; 0                              ;
;                                                                                   ;                        ;                                ;
; Port Connectivity                                                                 ;                        ;                                ;
;     -- Input Ports driven by GND                                                  ; 0                      ; 0                              ;
;     -- Output Ports driven by GND                                                 ; 0                      ; 0                              ;
;     -- Input Ports driven by VCC                                                  ; 0                      ; 0                              ;
;     -- Output Ports driven by VCC                                                 ; 0                      ; 0                              ;
;     -- Input Ports with no Source                                                 ; 0                      ; 0                              ;
;     -- Output Ports with no Source                                                ; 0                      ; 0                              ;
;     -- Input Ports with no Fanout                                                 ; 0                      ; 0                              ;
;     -- Output Ports with no Fanout                                                ; 0                      ; 0                              ;
+-----------------------------------------------------------------------------------+------------------------+--------------------------------+


+------------------------------------------------------------------------------------------------------------------------------------------------------------------------------------------------------------------------------------------------------------------------------------------------------------------+
; Input Pins                                                                                                                                                                                                                                                                                                       ;
+-------------------+-------+----------+--------------+--------------+--------------+-----------------------+--------------------+--------+----------------+---------------+-----------------+----------+--------------+--------------+-------------+---------------------------+----------------------+-----------+
; Name              ; Pin # ; I/O Bank ; X coordinate ; Y coordinate ; Z coordinate ; Combinational Fan-Out ; Registered Fan-Out ; Global ; Input Register ; Power Up High ; PCI I/O Enabled ; Bus Hold ; Weak Pull Up ; I/O Standard ; Termination ; Termination Control Block ; Location assigned by ; Slew Rate ;
+-------------------+-------+----------+--------------+--------------+--------------+-----------------------+--------------------+--------+----------------+---------------+-----------------+----------+--------------+--------------+-------------+---------------------------+----------------------+-----------+
; clk               ; AE15  ; 3A       ; 26           ; 0            ; 31           ; 11707                 ; 0                  ; yes    ; no             ; no            ; no              ; no       ; Off          ; 2.5 V        ; Off         ; --                        ; Fitter               ; no        ;
; mem_read_data[0]  ; AH16  ; 3A       ; 24           ; 0            ; 31           ; 19                    ; 0                  ; no     ; no             ; no            ; no              ; no       ; Off          ; 2.5 V        ; Off         ; --                        ; Fitter               ; no        ;
; mem_read_data[10] ; AH18  ; 3A       ; 24           ; 0            ; 62           ; 19                    ; 0                  ; no     ; no             ; no            ; no              ; no       ; Off          ; 2.5 V        ; Off         ; --                        ; Fitter               ; no        ;
; mem_read_data[11] ; AG12  ; 4A       ; 29           ; 0            ; 0            ; 19                    ; 0                  ; no     ; no             ; no            ; no              ; no       ; Off          ; 2.5 V        ; Off         ; --                        ; Fitter               ; no        ;
; mem_read_data[12] ; AF20  ; 3A       ; 15           ; 0            ; 62           ; 19                    ; 0                  ; no     ; no             ; no            ; no              ; no       ; Off          ; 2.5 V        ; Off         ; --                        ; Fitter               ; no        ;
; mem_read_data[13] ; AC10  ; 4A       ; 56           ; 0            ; 93           ; 19                    ; 0                  ; no     ; no             ; no            ; no              ; no       ; Off          ; 2.5 V        ; Off         ; --                        ; Fitter               ; no        ;
; mem_read_data[14] ; AH14  ; 4A       ; 29           ; 0            ; 93           ; 19                    ; 0                  ; no     ; no             ; no            ; no              ; no       ; Off          ; 2.5 V        ; Off         ; --                        ; Fitter               ; no        ;
; mem_read_data[15] ; Y3    ; 5A       ; 59           ; 13           ; 62           ; 19                    ; 0                  ; no     ; no             ; no            ; no              ; no       ; Off          ; 2.5 V        ; Off         ; --                        ; Fitter               ; no        ;
; mem_read_data[16] ; AA19  ; 3A       ; 22           ; 0            ; 93           ; 19                    ; 0                  ; no     ; no             ; no            ; no              ; no       ; Off          ; 2.5 V        ; Off         ; --                        ; Fitter               ; no        ;
; mem_read_data[17] ; AE3   ; 5A       ; 59           ; 9            ; 62           ; 19                    ; 0                  ; no     ; no             ; no            ; no              ; no       ; Off          ; 2.5 V        ; Off         ; --                        ; Fitter               ; no        ;
; mem_read_data[18] ; Y16   ; 3A       ; 18           ; 0            ; 31           ; 19                    ; 0                  ; no     ; no             ; no            ; no              ; no       ; Off          ; 2.5 V        ; Off         ; --                        ; Fitter               ; no        ;
; mem_read_data[19] ; AH11  ; 4A       ; 30           ; 0            ; 62           ; 19                    ; 0                  ; no     ; no             ; no            ; no              ; no       ; Off          ; 2.5 V        ; Off         ; --                        ; Fitter               ; no        ;
; mem_read_data[1]  ; AH7   ; 4A       ; 32           ; 0            ; 31           ; 19                    ; 0                  ; no     ; no             ; no            ; no              ; no       ; Off          ; 2.5 V        ; Off         ; --                        ; Fitter               ; no        ;
; mem_read_data[20] ; AG15  ; 3A       ; 25           ; 0            ; 0            ; 19                    ; 0                  ; no     ; no             ; no            ; no              ; no       ; Off          ; 2.5 V        ; Off         ; --                        ; Fitter               ; no        ;
; mem_read_data[21] ; Y9    ; 5A       ; 59           ; 6            ; 31           ; 19                    ; 0                  ; no     ; no             ; no            ; no              ; no       ; Off          ; 2.5 V        ; Off         ; --                        ; Fitter               ; no        ;
; mem_read_data[22] ; AE19  ; 3A       ; 16           ; 0            ; 0            ; 19                    ; 0                  ; no     ; no             ; no            ; no              ; no       ; Off          ; 2.5 V        ; Off         ; --                        ; Fitter               ; no        ;
; mem_read_data[23] ; Y13   ; 4A       ; 30           ; 0            ; 31           ; 19                    ; 0                  ; no     ; no             ; no            ; no              ; no       ; Off          ; 2.5 V        ; Off         ; --                        ; Fitter               ; no        ;
; mem_read_data[24] ; AG19  ; 3A       ; 22           ; 0            ; 0            ; 19                    ; 0                  ; no     ; no             ; no            ; no              ; no       ; Off          ; 2.5 V        ; Off         ; --                        ; Fitter               ; no        ;
; mem_read_data[25] ; V22   ; 3A       ; 15           ; 0            ; 31           ; 19                    ; 0                  ; no     ; no             ; no            ; no              ; no       ; Off          ; 2.5 V        ; Off         ; --                        ; Fitter               ; no        ;
; mem_read_data[26] ; AH19  ; 3A       ; 22           ; 0            ; 62           ; 19                    ; 0                  ; no     ; no             ; no            ; no              ; no       ; Off          ; 2.5 V        ; Off         ; --                        ; Fitter               ; no        ;
; mem_read_data[27] ; AF17  ; 3A       ; 18           ; 0            ; 62           ; 19                    ; 0                  ; no     ; no             ; no            ; no              ; no       ; Off          ; 2.5 V        ; Off         ; --                        ; Fitter               ; no        ;
; mem_read_data[28] ; AG18  ; 3A       ; 24           ; 0            ; 0            ; 19                    ; 0                  ; no     ; no             ; no            ; no              ; no       ; Off          ; 2.5 V        ; Off         ; --                        ; Fitter               ; no        ;
; mem_read_data[29] ; AB2   ; 5A       ; 59           ; 13           ; 93           ; 19                    ; 0                  ; no     ; no             ; no            ; no              ; no       ; Off          ; 2.5 V        ; Off         ; --                        ; Fitter               ; no        ;
; mem_read_data[2]  ; AH13  ; 4A       ; 29           ; 0            ; 31           ; 19                    ; 0                  ; no     ; no             ; no            ; no              ; no       ; Off          ; 2.5 V        ; Off         ; --                        ; Fitter               ; no        ;
; mem_read_data[30] ; AE22  ; 3A       ; 13           ; 0            ; 62           ; 19                    ; 0                  ; no     ; no             ; no            ; no              ; no       ; Off          ; 2.5 V        ; Off         ; --                        ; Fitter               ; no        ;
; mem_read_data[31] ; AB15  ; 3A       ; 25           ; 0            ; 93           ; 19                    ; 0                  ; no     ; no             ; no            ; no              ; no       ; Off          ; 2.5 V        ; Off         ; --                        ; Fitter               ; no        ;
; mem_read_data[3]  ; AA15  ; 3A       ; 25           ; 0            ; 31           ; 19                    ; 0                  ; no     ; no             ; no            ; no              ; no       ; Off          ; 2.5 V        ; Off         ; --                        ; Fitter               ; no        ;
; mem_read_data[4]  ; Y14   ; 4A       ; 30           ; 0            ; 93           ; 19                    ; 0                  ; no     ; no             ; no            ; no              ; no       ; Off          ; 2.5 V        ; Off         ; --                        ; Fitter               ; no        ;
; mem_read_data[5]  ; AC14  ; 4A       ; 33           ; 0            ; 93           ; 19                    ; 0                  ; no     ; no             ; no            ; no              ; no       ; Off          ; 2.5 V        ; Off         ; --                        ; Fitter               ; no        ;
; mem_read_data[6]  ; Y18   ; 3A       ; 22           ; 0            ; 31           ; 19                    ; 0                  ; no     ; no             ; no            ; no              ; no       ; Off          ; 2.5 V        ; Off         ; --                        ; Fitter               ; no        ;
; mem_read_data[7]  ; AH10  ; 4A       ; 30           ; 0            ; 0            ; 19                    ; 0                  ; no     ; no             ; no            ; no              ; no       ; Off          ; 2.5 V        ; Off         ; --                        ; Fitter               ; no        ;
; mem_read_data[8]  ; AH12  ; 4A       ; 29           ; 0            ; 62           ; 19                    ; 0                  ; no     ; no             ; no            ; no              ; no       ; Off          ; 2.5 V        ; Off         ; --                        ; Fitter               ; no        ;
; mem_read_data[9]  ; AA10  ; 4A       ; 55           ; 0            ; 93           ; 19                    ; 0                  ; no     ; no             ; no            ; no              ; no       ; Off          ; 2.5 V        ; Off         ; --                        ; Fitter               ; no        ;
; message_addr[0]   ; AB14  ; 4A       ; 33           ; 0            ; 31           ; 1                     ; 0                  ; no     ; no             ; no            ; no              ; no       ; Off          ; 2.5 V        ; Off         ; --                        ; Fitter               ; no        ;
; message_addr[10]  ; AD7   ; 4A       ; 56           ; 0            ; 62           ; 1                     ; 0                  ; no     ; no             ; no            ; no              ; no       ; Off          ; 2.5 V        ; Off         ; --                        ; Fitter               ; no        ;
; message_addr[11]  ; AF1   ; 4A       ; 54           ; 0            ; 0            ; 1                     ; 0                  ; no     ; no             ; no            ; no              ; no       ; Off          ; 2.5 V        ; Off         ; --                        ; Fitter               ; no        ;
; message_addr[12]  ; AH2   ; 4A       ; 50           ; 0            ; 31           ; 1                     ; 0                  ; no     ; no             ; no            ; no              ; no       ; Off          ; 2.5 V        ; Off         ; --                        ; Fitter               ; no        ;
; message_addr[13]  ; Y12   ; 4A       ; 45           ; 0            ; 93           ; 1                     ; 0                  ; no     ; no             ; no            ; no              ; no       ; Off          ; 2.5 V        ; Off         ; --                        ; Fitter               ; no        ;
; message_addr[14]  ; AF4   ; 4A       ; 50           ; 0            ; 62           ; 1                     ; 0                  ; no     ; no             ; no            ; no              ; no       ; Off          ; 2.5 V        ; Off         ; --                        ; Fitter               ; no        ;
; message_addr[15]  ; AB7   ; 5A       ; 59           ; 4            ; 31           ; 1                     ; 0                  ; no     ; no             ; no            ; no              ; no       ; Off          ; 2.5 V        ; Off         ; --                        ; Fitter               ; no        ;
; message_addr[1]   ; AC11  ; 4A       ; 48           ; 0            ; 93           ; 1                     ; 0                  ; no     ; no             ; no            ; no              ; no       ; Off          ; 2.5 V        ; Off         ; --                        ; Fitter               ; no        ;
; message_addr[2]   ; AF3   ; 4A       ; 52           ; 0            ; 62           ; 1                     ; 0                  ; no     ; no             ; no            ; no              ; no       ; Off          ; 2.5 V        ; Off         ; --                        ; Fitter               ; no        ;
; message_addr[3]   ; AF5   ; 4A       ; 47           ; 0            ; 62           ; 1                     ; 0                  ; no     ; no             ; no            ; no              ; no       ; Off          ; 2.5 V        ; Off         ; --                        ; Fitter               ; no        ;
; message_addr[4]   ; AG1   ; 4A       ; 54           ; 0            ; 62           ; 1                     ; 0                  ; no     ; no             ; no            ; no              ; no       ; Off          ; 2.5 V        ; Off         ; --                        ; Fitter               ; no        ;
; message_addr[5]   ; AA6   ; 5A       ; 59           ; 4            ; 93           ; 1                     ; 0                  ; no     ; no             ; no            ; no              ; no       ; Off          ; 2.5 V        ; Off         ; --                        ; Fitter               ; no        ;
; message_addr[6]   ; W11   ; 4A       ; 45           ; 0            ; 31           ; 1                     ; 0                  ; no     ; no             ; no            ; no              ; no       ; Off          ; 2.5 V        ; Off         ; --                        ; Fitter               ; no        ;
; message_addr[7]   ; AE6   ; 4A       ; 45           ; 0            ; 0            ; 1                     ; 0                  ; no     ; no             ; no            ; no              ; no       ; Off          ; 2.5 V        ; Off         ; --                        ; Fitter               ; no        ;
; message_addr[8]   ; AD6   ; 4A       ; 54           ; 0            ; 93           ; 1                     ; 0                  ; no     ; no             ; no            ; no              ; no       ; Off          ; 2.5 V        ; Off         ; --                        ; Fitter               ; no        ;
; message_addr[9]   ; AB6   ; 5A       ; 59           ; 6            ; 0            ; 1                     ; 0                  ; no     ; no             ; no            ; no              ; no       ; Off          ; 2.5 V        ; Off         ; --                        ; Fitter               ; no        ;
; output_addr[0]    ; AF6   ; 4A       ; 45           ; 0            ; 62           ; 1                     ; 0                  ; no     ; no             ; no            ; no              ; no       ; Off          ; 2.5 V        ; Off         ; --                        ; Fitter               ; no        ;
; output_addr[10]   ; AC6   ; 4A       ; 54           ; 0            ; 31           ; 1                     ; 0                  ; no     ; no             ; no            ; no              ; no       ; Off          ; 2.5 V        ; Off         ; --                        ; Fitter               ; no        ;
; output_addr[11]   ; AC9   ; 4A       ; 55           ; 0            ; 0            ; 1                     ; 0                  ; no     ; no             ; no            ; no              ; no       ; Off          ; 2.5 V        ; Off         ; --                        ; Fitter               ; no        ;
; output_addr[12]   ; AC7   ; 4A       ; 56           ; 0            ; 0            ; 1                     ; 0                  ; no     ; no             ; no            ; no              ; no       ; Off          ; 2.5 V        ; Off         ; --                        ; Fitter               ; no        ;
; output_addr[13]   ; AG3   ; 4A       ; 48           ; 0            ; 0            ; 1                     ; 0                  ; no     ; no             ; no            ; no              ; no       ; Off          ; 2.5 V        ; Off         ; --                        ; Fitter               ; no        ;
; output_addr[14]   ; AC4   ; 5A       ; 59           ; 7            ; 93           ; 1                     ; 0                  ; no     ; no             ; no            ; no              ; no       ; Off          ; 2.5 V        ; Off         ; --                        ; Fitter               ; no        ;
; output_addr[15]   ; AG4   ; 4A       ; 48           ; 0            ; 62           ; 1                     ; 0                  ; no     ; no             ; no            ; no              ; no       ; Off          ; 2.5 V        ; Off         ; --                        ; Fitter               ; no        ;
; output_addr[1]    ; W13   ; 4A       ; 41           ; 0            ; 93           ; 1                     ; 0                  ; no     ; no             ; no            ; no              ; no       ; Off          ; 2.5 V        ; Off         ; --                        ; Fitter               ; no        ;
; output_addr[2]    ; AH3   ; 4A       ; 50           ; 0            ; 93           ; 1                     ; 0                  ; no     ; no             ; no            ; no              ; no       ; Off          ; 2.5 V        ; Off         ; --                        ; Fitter               ; no        ;
; output_addr[3]    ; AC12  ; 4A       ; 47           ; 0            ; 31           ; 1                     ; 0                  ; no     ; no             ; no            ; no              ; no       ; Off          ; 2.5 V        ; Off         ; --                        ; Fitter               ; no        ;
; output_addr[4]    ; W12   ; 4A       ; 41           ; 0            ; 31           ; 1                     ; 0                  ; no     ; no             ; no            ; no              ; no       ; Off          ; 2.5 V        ; Off         ; --                        ; Fitter               ; no        ;
; output_addr[5]    ; AG6   ; 4A       ; 33           ; 0            ; 0            ; 1                     ; 0                  ; no     ; no             ; no            ; no              ; no       ; Off          ; 2.5 V        ; Off         ; --                        ; Fitter               ; no        ;
; output_addr[6]    ; AE4   ; 4A       ; 50           ; 0            ; 0            ; 1                     ; 0                  ; no     ; no             ; no            ; no              ; no       ; Off          ; 2.5 V        ; Off         ; --                        ; Fitter               ; no        ;
; output_addr[7]    ; AB11  ; 4A       ; 48           ; 0            ; 31           ; 1                     ; 0                  ; no     ; no             ; no            ; no              ; no       ; Off          ; 2.5 V        ; Off         ; --                        ; Fitter               ; no        ;
; output_addr[8]    ; AD4   ; 5A       ; 59           ; 4            ; 62           ; 1                     ; 0                  ; no     ; no             ; no            ; no              ; no       ; Off          ; 2.5 V        ; Off         ; --                        ; Fitter               ; no        ;
; output_addr[9]    ; AC5   ; 5A       ; 59           ; 4            ; 0            ; 1                     ; 0                  ; no     ; no             ; no            ; no              ; no       ; Off          ; 2.5 V        ; Off         ; --                        ; Fitter               ; no        ;
; reset_n           ; AF15  ; 3A       ; 26           ; 0            ; 93           ; 1979                  ; 0                  ; yes    ; no             ; no            ; no              ; no       ; Off          ; 2.5 V        ; Off         ; --                        ; Fitter               ; no        ;
; start             ; AG9   ; 4A       ; 32           ; 0            ; 0            ; 4                     ; 0                  ; no     ; no             ; no            ; no              ; no       ; Off          ; 2.5 V        ; Off         ; --                        ; Fitter               ; no        ;
+-------------------+-------+----------+--------------+--------------+--------------+-----------------------+--------------------+--------+----------------+---------------+-----------------+----------+--------------+--------------+-------------+---------------------------+----------------------+-----------+


+---------------------------------------------------------------------------------------------------------------------------------------------------------------------------------------------------------------------------------------------------------------------------------------------------------------------------------------------------------------------------------------------------------------------------------------------------------------------+
; Output Pins                                                                                                                                                                                                                                                                                                                                                                                                                                                         ;
+--------------------+-------+----------+--------------+--------------+--------------+-----------------+------------------------+---------------+-----------+-----------------+------------+---------------+----------+--------------+--------------+------------------+-----------------------------------+---------------------------+----------------------------+-----------------------------+----------------------+----------------------+---------------------+
; Name               ; Pin # ; I/O Bank ; X coordinate ; Y coordinate ; Z coordinate ; Output Register ; Output Enable Register ; Power Up High ; Slew Rate ; PCI I/O Enabled ; Open Drain ; TRI Primitive ; Bus Hold ; Weak Pull Up ; I/O Standard ; Current Strength ; Termination                       ; Termination Control Block ; Output Buffer Pre-emphasis ; Voltage Output Differential ; Location assigned by ; Output Enable Source ; Output Enable Group ;
+--------------------+-------+----------+--------------+--------------+--------------+-----------------+------------------------+---------------+-----------+-----------------+------------+---------------+----------+--------------+--------------+------------------+-----------------------------------+---------------------------+----------------------------+-----------------------------+----------------------+----------------------+---------------------+
; done               ; AH6   ; 4A       ; 33           ; 0            ; 62           ; no              ; no                     ; no            ; 1         ; no              ; no         ; no            ; no       ; Off          ; 2.5 V        ; Default          ; Series 50 Ohm without Calibration ; --                        ; no                         ; no                          ; Fitter               ; -                    ; -                   ;
; mem_addr[0]        ; AF10  ; 4A       ; 39           ; 0            ; 93           ; no              ; no                     ; no            ; 1         ; no              ; no         ; no            ; no       ; Off          ; 2.5 V        ; Default          ; Series 50 Ohm without Calibration ; --                        ; no                         ; no                          ; Fitter               ; -                    ; -                   ;
; mem_addr[10]       ; AF7   ; 4A       ; 43           ; 0            ; 62           ; no              ; no                     ; no            ; 1         ; no              ; no         ; no            ; no       ; Off          ; 2.5 V        ; Default          ; Series 50 Ohm without Calibration ; --                        ; no                         ; no                          ; Fitter               ; -                    ; -                   ;
; mem_addr[11]       ; AE12  ; 4A       ; 37           ; 0            ; 0            ; no              ; no                     ; no            ; 1         ; no              ; no         ; no            ; no       ; Off          ; 2.5 V        ; Default          ; Series 50 Ohm without Calibration ; --                        ; no                         ; no                          ; Fitter               ; -                    ; -                   ;
; mem_addr[12]       ; AF2   ; 4A       ; 52           ; 0            ; 0            ; no              ; no                     ; no            ; 1         ; no              ; no         ; no            ; no       ; Off          ; 2.5 V        ; Default          ; Series 50 Ohm without Calibration ; --                        ; no                         ; no                          ; Fitter               ; -                    ; -                   ;
; mem_addr[13]       ; AF9   ; 4A       ; 41           ; 0            ; 62           ; no              ; no                     ; no            ; 1         ; no              ; no         ; no            ; no       ; Off          ; 2.5 V        ; Default          ; Series 50 Ohm without Calibration ; --                        ; no                         ; no                          ; Fitter               ; -                    ; -                   ;
; mem_addr[14]       ; AE8   ; 4A       ; 43           ; 0            ; 31           ; no              ; no                     ; no            ; 1         ; no              ; no         ; no            ; no       ; Off          ; 2.5 V        ; Default          ; Series 50 Ohm without Calibration ; --                        ; no                         ; no                          ; Fitter               ; -                    ; -                   ;
; mem_addr[15]       ; W10   ; 4A       ; 52           ; 0            ; 31           ; no              ; no                     ; no            ; 1         ; no              ; no         ; no            ; no       ; Off          ; 2.5 V        ; Default          ; Series 50 Ohm without Calibration ; --                        ; no                         ; no                          ; Fitter               ; -                    ; -                   ;
; mem_addr[1]        ; AE10  ; 4A       ; 39           ; 0            ; 31           ; no              ; no                     ; no            ; 1         ; no              ; no         ; no            ; no       ; Off          ; 2.5 V        ; Default          ; Series 50 Ohm without Calibration ; --                        ; no                         ; no                          ; Fitter               ; -                    ; -                   ;
; mem_addr[2]        ; AE7   ; 4A       ; 43           ; 0            ; 0            ; no              ; no                     ; no            ; 1         ; no              ; no         ; no            ; no       ; Off          ; 2.5 V        ; Default          ; Series 50 Ohm without Calibration ; --                        ; no                         ; no                          ; Fitter               ; -                    ; -                   ;
; mem_addr[3]        ; Y10   ; 4A       ; 55           ; 0            ; 31           ; no              ; no                     ; no            ; 1         ; no              ; no         ; no            ; no       ; Off          ; 2.5 V        ; Default          ; Series 50 Ohm without Calibration ; --                        ; no                         ; no                          ; Fitter               ; -                    ; -                   ;
; mem_addr[4]        ; AF8   ; 4A       ; 43           ; 0            ; 93           ; no              ; no                     ; no            ; 1         ; no              ; no         ; no            ; no       ; Off          ; 2.5 V        ; Default          ; Series 50 Ohm without Calibration ; --                        ; no                         ; no                          ; Fitter               ; -                    ; -                   ;
; mem_addr[5]        ; AD12  ; 4A       ; 47           ; 0            ; 93           ; no              ; no                     ; no            ; 1         ; no              ; no         ; no            ; no       ; Off          ; 2.5 V        ; Default          ; Series 50 Ohm without Calibration ; --                        ; no                         ; no                          ; Fitter               ; -                    ; -                   ;
; mem_addr[6]        ; AE13  ; 4A       ; 35           ; 0            ; 0            ; no              ; no                     ; no            ; 1         ; no              ; no         ; no            ; no       ; Off          ; 2.5 V        ; Default          ; Series 50 Ohm without Calibration ; --                        ; no                         ; no                          ; Fitter               ; -                    ; -                   ;
; mem_addr[7]        ; AD9   ; 4A       ; 55           ; 0            ; 62           ; no              ; no                     ; no            ; 1         ; no              ; no         ; no            ; no       ; Off          ; 2.5 V        ; Default          ; Series 50 Ohm without Calibration ; --                        ; no                         ; no                          ; Fitter               ; -                    ; -                   ;
; mem_addr[8]        ; AE5   ; 4A       ; 47           ; 0            ; 0            ; no              ; no                     ; no            ; 1         ; no              ; no         ; no            ; no       ; Off          ; 2.5 V        ; Default          ; Series 50 Ohm without Calibration ; --                        ; no                         ; no                          ; Fitter               ; -                    ; -                   ;
; mem_addr[9]        ; Y11   ; 4A       ; 52           ; 0            ; 93           ; no              ; no                     ; no            ; 1         ; no              ; no         ; no            ; no       ; Off          ; 2.5 V        ; Default          ; Series 50 Ohm without Calibration ; --                        ; no                         ; no                          ; Fitter               ; -                    ; -                   ;
; mem_clk            ; AH15  ; 3A       ; 25           ; 0            ; 62           ; no              ; no                     ; no            ; 1         ; no              ; no         ; no            ; no       ; Off          ; 2.5 V        ; Default          ; Series 50 Ohm without Calibration ; --                        ; no                         ; no                          ; Fitter               ; -                    ; -                   ;
; mem_we             ; AH9   ; 4A       ; 32           ; 0            ; 62           ; no              ; no                     ; no            ; 1         ; no              ; no         ; no            ; no       ; Off          ; 2.5 V        ; Default          ; Series 50 Ohm without Calibration ; --                        ; no                         ; no                          ; Fitter               ; -                    ; -                   ;
; mem_write_data[0]  ; T7    ; 5A       ; 59           ; 15           ; 31           ; no              ; no                     ; no            ; 1         ; no              ; no         ; no            ; no       ; Off          ; 2.5 V        ; Default          ; Series 50 Ohm without Calibration ; --                        ; no                         ; no                          ; Fitter               ; -                    ; -                   ;
; mem_write_data[10] ; AB5   ; 5A       ; 59           ; 6            ; 62           ; no              ; no                     ; no            ; 1         ; no              ; no         ; no            ; no       ; Off          ; 2.5 V        ; Default          ; Series 50 Ohm without Calibration ; --                        ; no                         ; no                          ; Fitter               ; -                    ; -                   ;
; mem_write_data[11] ; AB13  ; 4A       ; 37           ; 0            ; 31           ; no              ; no                     ; no            ; 1         ; no              ; no         ; no            ; no       ; Off          ; 2.5 V        ; Default          ; Series 50 Ohm without Calibration ; --                        ; no                         ; no                          ; Fitter               ; -                    ; -                   ;
; mem_write_data[12] ; AH5   ; 4A       ; 35           ; 0            ; 93           ; no              ; no                     ; no            ; 1         ; no              ; no         ; no            ; no       ; Off          ; 2.5 V        ; Default          ; Series 50 Ohm without Calibration ; --                        ; no                         ; no                          ; Fitter               ; -                    ; -                   ;
; mem_write_data[13] ; AH8   ; 4A       ; 32           ; 0            ; 93           ; no              ; no                     ; no            ; 1         ; no              ; no         ; no            ; no       ; Off          ; 2.5 V        ; Default          ; Series 50 Ohm without Calibration ; --                        ; no                         ; no                          ; Fitter               ; -                    ; -                   ;
; mem_write_data[14] ; W4    ; 5A       ; 59           ; 12           ; 62           ; no              ; no                     ; no            ; 1         ; no              ; no         ; no            ; no       ; Off          ; 2.5 V        ; Default          ; Series 50 Ohm without Calibration ; --                        ; no                         ; no                          ; Fitter               ; -                    ; -                   ;
; mem_write_data[15] ; AE11  ; 4A       ; 39           ; 0            ; 0            ; no              ; no                     ; no            ; 1         ; no              ; no         ; no            ; no       ; Off          ; 2.5 V        ; Default          ; Series 50 Ohm without Calibration ; --                        ; no                         ; no                          ; Fitter               ; -                    ; -                   ;
; mem_write_data[16] ; Y1    ; 5A       ; 59           ; 16           ; 0            ; no              ; no                     ; no            ; 1         ; no              ; no         ; no            ; no       ; Off          ; 2.5 V        ; Default          ; Series 50 Ohm without Calibration ; --                        ; no                         ; no                          ; Fitter               ; -                    ; -                   ;
; mem_write_data[17] ; V4    ; 5A       ; 59           ; 18           ; 0            ; no              ; no                     ; no            ; 1         ; no              ; no         ; no            ; no       ; Off          ; 2.5 V        ; Default          ; Series 50 Ohm without Calibration ; --                        ; no                         ; no                          ; Fitter               ; -                    ; -                   ;
; mem_write_data[18] ; AC3   ; 5A       ; 59           ; 10           ; 31           ; no              ; no                     ; no            ; 1         ; no              ; no         ; no            ; no       ; Off          ; 2.5 V        ; Default          ; Series 50 Ohm without Calibration ; --                        ; no                         ; no                          ; Fitter               ; -                    ; -                   ;
; mem_write_data[19] ; AC2   ; 5A       ; 59           ; 10           ; 93           ; no              ; no                     ; no            ; 1         ; no              ; no         ; no            ; no       ; Off          ; 2.5 V        ; Default          ; Series 50 Ohm without Calibration ; --                        ; no                         ; no                          ; Fitter               ; -                    ; -                   ;
; mem_write_data[1]  ; J1    ; 6A       ; 59           ; 31           ; 62           ; no              ; no                     ; no            ; 1         ; no              ; no         ; no            ; no       ; Off          ; 2.5 V        ; Default          ; Series 50 Ohm without Calibration ; --                        ; no                         ; no                          ; Fitter               ; -                    ; -                   ;
; mem_write_data[20] ; AF11  ; 4A       ; 39           ; 0            ; 62           ; no              ; no                     ; no            ; 1         ; no              ; no         ; no            ; no       ; Off          ; 2.5 V        ; Default          ; Series 50 Ohm without Calibration ; --                        ; no                         ; no                          ; Fitter               ; -                    ; -                   ;
; mem_write_data[21] ; AB1   ; 5A       ; 59           ; 16           ; 31           ; no              ; no                     ; no            ; 1         ; no              ; no         ; no            ; no       ; Off          ; 2.5 V        ; Default          ; Series 50 Ohm without Calibration ; --                        ; no                         ; no                          ; Fitter               ; -                    ; -                   ;
; mem_write_data[22] ; AC13  ; 4A       ; 37           ; 0            ; 93           ; no              ; no                     ; no            ; 1         ; no              ; no         ; no            ; no       ; Off          ; 2.5 V        ; Default          ; Series 50 Ohm without Calibration ; --                        ; no                         ; no                          ; Fitter               ; -                    ; -                   ;
; mem_write_data[23] ; H1    ; 6A       ; 59           ; 31           ; 0            ; no              ; no                     ; no            ; 1         ; no              ; no         ; no            ; no       ; Off          ; 2.5 V        ; Default          ; Series 50 Ohm without Calibration ; --                        ; no                         ; no                          ; Fitter               ; -                    ; -                   ;
; mem_write_data[24] ; AD1   ; 5A       ; 59           ; 15           ; 0            ; no              ; no                     ; no            ; 1         ; no              ; no         ; no            ; no       ; Off          ; 2.5 V        ; Default          ; Series 50 Ohm without Calibration ; --                        ; no                         ; no                          ; Fitter               ; -                    ; -                   ;
; mem_write_data[25] ; AF13  ; 4A       ; 35           ; 0            ; 62           ; no              ; no                     ; no            ; 1         ; no              ; no         ; no            ; no       ; Off          ; 2.5 V        ; Default          ; Series 50 Ohm without Calibration ; --                        ; no                         ; no                          ; Fitter               ; -                    ; -                   ;
; mem_write_data[26] ; AA1   ; 5A       ; 59           ; 16           ; 62           ; no              ; no                     ; no            ; 1         ; no              ; no         ; no            ; no       ; Off          ; 2.5 V        ; Default          ; Series 50 Ohm without Calibration ; --                        ; no                         ; no                          ; Fitter               ; -                    ; -                   ;
; mem_write_data[27] ; U6    ; 5A       ; 59           ; 12           ; 31           ; no              ; no                     ; no            ; 1         ; no              ; no         ; no            ; no       ; Off          ; 2.5 V        ; Default          ; Series 50 Ohm without Calibration ; --                        ; no                         ; no                          ; Fitter               ; -                    ; -                   ;
; mem_write_data[28] ; AH4   ; 4A       ; 35           ; 0            ; 31           ; no              ; no                     ; no            ; 1         ; no              ; no         ; no            ; no       ; Off          ; 2.5 V        ; Default          ; Series 50 Ohm without Calibration ; --                        ; no                         ; no                          ; Fitter               ; -                    ; -                   ;
; mem_write_data[29] ; AA4   ; 5A       ; 59           ; 10           ; 0            ; no              ; no                     ; no            ; 1         ; no              ; no         ; no            ; no       ; Off          ; 2.5 V        ; Default          ; Series 50 Ohm without Calibration ; --                        ; no                         ; no                          ; Fitter               ; -                    ; -                   ;
; mem_write_data[2]  ; W8    ; 5A       ; 59           ; 6            ; 93           ; no              ; no                     ; no            ; 1         ; no              ; no         ; no            ; no       ; Off          ; 2.5 V        ; Default          ; Series 50 Ohm without Calibration ; --                        ; no                         ; no                          ; Fitter               ; -                    ; -                   ;
; mem_write_data[30] ; AB3   ; 5A       ; 59           ; 13           ; 31           ; no              ; no                     ; no            ; 1         ; no              ; no         ; no            ; no       ; Off          ; 2.5 V        ; Default          ; Series 50 Ohm without Calibration ; --                        ; no                         ; no                          ; Fitter               ; -                    ; -                   ;
; mem_write_data[31] ; W5    ; 5A       ; 59           ; 12           ; 0            ; no              ; no                     ; no            ; 1         ; no              ; no         ; no            ; no       ; Off          ; 2.5 V        ; Default          ; Series 50 Ohm without Calibration ; --                        ; no                         ; no                          ; Fitter               ; -                    ; -                   ;
; mem_write_data[3]  ; AF12  ; 4A       ; 37           ; 0            ; 62           ; no              ; no                     ; no            ; 1         ; no              ; no         ; no            ; no       ; Off          ; 2.5 V        ; Default          ; Series 50 Ohm without Calibration ; --                        ; no                         ; no                          ; Fitter               ; -                    ; -                   ;
; mem_write_data[4]  ; Y6    ; 5A       ; 59           ; 7            ; 0            ; no              ; no                     ; no            ; 1         ; no              ; no         ; no            ; no       ; Off          ; 2.5 V        ; Default          ; Series 50 Ohm without Calibration ; --                        ; no                         ; no                          ; Fitter               ; -                    ; -                   ;
; mem_write_data[5]  ; AC1   ; 5A       ; 59           ; 16           ; 93           ; no              ; no                     ; no            ; 1         ; no              ; no         ; no            ; no       ; Off          ; 2.5 V        ; Default          ; Series 50 Ohm without Calibration ; --                        ; no                         ; no                          ; Fitter               ; -                    ; -                   ;
; mem_write_data[6]  ; V6    ; 5A       ; 59           ; 12           ; 93           ; no              ; no                     ; no            ; 1         ; no              ; no         ; no            ; no       ; Off          ; 2.5 V        ; Default          ; Series 50 Ohm without Calibration ; --                        ; no                         ; no                          ; Fitter               ; -                    ; -                   ;
; mem_write_data[7]  ; AA3   ; 5A       ; 59           ; 10           ; 62           ; no              ; no                     ; no            ; 1         ; no              ; no         ; no            ; no       ; Off          ; 2.5 V        ; Default          ; Series 50 Ohm without Calibration ; --                        ; no                         ; no                          ; Fitter               ; -                    ; -                   ;
; mem_write_data[8]  ; N4    ; 5A       ; 59           ; 18           ; 93           ; no              ; no                     ; no            ; 1         ; no              ; no         ; no            ; no       ; Off          ; 2.5 V        ; Default          ; Series 50 Ohm without Calibration ; --                        ; no                         ; no                          ; Fitter               ; -                    ; -                   ;
; mem_write_data[9]  ; AE9   ; 4A       ; 41           ; 0            ; 0            ; no              ; no                     ; no            ; 1         ; no              ; no         ; no            ; no       ; Off          ; 2.5 V        ; Default          ; Series 50 Ohm without Calibration ; --                        ; no                         ; no                          ; Fitter               ; -                    ; -                   ;
+--------------------+-------+----------+--------------+--------------+--------------+-----------------+------------------------+---------------+-----------+-----------------+------------+---------------+----------+--------------+--------------+------------------+-----------------------------------+---------------------------+----------------------------+-----------------------------+----------------------+----------------------+---------------------+


+---------------------------------------------------------------------------------------------------------------------+
; Dual Purpose and Dedicated Pins                                                                                     ;
+----------+----------------------------------+------------------------+------------------+---------------------------+
; Location ; Pin Name                         ; Reserved As            ; User Signal Name ; Pin Type                  ;
+----------+----------------------------------+------------------------+------------------+---------------------------+
; AA24     ; nCONFIG                          ; -                      ; -                ; Dedicated Programming Pin ;
; AA23     ; CONF_DONE                        ; -                      ; -                ; Dedicated Programming Pin ;
; AB24     ; MSEL3                            ; -                      ; -                ; Dedicated Programming Pin ;
; Y24      ; MSEL2                            ; -                      ; -                ; Dedicated Programming Pin ;
; Y23      ; MSEL1                            ; -                      ; -                ; Dedicated Programming Pin ;
; W24      ; MSEL0                            ; -                      ; -                ; Dedicated Programming Pin ;
; W23      ; nSTATUS                          ; -                      ; -                ; Dedicated Programming Pin ;
; AB22     ; nIO_PULLUP                       ; -                      ; -                ; Dedicated Programming Pin ;
; AA22     ; nCE                              ; -                      ; -                ; Dedicated Programming Pin ;
; AB16     ; DIFFIO_RX_B2p, DIFFOUT_B2p, nCEO ; Use as programming pin ; ~ALTERA_nCEO~    ; Dual Purpose Pin          ;
; J22      ; ASDO                             ; -                      ; -                ; Dedicated Programming Pin ;
; H22      ; nCSO                             ; -                      ; -                ; Dedicated Programming Pin ;
; K22      ; DATA0                            ; -                      ; -                ; Dedicated Programming Pin ;
; K24      ; DCLK                             ; -                      ; -                ; Dedicated Programming Pin ;
+----------+----------------------------------+------------------------+------------------+---------------------------+


+----------------------------------------------------------------------------+
; I/O Bank Usage                                                             ;
+----------+------------------+---------------+--------------+---------------+
; I/O Bank ; Usage            ; VCCIO Voltage ; VREF Voltage ; VCCPD Voltage ;
+----------+------------------+---------------+--------------+---------------+
; QL1      ; 0 / 20 ( 0 % )   ; --            ; --           ; --            ;
; QL0      ; 0 / 20 ( 0 % )   ; --            ; --           ; --            ;
; 3C       ; 0 / 0 ( -- )     ; 2.5V          ; --           ; 2.5V          ;
; 3A       ; 20 / 54 ( 37 % ) ; 2.5V          ; --           ; 2.5V          ;
; 4A       ; 67 / 70 ( 96 % ) ; 2.5V          ; --           ; 2.5V          ;
; 5A       ; 30 / 66 ( 45 % ) ; 2.5V          ; --           ; 2.5V          ;
; 6A       ; 2 / 50 ( 4 % )   ; 2.5V          ; --           ; 2.5V          ;
; 7A       ; 0 / 70 ( 0 % )   ; 2.5V          ; --           ; 2.5V          ;
; 8A       ; 0 / 54 ( 0 % )   ; 2.5V          ; --           ; 2.5V          ;
; 8C       ; 0 / 0 ( -- )     ; 2.5V          ; --           ; 2.5V          ;
+----------+------------------+---------------+--------------+---------------+


+--------------------------------------------------------------------------------------------------------------------------------------------------------------------------+
; All Package Pins                                                                                                                                                         ;
+----------+------------+----------+--------------------------------------------+--------+--------------+---------+------------+-----------------+----------+--------------+
; Location ; Pad Number ; I/O Bank ; Pin Name/Usage                             ; Dir.   ; I/O Standard ; Voltage ; I/O Type   ; User Assignment ; Bus Hold ; Weak Pull Up ;
+----------+------------+----------+--------------------------------------------+--------+--------------+---------+------------+-----------------+----------+--------------+
; A2       ; 291        ; 6A       ; RESERVED_INPUT_WITH_WEAK_PULLUP            ;        ;              ;         ; Row I/O    ;                 ; no       ; On           ;
; A3       ; 323        ; 7A       ; RESERVED_INPUT_WITH_WEAK_PULLUP            ;        ;              ;         ; Column I/O ;                 ; no       ; On           ;
; A4       ; 324        ; 7A       ; RESERVED_INPUT_WITH_WEAK_PULLUP            ;        ;              ;         ; Column I/O ;                 ; no       ; On           ;
; A5       ; 322        ; 7A       ; RESERVED_INPUT_WITH_WEAK_PULLUP            ;        ;              ;         ; Column I/O ;                 ; no       ; On           ;
; A6       ; 359        ; 7A       ; RESERVED_INPUT_WITH_WEAK_PULLUP            ;        ;              ;         ; Column I/O ;                 ; no       ; On           ;
; A7       ; 364        ; 7A       ; RESERVED_INPUT_WITH_WEAK_PULLUP            ;        ;              ;         ; Column I/O ;                 ; no       ; On           ;
; A8       ; 362        ; 7A       ; RESERVED_INPUT_WITH_WEAK_PULLUP            ;        ;              ;         ; Column I/O ;                 ; no       ; On           ;
; A9       ; 363        ; 7A       ; RESERVED_INPUT_WITH_WEAK_PULLUP            ;        ;              ;         ; Column I/O ;                 ; no       ; On           ;
; A10      ; 361        ; 7A       ; RESERVED_INPUT_WITH_WEAK_PULLUP            ;        ;              ;         ; Column I/O ;                 ; no       ; On           ;
; A11      ; 367        ; 7A       ; RESERVED_INPUT_WITH_WEAK_PULLUP            ;        ;              ;         ; Column I/O ;                 ; no       ; On           ;
; A12      ; 371        ; 7A       ; RESERVED_INPUT_WITH_WEAK_PULLUP            ;        ;              ;         ; Column I/O ;                 ; no       ; On           ;
; A13      ; 369        ; 7A       ; RESERVED_INPUT_WITH_WEAK_PULLUP            ;        ;              ;         ; Column I/O ;                 ; no       ; On           ;
; A14      ; 372        ; 7A       ; RESERVED_INPUT_WITH_WEAK_PULLUP            ;        ;              ;         ; Column I/O ;                 ; no       ; On           ;
; A15      ; 370        ; 7A       ; RESERVED_INPUT_WITH_WEAK_PULLUP            ;        ;              ;         ; Column I/O ;                 ; no       ; On           ;
; A16      ; 384        ; 8A       ; RESERVED_INPUT_WITH_WEAK_PULLUP            ;        ;              ;         ; Column I/O ;                 ; no       ; On           ;
; A17      ; 383        ; 8A       ; RESERVED_INPUT_WITH_WEAK_PULLUP            ;        ;              ;         ; Column I/O ;                 ; no       ; On           ;
; A18      ; 381        ; 8A       ; RESERVED_INPUT_WITH_WEAK_PULLUP            ;        ;              ;         ; Column I/O ;                 ; no       ; On           ;
; A19      ; 391        ; 8A       ; RESERVED_INPUT_WITH_WEAK_PULLUP            ;        ;              ;         ; Column I/O ;                 ; no       ; On           ;
; A20      ; 389        ; 8A       ; RESERVED_INPUT_WITH_WEAK_PULLUP            ;        ;              ;         ; Column I/O ;                 ; no       ; On           ;
; A21      ;            ;          ; GND                                        ; gnd    ;              ;         ; --         ;                 ; --       ; --           ;
; A22      ;            ;          ; NC                                         ;        ;              ;         ; --         ;                 ; --       ; --           ;
; A23      ;            ;          ; GND                                        ; gnd    ;              ;         ; --         ;                 ; --       ; --           ;
; A24      ;            ;          ; NC                                         ;        ;              ;         ; --         ;                 ; --       ; --           ;
; A25      ;            ;          ; GND                                        ; gnd    ;              ;         ; --         ;                 ; --       ; --           ;
; A26      ;            ;          ; NC                                         ;        ;              ;         ; --         ;                 ; --       ; --           ;
; A27      ;            ;          ; GND                                        ; gnd    ;              ;         ; --         ;                 ; --       ; --           ;
; AA1      ; 206        ; 5A       ; mem_write_data[26]                         ; output ; 2.5 V        ;         ; Row I/O    ; N               ; no       ; Off          ;
; AA2      ;            ;          ; GND                                        ; gnd    ;              ;         ; --         ;                 ; --       ; --           ;
; AA3      ; 190        ; 5A       ; mem_write_data[7]                          ; output ; 2.5 V        ;         ; Row I/O    ; N               ; no       ; Off          ;
; AA4      ; 192        ; 5A       ; mem_write_data[29]                         ; output ; 2.5 V        ;         ; Row I/O    ; N               ; no       ; Off          ;
; AA5      ;            ;          ; GND                                        ; gnd    ;              ;         ; --         ;                 ; --       ; --           ;
; AA6      ; 173        ; 5A       ; message_addr[5]                            ; input  ; 2.5 V        ;         ; Row I/O    ; N               ; no       ; Off          ;
; AA7      ;            ;          ; VCCD_PLL_3                                 ; power  ;              ; 0.9V    ; --         ;                 ; --       ; --           ;
; AA8      ;            ;          ; GND                                        ; gnd    ;              ;         ; --         ;                 ; --       ; --           ;
; AA9      ;            ;          ; NC                                         ;        ;              ;         ; --         ;                 ; --       ; --           ;
; AA10     ; 165        ; 4A       ; mem_read_data[9]                           ; input  ; 2.5 V        ;         ; Column I/O ; N               ; no       ; Off          ;
; AA11     ;            ;          ; GND                                        ; gnd    ;              ;         ; --         ;                 ; --       ; --           ;
; AA12     ;            ; 4A       ; VCCPD4A                                    ; power  ;              ; 2.5V    ; --         ;                 ; --       ; --           ;
; AA13     ;            ; 4A       ; VCCPD4A                                    ; power  ;              ; 2.5V    ; --         ;                 ; --       ; --           ;
; AA14     ;            ;          ; GND                                        ; gnd    ;              ;         ; --         ;                 ; --       ; --           ;
; AA15     ; 99         ; 3A       ; mem_read_data[3]                           ; input  ; 2.5 V        ;         ; Column I/O ; N               ; no       ; Off          ;
; AA16     ; 81         ; 3A       ; RESERVED_INPUT_WITH_WEAK_PULLUP            ;        ;              ;         ; Column I/O ;                 ; no       ; On           ;
; AA17     ;            ;          ; GND                                        ; gnd    ;              ;         ; --         ;                 ; --       ; --           ;
; AA18     ;            ; 3A       ; VCCPD3A                                    ; power  ;              ; 2.5V    ; --         ;                 ; --       ; --           ;
; AA19     ; 89         ; 3A       ; mem_read_data[16]                          ; input  ; 2.5 V        ;         ; Column I/O ; N               ; no       ; Off          ;
; AA20     ;            ;          ; GND                                        ; gnd    ;              ;         ; --         ;                 ; --       ; --           ;
; AA21     ;            ;          ; VCCD_PLL_4                                 ; power  ;              ; 0.9V    ; --         ;                 ; --       ; --           ;
; AA22     ; 48         ; 3C       ; ^nCE                                       ;        ;              ;         ; --         ;                 ; --       ; --           ;
; AA23     ; 41         ; 3C       ; ^CONF_DONE                                 ;        ;              ;         ; --         ;                 ; --       ; --           ;
; AA24     ; 40         ; 3C       ; ^nCONFIG                                   ;        ;              ;         ; --         ;                 ; --       ; --           ;
; AA25     ;            ;          ; GND                                        ; gnd    ;              ;         ; --         ;                 ; --       ; --           ;
; AA26     ;            ;          ; GND                                        ; gnd    ;              ;         ; --         ;                 ; --       ; --           ;
; AA27     ; 23         ; QL0      ; GXB_GND*                                   ;        ;              ;         ; --         ;                 ; --       ; --           ;
; AA28     ; 22         ; QL0      ; GXB_GND*                                   ;        ;              ;         ; --         ;                 ; --       ; --           ;
; AB1      ; 207        ; 5A       ; mem_write_data[21]                         ; output ; 2.5 V        ;         ; Row I/O    ; N               ; no       ; Off          ;
; AB2      ; 197        ; 5A       ; mem_read_data[29]                          ; input  ; 2.5 V        ;         ; Row I/O    ; N               ; no       ; Off          ;
; AB3      ; 199        ; 5A       ; mem_write_data[30]                         ; output ; 2.5 V        ;         ; Row I/O    ; N               ; no       ; Off          ;
; AB4      ; 183        ; 5A       ; RESERVED_INPUT_WITH_WEAK_PULLUP            ;        ;              ;         ; Row I/O    ;                 ; no       ; On           ;
; AB5      ; 178        ; 5A       ; mem_write_data[10]                         ; output ; 2.5 V        ;         ; Row I/O    ; N               ; no       ; Off          ;
; AB6      ; 180        ; 5A       ; message_addr[9]                            ; input  ; 2.5 V        ;         ; Row I/O    ; N               ; no       ; Off          ;
; AB7      ; 175        ; 5A       ; message_addr[15]                           ; input  ; 2.5 V        ;         ; Row I/O    ; N               ; no       ; Off          ;
; AB8      ;            ;          ; NC                                         ;        ;              ;         ; --         ;                 ; --       ; --           ;
; AB9      ;            ;          ; NC                                         ;        ;              ;         ; --         ;                 ; --       ; --           ;
; AB10     ; 171        ; 4A       ; RESERVED_INPUT_WITH_WEAK_PULLUP            ;        ;              ;         ; Column I/O ;                 ; no       ; On           ;
; AB11     ; 151        ; 4A       ; output_addr[7]                             ; input  ; 2.5 V        ;         ; Column I/O ; N               ; no       ; Off          ;
; AB12     ;            ; 4A       ; VREFB4AN0                                  ; power  ;              ;         ; --         ;                 ; --       ; --           ;
; AB13     ; 127        ; 4A       ; mem_write_data[11]                         ; output ; 2.5 V        ;         ; Column I/O ; N               ; no       ; Off          ;
; AB14     ; 119        ; 4A       ; message_addr[0]                            ; input  ; 2.5 V        ;         ; Column I/O ; N               ; no       ; Off          ;
; AB15     ; 97         ; 3A       ; mem_read_data[31]                          ; input  ; 2.5 V        ;         ; Column I/O ; N               ; no       ; Off          ;
; AB16     ; 60         ; 3A       ; ~ALTERA_nCEO~ / RESERVED_OUTPUT_OPEN_DRAIN ; output ; 2.5 V        ;         ; Column I/O ; N               ; no       ; Off          ;
; AB17     ; 56         ; 3A       ; RESERVED_INPUT_WITH_WEAK_PULLUP            ;        ;              ;         ; Column I/O ;                 ; no       ; On           ;
; AB18     ;            ; 3A       ; VCCPD3A                                    ; power  ;              ; 2.5V    ; --         ;                 ; --       ; --           ;
; AB19     ; 50         ; 3A       ; RESERVED_INPUT_WITH_WEAK_PULLUP            ;        ;              ;         ; Column I/O ;                 ; no       ; On           ;
; AB20     ;            ;          ; VCCA_PLL_4                                 ; power  ;              ; 2.5V    ; --         ;                 ; --       ; --           ;
; AB21     ;            ;          ; GND                                        ; gnd    ;              ;         ; --         ;                 ; --       ; --           ;
; AB22     ; 47         ; 3C       ; ^nIO_PULLUP                                ;        ;              ;         ; --         ;                 ; --       ; --           ;
; AB23     ;            ;          ; GND                                        ; gnd    ;              ;         ; --         ;                 ; --       ; --           ;
; AB24     ; 42         ; 3C       ; ^MSEL3                                     ;        ;              ;         ; --         ;                 ; --       ; --           ;
; AB25     ; 25         ; QL0      ; GXB_NC                                     ;        ;              ;         ; --         ;                 ; --       ; --           ;
; AB26     ; 24         ; QL0      ; GXB_NC                                     ;        ;              ;         ; --         ;                 ; --       ; --           ;
; AB27     ;            ;          ; GND                                        ; gnd    ;              ;         ; --         ;                 ; --       ; --           ;
; AB28     ;            ;          ; GND                                        ; gnd    ;              ;         ; --         ;                 ; --       ; --           ;
; AC1      ; 205        ; 5A       ; mem_write_data[5]                          ; output ; 2.5 V        ;         ; Row I/O    ; N               ; no       ; Off          ;
; AC2      ; 189        ; 5A       ; mem_write_data[19]                         ; output ; 2.5 V        ;         ; Row I/O    ; N               ; no       ; Off          ;
; AC3      ; 191        ; 5A       ; mem_write_data[18]                         ; output ; 2.5 V        ;         ; Row I/O    ; N               ; no       ; Off          ;
; AC4      ; 181        ; 5A       ; output_addr[14]                            ; input  ; 2.5 V        ;         ; Row I/O    ; N               ; no       ; Off          ;
; AC5      ; 176        ; 5A       ; output_addr[9]                             ; input  ; 2.5 V        ;         ; Row I/O    ; N               ; no       ; Off          ;
; AC6      ; 163        ; 4A       ; output_addr[10]                            ; input  ; 2.5 V        ;         ; Column I/O ; N               ; no       ; Off          ;
; AC7      ; 172        ; 4A       ; output_addr[12]                            ; input  ; 2.5 V        ;         ; Column I/O ; N               ; no       ; Off          ;
; AC8      ;            ;          ; NC                                         ;        ;              ;         ; --         ;                 ; --       ; --           ;
; AC9      ; 168        ; 4A       ; output_addr[11]                            ; input  ; 2.5 V        ;         ; Column I/O ; N               ; no       ; Off          ;
; AC10     ; 169        ; 4A       ; mem_read_data[13]                          ; input  ; 2.5 V        ;         ; Column I/O ; N               ; no       ; Off          ;
; AC11     ; 149        ; 4A       ; message_addr[1]                            ; input  ; 2.5 V        ;         ; Column I/O ; N               ; no       ; Off          ;
; AC12     ; 147        ; 4A       ; output_addr[3]                             ; input  ; 2.5 V        ;         ; Column I/O ; N               ; no       ; Off          ;
; AC13     ; 125        ; 4A       ; mem_write_data[22]                         ; output ; 2.5 V        ;         ; Column I/O ; N               ; no       ; Off          ;
; AC14     ; 117        ; 4A       ; mem_read_data[5]                           ; input  ; 2.5 V        ;         ; Column I/O ; N               ; no       ; Off          ;
; AC15     ; 87         ; 3A       ; RESERVED_INPUT_WITH_WEAK_PULLUP            ;        ;              ;         ; Column I/O ;                 ; no       ; On           ;
; AC16     ; 58         ; 3A       ; RESERVED_INPUT_WITH_WEAK_PULLUP            ;        ;              ;         ; Column I/O ;                 ; no       ; On           ;
; AC17     ; 54         ; 3A       ; RESERVED_INPUT_WITH_WEAK_PULLUP            ;        ;              ;         ; Column I/O ;                 ; no       ; On           ;
; AC18     ; 64         ; 3A       ; RESERVED_INPUT_WITH_WEAK_PULLUP            ;        ;              ;         ; Column I/O ;                 ; no       ; On           ;
; AC19     ; 52         ; 3A       ; RESERVED_INPUT_WITH_WEAK_PULLUP            ;        ;              ;         ; Column I/O ;                 ; no       ; On           ;
; AC20     ;            ; 3C       ; VCCIO3C                                    ; power  ;              ; 2.5V    ; --         ;                 ; --       ; --           ;
; AC21     ; 55         ; 3A       ; RESERVED_INPUT_WITH_WEAK_PULLUP            ;        ;              ;         ; Column I/O ;                 ; no       ; On           ;
; AC22     ; 68         ; 3A       ; RESERVED_INPUT_WITH_WEAK_PULLUP            ;        ;              ;         ; Column I/O ;                 ; no       ; On           ;
; AC23     ; 66         ; 3A       ; RESERVED_INPUT_WITH_WEAK_PULLUP            ;        ;              ;         ; Column I/O ;                 ; no       ; On           ;
; AC24     ; 71         ; 3A       ; RESERVED_INPUT_WITH_WEAK_PULLUP            ;        ;              ;         ; Column I/O ;                 ; no       ; On           ;
; AC25     ;            ;          ; GND                                        ; gnd    ;              ;         ; --         ;                 ; --       ; --           ;
; AC26     ;            ;          ; GND                                        ; gnd    ;              ;         ; --         ;                 ; --       ; --           ;
; AC27     ; 27         ; QL0      ; GXB_GND*                                   ;        ;              ;         ; --         ;                 ; --       ; --           ;
; AC28     ; 26         ; QL0      ; GXB_GND*                                   ;        ;              ;         ; --         ;                 ; --       ; --           ;
; AD1      ; 204        ; 5A       ; mem_write_data[24]                         ; output ; 2.5 V        ;         ; Row I/O    ; N               ; no       ; Off          ;
; AD2      ;            ;          ; GND                                        ; gnd    ;              ;         ; --         ;                 ; --       ; --           ;
; AD3      ; 188        ; 5A       ; RESERVED_INPUT_WITH_WEAK_PULLUP            ;        ;              ;         ; Row I/O    ;                 ; no       ; On           ;
; AD4      ; 174        ; 5A       ; output_addr[8]                             ; input  ; 2.5 V        ;         ; Row I/O    ; N               ; no       ; Off          ;
; AD5      ;            ;          ; GND                                        ; gnd    ;              ;         ; --         ;                 ; --       ; --           ;
; AD6      ; 161        ; 4A       ; message_addr[8]                            ; input  ; 2.5 V        ;         ; Column I/O ; N               ; no       ; Off          ;
; AD7      ; 170        ; 4A       ; message_addr[10]                           ; input  ; 2.5 V        ;         ; Column I/O ; N               ; no       ; Off          ;
; AD8      ;            ;          ; GND                                        ; gnd    ;              ;         ; --         ;                 ; --       ; --           ;
; AD9      ; 166        ; 4A       ; mem_addr[7]                                ; output ; 2.5 V        ;         ; Column I/O ; N               ; no       ; Off          ;
; AD10     ;            ; 4A       ; VCCIO4A                                    ; power  ;              ; 2.5V    ; --         ;                 ; --       ; --           ;
; AD11     ;            ;          ; GND                                        ; gnd    ;              ;         ; --         ;                 ; --       ; --           ;
; AD12     ; 145        ; 4A       ; mem_addr[5]                                ; output ; 2.5 V        ;         ; Column I/O ; N               ; no       ; Off          ;
; AD13     ;            ; 4A       ; VCCIO4A                                    ; power  ;              ; 2.5V    ; --         ;                 ; --       ; --           ;
; AD14     ;            ;          ; GND                                        ; gnd    ;              ;         ; --         ;                 ; --       ; --           ;
; AD15     ; 85         ; 3A       ; RESERVED_INPUT_WITH_WEAK_PULLUP            ;        ;              ;         ; Column I/O ;                 ; no       ; On           ;
; AD16     ;            ; 3A       ; VCCIO3A                                    ; power  ;              ; 2.5V    ; --         ;                 ; --       ; --           ;
; AD17     ;            ;          ; GND                                        ; gnd    ;              ;         ; --         ;                 ; --       ; --           ;
; AD18     ; 62         ; 3A       ; RESERVED_INPUT_WITH_WEAK_PULLUP            ;        ;              ;         ; Column I/O ;                 ; no       ; On           ;
; AD19     ;            ; 3A       ; VCCIO3A                                    ; power  ;              ; 2.5V    ; --         ;                 ; --       ; --           ;
; AD20     ;            ;          ; GND                                        ; gnd    ;              ;         ; --         ;                 ; --       ; --           ;
; AD21     ; 53         ; 3A       ; RESERVED_INPUT_WITH_WEAK_PULLUP            ;        ;              ;         ; Column I/O ;                 ; no       ; On           ;
; AD22     ; 63         ; 3A       ; RESERVED_INPUT_WITH_WEAK_PULLUP            ;        ;              ;         ; Column I/O ;                 ; no       ; On           ;
; AD23     ; 61         ; 3A       ; RESERVED_INPUT_WITH_WEAK_PULLUP            ;        ;              ;         ; Column I/O ;                 ; no       ; On           ;
; AD24     ; 69         ; 3A       ; RESERVED_INPUT_WITH_WEAK_PULLUP            ;        ;              ;         ; Column I/O ;                 ; no       ; On           ;
; AD25     ; 29         ; QL0      ; GXB_GND*                                   ;        ;              ;         ; Row I/O    ;                 ; --       ; --           ;
; AD26     ; 28         ; QL0      ; GXB_GND*                                   ;        ;              ;         ; Row I/O    ;                 ; --       ; --           ;
; AD27     ;            ;          ; GND                                        ; gnd    ;              ;         ; --         ;                 ; --       ; --           ;
; AD28     ;            ;          ; GND                                        ; gnd    ;              ;         ; --         ;                 ; --       ; --           ;
; AE1      ; 202        ; 5A       ; RESERVED_INPUT_WITH_WEAK_PULLUP            ;        ;              ;         ; Row I/O    ;                 ; no       ; On           ;
; AE2      ;            ; 5A       ; VCCIO5A                                    ; power  ;              ; 2.5V    ; --         ;                 ; --       ; --           ;
; AE3      ; 186        ; 5A       ; mem_read_data[17]                          ; input  ; 2.5 V        ;         ; Row I/O    ; N               ; no       ; Off          ;
; AE4      ; 156        ; 4A       ; output_addr[6]                             ; input  ; 2.5 V        ;         ; Column I/O ; N               ; no       ; Off          ;
; AE5      ; 148        ; 4A       ; mem_addr[8]                                ; output ; 2.5 V        ;         ; Column I/O ; N               ; no       ; Off          ;
; AE6      ; 144        ; 4A       ; message_addr[7]                            ; input  ; 2.5 V        ;         ; Column I/O ; N               ; no       ; Off          ;
; AE7      ; 140        ; 4A       ; mem_addr[2]                                ; output ; 2.5 V        ;         ; Column I/O ; N               ; no       ; Off          ;
; AE8      ; 139        ; 4A       ; mem_addr[14]                               ; output ; 2.5 V        ;         ; Column I/O ; N               ; no       ; Off          ;
; AE9      ; 136        ; 4A       ; mem_write_data[9]                          ; output ; 2.5 V        ;         ; Column I/O ; N               ; no       ; Off          ;
; AE10     ; 131        ; 4A       ; mem_addr[1]                                ; output ; 2.5 V        ;         ; Column I/O ; N               ; no       ; Off          ;
; AE11     ; 132        ; 4A       ; mem_write_data[15]                         ; output ; 2.5 V        ;         ; Column I/O ; N               ; no       ; Off          ;
; AE12     ; 128        ; 4A       ; mem_addr[11]                               ; output ; 2.5 V        ;         ; Column I/O ; N               ; no       ; Off          ;
; AE13     ; 124        ; 4A       ; mem_addr[6]                                ; output ; 2.5 V        ;         ; Column I/O ; N               ; no       ; Off          ;
; AE14     ; 104        ; 4A       ; GND+                                       ;        ;              ;         ; Column I/O ;                 ; --       ; --           ;
; AE15     ; 103        ; 3A       ; clk                                        ; input  ; 2.5 V        ;         ; Column I/O ; N               ; no       ; Off          ;
; AE16     ; 88         ; 3A       ; RESERVED_INPUT_WITH_WEAK_PULLUP            ;        ;              ;         ; Column I/O ;                 ; no       ; On           ;
; AE17     ; 84         ; 3A       ; RESERVED_INPUT_WITH_WEAK_PULLUP            ;        ;              ;         ; Column I/O ;                 ; no       ; On           ;
; AE18     ; 79         ; 3A       ; RESERVED_INPUT_WITH_WEAK_PULLUP            ;        ;              ;         ; Column I/O ;                 ; no       ; On           ;
; AE19     ; 80         ; 3A       ; mem_read_data[22]                          ; input  ; 2.5 V        ;         ; Column I/O ; N               ; no       ; Off          ;
; AE20     ; 76         ; 3A       ; RESERVED_INPUT_WITH_WEAK_PULLUP            ;        ;              ;         ; Column I/O ;                 ; no       ; On           ;
; AE21     ; 72         ; 3A       ; RESERVED_INPUT_WITH_WEAK_PULLUP            ;        ;              ;         ; Column I/O ;                 ; no       ; On           ;
; AE22     ; 70         ; 3A       ; mem_read_data[30]                          ; input  ; 2.5 V        ;         ; Column I/O ; N               ; no       ; Off          ;
; AE23     ;            ;          ; GND                                        ; gnd    ;              ;         ; --         ;                 ; --       ; --           ;
; AE24     ; 37         ; QL0      ; GXB_NC                                     ;        ;              ;         ; --         ;                 ; --       ; --           ;
; AE25     ;            ;          ; GND                                        ; gnd    ;              ;         ; --         ;                 ; --       ; --           ;
; AE26     ;            ;          ; GND                                        ; gnd    ;              ;         ; --         ;                 ; --       ; --           ;
; AE27     ; 31         ; QL0      ; GXB_GND*                                   ;        ;              ;         ; Row I/O    ;                 ; --       ; --           ;
; AE28     ; 30         ; QL0      ; GXB_GND*                                   ;        ;              ;         ; Row I/O    ;                 ; --       ; --           ;
; AF1      ; 164        ; 4A       ; message_addr[11]                           ; input  ; 2.5 V        ;         ; Column I/O ; N               ; no       ; Off          ;
; AF2      ; 160        ; 4A       ; mem_addr[12]                               ; output ; 2.5 V        ;         ; Column I/O ; N               ; no       ; Off          ;
; AF3      ; 158        ; 4A       ; message_addr[2]                            ; input  ; 2.5 V        ;         ; Column I/O ; N               ; no       ; Off          ;
; AF4      ; 154        ; 4A       ; message_addr[14]                           ; input  ; 2.5 V        ;         ; Column I/O ; N               ; no       ; Off          ;
; AF5      ; 146        ; 4A       ; message_addr[3]                            ; input  ; 2.5 V        ;         ; Column I/O ; N               ; no       ; Off          ;
; AF6      ; 142        ; 4A       ; output_addr[0]                             ; input  ; 2.5 V        ;         ; Column I/O ; N               ; no       ; Off          ;
; AF7      ; 138        ; 4A       ; mem_addr[10]                               ; output ; 2.5 V        ;         ; Column I/O ; N               ; no       ; Off          ;
; AF8      ; 137        ; 4A       ; mem_addr[4]                                ; output ; 2.5 V        ;         ; Column I/O ; N               ; no       ; Off          ;
; AF9      ; 134        ; 4A       ; mem_addr[13]                               ; output ; 2.5 V        ;         ; Column I/O ; N               ; no       ; Off          ;
; AF10     ; 129        ; 4A       ; mem_addr[0]                                ; output ; 2.5 V        ;         ; Column I/O ; N               ; no       ; Off          ;
; AF11     ; 130        ; 4A       ; mem_write_data[20]                         ; output ; 2.5 V        ;         ; Column I/O ; N               ; no       ; Off          ;
; AF12     ; 126        ; 4A       ; mem_write_data[3]                          ; output ; 2.5 V        ;         ; Column I/O ; N               ; no       ; Off          ;
; AF13     ; 122        ; 4A       ; mem_write_data[25]                         ; output ; 2.5 V        ;         ; Column I/O ; N               ; no       ; Off          ;
; AF14     ; 102        ; 4A       ; GND+                                       ;        ;              ;         ; Column I/O ;                 ; --       ; --           ;
; AF15     ; 101        ; 3A       ; reset_n                                    ; input  ; 2.5 V        ;         ; Column I/O ; N               ; no       ; Off          ;
; AF16     ; 86         ; 3A       ; RESERVED_INPUT_WITH_WEAK_PULLUP            ;        ;              ;         ; Column I/O ;                 ; no       ; On           ;
; AF17     ; 82         ; 3A       ; mem_read_data[27]                          ; input  ; 2.5 V        ;         ; Column I/O ; N               ; no       ; Off          ;
; AF18     ; 77         ; 3A       ; RESERVED_INPUT_WITH_WEAK_PULLUP            ;        ;              ;         ; Column I/O ;                 ; no       ; On           ;
; AF19     ; 78         ; 3A       ; RESERVED_INPUT_WITH_WEAK_PULLUP            ;        ;              ;         ; Column I/O ;                 ; no       ; On           ;
; AF20     ; 74         ; 3A       ; mem_read_data[12]                          ; input  ; 2.5 V        ;         ; Column I/O ; N               ; no       ; Off          ;
; AF21     ;            ;          ; NC                                         ;        ;              ;         ; --         ;                 ; --       ; --           ;
; AF22     ;            ;          ; NC                                         ;        ;              ;         ; --         ;                 ; --       ; --           ;
; AF23     ;            ;          ; GND                                        ; gnd    ;              ;         ; --         ;                 ; --       ; --           ;
; AF24     ; 36         ; QL0      ; GXB_NC                                     ;        ;              ;         ; --         ;                 ; --       ; --           ;
; AF25     ;            ;          ; GND                                        ; gnd    ;              ;         ; --         ;                 ; --       ; --           ;
; AF26     ;            ;          ; GND                                        ; gnd    ;              ;         ; --         ;                 ; --       ; --           ;
; AF27     ;            ;          ; GND                                        ; gnd    ;              ;         ; --         ;                 ; --       ; --           ;
; AF28     ;            ;          ; GND                                        ; gnd    ;              ;         ; --         ;                 ; --       ; --           ;
; AG1      ; 162        ; 4A       ; message_addr[4]                            ; input  ; 2.5 V        ;         ; Column I/O ; N               ; no       ; Off          ;
; AG2      ;            ;          ; GND                                        ; gnd    ;              ;         ; --         ;                 ; --       ; --           ;
; AG3      ; 152        ; 4A       ; output_addr[13]                            ; input  ; 2.5 V        ;         ; Column I/O ; N               ; no       ; Off          ;
; AG4      ; 150        ; 4A       ; output_addr[15]                            ; input  ; 2.5 V        ;         ; Column I/O ; N               ; no       ; Off          ;
; AG5      ;            ;          ; GND                                        ; gnd    ;              ;         ; --         ;                 ; --       ; --           ;
; AG6      ; 120        ; 4A       ; output_addr[5]                             ; input  ; 2.5 V        ;         ; Column I/O ; N               ; no       ; Off          ;
; AG7      ;            ; 4A       ; VCCIO4A                                    ; power  ;              ; 2.5V    ; --         ;                 ; --       ; --           ;
; AG8      ;            ;          ; GND                                        ; gnd    ;              ;         ; --         ;                 ; --       ; --           ;
; AG9      ; 116        ; 4A       ; start                                      ; input  ; 2.5 V        ;         ; Column I/O ; N               ; no       ; Off          ;
; AG10     ;            ; 4A       ; VCCIO4A                                    ; power  ;              ; 2.5V    ; --         ;                 ; --       ; --           ;
; AG11     ;            ;          ; GND                                        ; gnd    ;              ;         ; --         ;                 ; --       ; --           ;
; AG12     ; 108        ; 4A       ; mem_read_data[11]                          ; input  ; 2.5 V        ;         ; Column I/O ; N               ; no       ; Off          ;
; AG13     ;            ; 4A       ; VCCIO4A                                    ; power  ;              ; 2.5V    ; --         ;                 ; --       ; --           ;
; AG14     ;            ;          ; GND                                        ; gnd    ;              ;         ; --         ;                 ; --       ; --           ;
; AG15     ; 100        ; 3A       ; mem_read_data[20]                          ; input  ; 2.5 V        ;         ; Column I/O ; N               ; no       ; Off          ;
; AG16     ;            ; 3A       ; VCCIO3A                                    ; power  ;              ; 2.5V    ; --         ;                 ; --       ; --           ;
; AG17     ;            ;          ; GND                                        ; gnd    ;              ;         ; --         ;                 ; --       ; --           ;
; AG18     ; 96         ; 3A       ; mem_read_data[28]                          ; input  ; 2.5 V        ;         ; Column I/O ; N               ; no       ; Off          ;
; AG19     ; 92         ; 3A       ; mem_read_data[24]                          ; input  ; 2.5 V        ;         ; Column I/O ; N               ; no       ; Off          ;
; AG20     ;            ;          ; GND                                        ; gnd    ;              ;         ; --         ;                 ; --       ; --           ;
; AG21     ;            ;          ; GND                                        ; gnd    ;              ;         ; --         ;                 ; --       ; --           ;
; AG22     ;            ;          ; GND                                        ; gnd    ;              ;         ; --         ;                 ; --       ; --           ;
; AG23     ; 39         ; QL0      ; GXB_GND*                                   ;        ;              ;         ; --         ;                 ; --       ; --           ;
; AG24     ;            ;          ; GND                                        ; gnd    ;              ;         ; --         ;                 ; --       ; --           ;
; AG25     ; 35         ; QL0      ; GXB_GND*                                   ;        ;              ;         ; --         ;                 ; --       ; --           ;
; AG26     ;            ;          ; GND                                        ; gnd    ;              ;         ; --         ;                 ; --       ; --           ;
; AG27     ; 33         ; QL0      ; GXB_NC                                     ;        ;              ;         ; --         ;                 ; --       ; --           ;
; AG28     ;            ;          ; GND                                        ; gnd    ;              ;         ; --         ;                 ; --       ; --           ;
; AH2      ; 155        ; 4A       ; message_addr[12]                           ; input  ; 2.5 V        ;         ; Column I/O ; N               ; no       ; Off          ;
; AH3      ; 153        ; 4A       ; output_addr[2]                             ; input  ; 2.5 V        ;         ; Column I/O ; N               ; no       ; Off          ;
; AH4      ; 123        ; 4A       ; mem_write_data[28]                         ; output ; 2.5 V        ;         ; Column I/O ; N               ; no       ; Off          ;
; AH5      ; 121        ; 4A       ; mem_write_data[12]                         ; output ; 2.5 V        ;         ; Column I/O ; N               ; no       ; Off          ;
; AH6      ; 118        ; 4A       ; done                                       ; output ; 2.5 V        ;         ; Column I/O ; N               ; no       ; Off          ;
; AH7      ; 115        ; 4A       ; mem_read_data[1]                           ; input  ; 2.5 V        ;         ; Column I/O ; N               ; no       ; Off          ;
; AH8      ; 113        ; 4A       ; mem_write_data[13]                         ; output ; 2.5 V        ;         ; Column I/O ; N               ; no       ; Off          ;
; AH9      ; 114        ; 4A       ; mem_we                                     ; output ; 2.5 V        ;         ; Column I/O ; N               ; no       ; Off          ;
; AH10     ; 112        ; 4A       ; mem_read_data[7]                           ; input  ; 2.5 V        ;         ; Column I/O ; N               ; no       ; Off          ;
; AH11     ; 110        ; 4A       ; mem_read_data[19]                          ; input  ; 2.5 V        ;         ; Column I/O ; N               ; no       ; Off          ;
; AH12     ; 106        ; 4A       ; mem_read_data[8]                           ; input  ; 2.5 V        ;         ; Column I/O ; N               ; no       ; Off          ;
; AH13     ; 107        ; 4A       ; mem_read_data[2]                           ; input  ; 2.5 V        ;         ; Column I/O ; N               ; no       ; Off          ;
; AH14     ; 105        ; 4A       ; mem_read_data[14]                          ; input  ; 2.5 V        ;         ; Column I/O ; N               ; no       ; Off          ;
; AH15     ; 98         ; 3A       ; mem_clk                                    ; output ; 2.5 V        ;         ; Column I/O ; N               ; no       ; Off          ;
; AH16     ; 95         ; 3A       ; mem_read_data[0]                           ; input  ; 2.5 V        ;         ; Column I/O ; N               ; no       ; Off          ;
; AH17     ; 93         ; 3A       ; RESERVED_INPUT_WITH_WEAK_PULLUP            ;        ;              ;         ; Column I/O ;                 ; no       ; On           ;
; AH18     ; 94         ; 3A       ; mem_read_data[10]                          ; input  ; 2.5 V        ;         ; Column I/O ; N               ; no       ; Off          ;
; AH19     ; 90         ; 3A       ; mem_read_data[26]                          ; input  ; 2.5 V        ;         ; Column I/O ; N               ; no       ; Off          ;
; AH20     ;            ;          ; GND                                        ; gnd    ;              ;         ; --         ;                 ; --       ; --           ;
; AH21     ;            ;          ; RREF                                       ;        ;              ;         ; --         ;                 ; --       ; --           ;
; AH22     ;            ;          ; GND                                        ; gnd    ;              ;         ; --         ;                 ; --       ; --           ;
; AH23     ; 38         ; QL0      ; GXB_GND*                                   ;        ;              ;         ; --         ;                 ; --       ; --           ;
; AH24     ;            ;          ; GND                                        ; gnd    ;              ;         ; --         ;                 ; --       ; --           ;
; AH25     ; 34         ; QL0      ; GXB_GND*                                   ;        ;              ;         ; --         ;                 ; --       ; --           ;
; AH26     ;            ;          ; GND                                        ; gnd    ;              ;         ; --         ;                 ; --       ; --           ;
; AH27     ; 32         ; QL0      ; GXB_NC                                     ;        ;              ;         ; --         ;                 ; --       ; --           ;
; B1       ; 289        ; 6A       ; RESERVED_INPUT_WITH_WEAK_PULLUP            ;        ;              ;         ; Row I/O    ;                 ; no       ; On           ;
; B2       ;            ;          ; GND                                        ; gnd    ;              ;         ; --         ;                 ; --       ; --           ;
; B3       ; 321        ; 7A       ; RESERVED_INPUT_WITH_WEAK_PULLUP            ;        ;              ;         ; Column I/O ;                 ; no       ; On           ;
; B4       ;            ; 7A       ; VCCIO7A                                    ; power  ;              ; 2.5V    ; --         ;                 ; --       ; --           ;
; B5       ;            ;          ; GND                                        ; gnd    ;              ;         ; --         ;                 ; --       ; --           ;
; B6       ; 357        ; 7A       ; RESERVED_INPUT_WITH_WEAK_PULLUP            ;        ;              ;         ; Column I/O ;                 ; no       ; On           ;
; B7       ;            ; 7A       ; VCCIO7A                                    ; power  ;              ; 2.5V    ; --         ;                 ; --       ; --           ;
; B8       ;            ;          ; GND                                        ; gnd    ;              ;         ; --         ;                 ; --       ; --           ;
; B9       ; 347        ; 7A       ; RESERVED_INPUT_WITH_WEAK_PULLUP            ;        ;              ;         ; Column I/O ;                 ; no       ; On           ;
; B10      ;            ; 7A       ; VCCIO7A                                    ; power  ;              ; 2.5V    ; --         ;                 ; --       ; --           ;
; B11      ;            ;          ; GND                                        ; gnd    ;              ;         ; --         ;                 ; --       ; --           ;
; B12      ; 365        ; 7A       ; RESERVED_INPUT_WITH_WEAK_PULLUP            ;        ;              ;         ; Column I/O ;                 ; no       ; On           ;
; B13      ;            ; 7A       ; VCCIO7A                                    ; power  ;              ; 2.5V    ; --         ;                 ; --       ; --           ;
; B14      ;            ;          ; GND                                        ; gnd    ;              ;         ; --         ;                 ; --       ; --           ;
; B15      ; 379        ; 8A       ; RESERVED_INPUT_WITH_WEAK_PULLUP            ;        ;              ;         ; Column I/O ;                 ; no       ; On           ;
; B16      ; 382        ; 8A       ; RESERVED_INPUT_WITH_WEAK_PULLUP            ;        ;              ;         ; Column I/O ;                 ; no       ; On           ;
; B17      ;            ;          ; GND                                        ; gnd    ;              ;         ; --         ;                 ; --       ; --           ;
; B18      ;            ; 8A       ; VCCIO8A                                    ; power  ;              ; 2.5V    ; --         ;                 ; --       ; --           ;
; B19      ; 392        ; 8A       ; RESERVED_INPUT_WITH_WEAK_PULLUP            ;        ;              ;         ; Column I/O ;                 ; no       ; On           ;
; B20      ;            ;          ; GND                                        ; gnd    ;              ;         ; --         ;                 ; --       ; --           ;
; B21      ;            ;          ; GND                                        ; gnd    ;              ;         ; --         ;                 ; --       ; --           ;
; B22      ;            ;          ; GND                                        ; gnd    ;              ;         ; --         ;                 ; --       ; --           ;
; B23      ;            ;          ; GND                                        ; gnd    ;              ;         ; --         ;                 ; --       ; --           ;
; B24      ;            ;          ; NC                                         ;        ;              ;         ; --         ;                 ; --       ; --           ;
; B25      ;            ;          ; GND                                        ; gnd    ;              ;         ; --         ;                 ; --       ; --           ;
; B26      ;            ;          ; NC                                         ;        ;              ;         ; --         ;                 ; --       ; --           ;
; B27      ;            ;          ; GND                                        ; gnd    ;              ;         ; --         ;                 ; --       ; --           ;
; B28      ;            ;          ; GND                                        ; gnd    ;              ;         ; --         ;                 ; --       ; --           ;
; C1       ; 264        ; 6A       ; RESERVED_INPUT_WITH_WEAK_PULLUP            ;        ;              ;         ; Row I/O    ;                 ; no       ; On           ;
; C2       ; 290        ; 6A       ; RESERVED_INPUT_WITH_WEAK_PULLUP            ;        ;              ;         ; Row I/O    ;                 ; no       ; On           ;
; C3       ; 292        ; 6A       ; RESERVED_INPUT_WITH_WEAK_PULLUP            ;        ;              ;         ; Row I/O    ;                 ; no       ; On           ;
; C4       ; 319        ; 7A       ; RESERVED_INPUT_WITH_WEAK_PULLUP            ;        ;              ;         ; Column I/O ;                 ; no       ; On           ;
; C5       ; 331        ; 7A       ; RESERVED_INPUT_WITH_WEAK_PULLUP            ;        ;              ;         ; Column I/O ;                 ; no       ; On           ;
; C6       ; 335        ; 7A       ; RESERVED_INPUT_WITH_WEAK_PULLUP            ;        ;              ;         ; Column I/O ;                 ; no       ; On           ;
; C7       ; 333        ; 7A       ; RESERVED_INPUT_WITH_WEAK_PULLUP            ;        ;              ;         ; Column I/O ;                 ; no       ; On           ;
; C8       ; 339        ; 7A       ; RESERVED_INPUT_WITH_WEAK_PULLUP            ;        ;              ;         ; Column I/O ;                 ; no       ; On           ;
; C9       ; 345        ; 7A       ; RESERVED_INPUT_WITH_WEAK_PULLUP            ;        ;              ;         ; Column I/O ;                 ; no       ; On           ;
; C10      ; 340        ; 7A       ; RESERVED_INPUT_WITH_WEAK_PULLUP            ;        ;              ;         ; Column I/O ;                 ; no       ; On           ;
; C11      ; 348        ; 7A       ; RESERVED_INPUT_WITH_WEAK_PULLUP            ;        ;              ;         ; Column I/O ;                 ; no       ; On           ;
; C12      ; 356        ; 7A       ; RESERVED_INPUT_WITH_WEAK_PULLUP            ;        ;              ;         ; Column I/O ;                 ; no       ; On           ;
; C13      ; 354        ; 7A       ; RESERVED_INPUT_WITH_WEAK_PULLUP            ;        ;              ;         ; Column I/O ;                 ; no       ; On           ;
; C14      ; 376        ; 7A       ; GND+                                       ;        ;              ;         ; Column I/O ;                 ; --       ; --           ;
; C15      ; 375        ; 8A       ; GND+                                       ;        ;              ;         ; Column I/O ;                 ; --       ; --           ;
; C16      ; 377        ; 8A       ; RESERVED_INPUT_WITH_WEAK_PULLUP            ;        ;              ;         ; Column I/O ;                 ; no       ; On           ;
; C17      ; 395        ; 8A       ; RESERVED_INPUT_WITH_WEAK_PULLUP            ;        ;              ;         ; Column I/O ;                 ; no       ; On           ;
; C18      ; 399        ; 8A       ; RESERVED_INPUT_WITH_WEAK_PULLUP            ;        ;              ;         ; Column I/O ;                 ; no       ; On           ;
; C19      ; 390        ; 8A       ; RESERVED_INPUT_WITH_WEAK_PULLUP            ;        ;              ;         ; Column I/O ;                 ; no       ; On           ;
; C20      ;            ; 8A       ; VCCIO8A                                    ; power  ;              ; 2.5V    ; --         ;                 ; --       ; --           ;
; C21      ; 400        ; 8A       ; RESERVED_INPUT_WITH_WEAK_PULLUP            ;        ;              ;         ; Column I/O ;                 ; no       ; On           ;
; C22      ;            ;          ; GND                                        ; gnd    ;              ;         ; --         ;                 ; --       ; --           ;
; C23      ;            ;          ; NC                                         ;        ;              ;         ; --         ;                 ; --       ; --           ;
; C24      ;            ;          ; GND                                        ; gnd    ;              ;         ; --         ;                 ; --       ; --           ;
; C25      ;            ;          ; GND                                        ; gnd    ;              ;         ; --         ;                 ; --       ; --           ;
; C26      ;            ;          ; GND                                        ; gnd    ;              ;         ; --         ;                 ; --       ; --           ;
; C27      ;            ;          ; NC                                         ;        ;              ;         ; --         ;                 ; --       ; --           ;
; C28      ;            ;          ; NC                                         ;        ;              ;         ; --         ;                 ; --       ; --           ;
; D1       ; 262        ; 6A       ; RESERVED_INPUT_WITH_WEAK_PULLUP            ;        ;              ;         ; Row I/O    ;                 ; no       ; On           ;
; D2       ;            ; 6A       ; VCCIO6A                                    ; power  ;              ; 2.5V    ; --         ;                 ; --       ; --           ;
; D3       ; 299        ; 6A       ; RESERVED_INPUT_WITH_WEAK_PULLUP            ;        ;              ;         ; Row I/O    ;                 ; no       ; On           ;
; D4       ; 317        ; 7A       ; RESERVED_INPUT_WITH_WEAK_PULLUP            ;        ;              ;         ; Column I/O ;                 ; no       ; On           ;
; D5       ; 316        ; 7A       ; RESERVED_INPUT_WITH_WEAK_PULLUP            ;        ;              ;         ; Column I/O ;                 ; no       ; On           ;
; D6       ; 329        ; 7A       ; RESERVED_INPUT_WITH_WEAK_PULLUP            ;        ;              ;         ; Column I/O ;                 ; no       ; On           ;
; D7       ; 327        ; 7A       ; RESERVED_INPUT_WITH_WEAK_PULLUP            ;        ;              ;         ; Column I/O ;                 ; no       ; On           ;
; D8       ; 337        ; 7A       ; RESERVED_INPUT_WITH_WEAK_PULLUP            ;        ;              ;         ; Column I/O ;                 ; no       ; On           ;
; D9       ; 332        ; 7A       ; RESERVED_INPUT_WITH_WEAK_PULLUP            ;        ;              ;         ; Column I/O ;                 ; no       ; On           ;
; D10      ; 338        ; 7A       ; RESERVED_INPUT_WITH_WEAK_PULLUP            ;        ;              ;         ; Column I/O ;                 ; no       ; On           ;
; D11      ; 346        ; 7A       ; RESERVED_INPUT_WITH_WEAK_PULLUP            ;        ;              ;         ; Column I/O ;                 ; no       ; On           ;
; D12      ; 343        ; 7A       ; RESERVED_INPUT_WITH_WEAK_PULLUP            ;        ;              ;         ; Column I/O ;                 ; no       ; On           ;
; D13      ; 355        ; 7A       ; RESERVED_INPUT_WITH_WEAK_PULLUP            ;        ;              ;         ; Column I/O ;                 ; no       ; On           ;
; D14      ; 374        ; 7A       ; GND+                                       ;        ;              ;         ; Column I/O ;                 ; --       ; --           ;
; D15      ; 373        ; 8A       ; GND+                                       ;        ;              ;         ; Column I/O ;                 ; --       ; --           ;
; D16      ; 387        ; 8A       ; RESERVED_INPUT_WITH_WEAK_PULLUP            ;        ;              ;         ; Column I/O ;                 ; no       ; On           ;
; D17      ; 393        ; 8A       ; RESERVED_INPUT_WITH_WEAK_PULLUP            ;        ;              ;         ; Column I/O ;                 ; no       ; On           ;
; D18      ; 397        ; 8A       ; RESERVED_INPUT_WITH_WEAK_PULLUP            ;        ;              ;         ; Column I/O ;                 ; no       ; On           ;
; D19      ; 403        ; 8A       ; RESERVED_INPUT_WITH_WEAK_PULLUP            ;        ;              ;         ; Column I/O ;                 ; no       ; On           ;
; D20      ; 401        ; 8A       ; RESERVED_INPUT_WITH_WEAK_PULLUP            ;        ;              ;         ; Column I/O ;                 ; no       ; On           ;
; D21      ; 398        ; 8A       ; RESERVED_INPUT_WITH_WEAK_PULLUP            ;        ;              ;         ; Column I/O ;                 ; no       ; On           ;
; D22      ;            ;          ; GND                                        ; gnd    ;              ;         ; --         ;                 ; --       ; --           ;
; D23      ;            ;          ; NC                                         ;        ;              ;         ; --         ;                 ; --       ; --           ;
; D24      ;            ;          ; GND                                        ; gnd    ;              ;         ; --         ;                 ; --       ; --           ;
; D25      ;            ;          ; NC                                         ;        ;              ;         ; --         ;                 ; --       ; --           ;
; D26      ;            ;          ; NC                                         ;        ;              ;         ; --         ;                 ; --       ; --           ;
; D27      ;            ;          ; GND                                        ; gnd    ;              ;         ; --         ;                 ; --       ; --           ;
; D28      ;            ;          ; GND                                        ; gnd    ;              ;         ; --         ;                 ; --       ; --           ;
; E1       ; 258        ; 6A       ; RESERVED_INPUT_WITH_WEAK_PULLUP            ;        ;              ;         ; Row I/O    ;                 ; no       ; On           ;
; E2       ;            ;          ; GND                                        ; gnd    ;              ;         ; --         ;                 ; --       ; --           ;
; E3       ; 297        ; 6A       ; RESERVED_INPUT_WITH_WEAK_PULLUP            ;        ;              ;         ; Row I/O    ;                 ; no       ; On           ;
; E4       ; 302        ; 6A       ; RESERVED_INPUT_WITH_WEAK_PULLUP            ;        ;              ;         ; Row I/O    ;                 ; no       ; On           ;
; E5       ;            ;          ; GND                                        ; gnd    ;              ;         ; --         ;                 ; --       ; --           ;
; E6       ; 314        ; 7A       ; RESERVED_INPUT_WITH_WEAK_PULLUP            ;        ;              ;         ; Column I/O ;                 ; no       ; On           ;
; E7       ; 325        ; 7A       ; RESERVED_INPUT_WITH_WEAK_PULLUP            ;        ;              ;         ; Column I/O ;                 ; no       ; On           ;
; E8       ;            ;          ; GND                                        ; gnd    ;              ;         ; --         ;                 ; --       ; --           ;
; E9       ; 330        ; 7A       ; RESERVED_INPUT_WITH_WEAK_PULLUP            ;        ;              ;         ; Column I/O ;                 ; no       ; On           ;
; E10      ; 315        ; 7A       ; RESERVED_INPUT_WITH_WEAK_PULLUP            ;        ;              ;         ; Column I/O ;                 ; no       ; On           ;
; E11      ;            ;          ; GND                                        ; gnd    ;              ;         ; --         ;                 ; --       ; --           ;
; E12      ; 341        ; 7A       ; RESERVED_INPUT_WITH_WEAK_PULLUP            ;        ;              ;         ; Column I/O ;                 ; no       ; On           ;
; E13      ; 353        ; 7A       ; RESERVED_INPUT_WITH_WEAK_PULLUP            ;        ;              ;         ; Column I/O ;                 ; no       ; On           ;
; E14      ;            ;          ; GND                                        ; gnd    ;              ;         ; --         ;                 ; --       ; --           ;
; E15      ; 385        ; 8A       ; RESERVED_INPUT_WITH_WEAK_PULLUP            ;        ;              ;         ; Column I/O ;                 ; no       ; On           ;
; E16      ;            ; 8A       ; VCCIO8A                                    ; power  ;              ; 2.5V    ; --         ;                 ; --       ; --           ;
; E17      ;            ;          ; GND                                        ; gnd    ;              ;         ; --         ;                 ; --       ; --           ;
; E18      ; 423        ; 8A       ; RESERVED_INPUT_WITH_WEAK_PULLUP            ;        ;              ;         ; Column I/O ;                 ; no       ; On           ;
; E19      ; 421        ; 8A       ; RESERVED_INPUT_WITH_WEAK_PULLUP            ;        ;              ;         ; Column I/O ;                 ; no       ; On           ;
; E20      ;            ;          ; GND                                        ; gnd    ;              ;         ; --         ;                 ; --       ; --           ;
; E21      ; 419        ; 8A       ; RESERVED_INPUT_WITH_WEAK_PULLUP            ;        ;              ;         ; Column I/O ;                 ; no       ; On           ;
; E22      ; 411        ; 8A       ; RESERVED_INPUT_WITH_WEAK_PULLUP            ;        ;              ;         ; Column I/O ;                 ; no       ; On           ;
; E23      ;            ;          ; GND                                        ; gnd    ;              ;         ; --         ;                 ; --       ; --           ;
; E24      ; 416        ; 8A       ; RESERVED_INPUT_WITH_WEAK_PULLUP            ;        ;              ;         ; Column I/O ;                 ; no       ; On           ;
; E25      ;            ;          ; GND                                        ; gnd    ;              ;         ; --         ;                 ; --       ; --           ;
; E26      ;            ;          ; GND                                        ; gnd    ;              ;         ; --         ;                 ; --       ; --           ;
; E27      ;            ;          ; NC                                         ;        ;              ;         ; --         ;                 ; --       ; --           ;
; E28      ;            ;          ; NC                                         ;        ;              ;         ; --         ;                 ; --       ; --           ;
; F1       ; 259        ; 6A       ; RESERVED_INPUT_WITH_WEAK_PULLUP            ;        ;              ;         ; Row I/O    ;                 ; no       ; On           ;
; F2       ; 260        ; 6A       ; RESERVED_INPUT_WITH_WEAK_PULLUP            ;        ;              ;         ; Row I/O    ;                 ; no       ; On           ;
; F3       ; 298        ; 6A       ; RESERVED_INPUT_WITH_WEAK_PULLUP            ;        ;              ;         ; Row I/O    ;                 ; no       ; On           ;
; F4       ; 300        ; 6A       ; RESERVED_INPUT_WITH_WEAK_PULLUP            ;        ;              ;         ; Row I/O    ;                 ; no       ; On           ;
; F5       ; 304        ; 6A       ; RESERVED_INPUT_WITH_WEAK_PULLUP            ;        ;              ;         ; Row I/O    ;                 ; no       ; On           ;
; F6       ;            ;          ; DNU                                        ;        ;              ;         ; --         ;                 ; --       ; --           ;
; F7       ; 305        ; 7A       ; RESERVED_INPUT_WITH_WEAK_PULLUP            ;        ;              ;         ; Column I/O ;                 ; no       ; On           ;
; F8       ; 311        ; 7A       ; RESERVED_INPUT_WITH_WEAK_PULLUP            ;        ;              ;         ; Column I/O ;                 ; no       ; On           ;
; F9       ; 309        ; 7A       ; RESERVED_INPUT_WITH_WEAK_PULLUP            ;        ;              ;         ; Column I/O ;                 ; no       ; On           ;
; F10      ; 313        ; 7A       ; RESERVED_INPUT_WITH_WEAK_PULLUP            ;        ;              ;         ; Column I/O ;                 ; no       ; On           ;
; F11      ; 328        ; 7A       ; RESERVED_INPUT_WITH_WEAK_PULLUP            ;        ;              ;         ; Column I/O ;                 ; no       ; On           ;
; F12      ; 344        ; 7A       ; RESERVED_INPUT_WITH_WEAK_PULLUP            ;        ;              ;         ; Column I/O ;                 ; no       ; On           ;
; F13      ; 351        ; 7A       ; RESERVED_INPUT_WITH_WEAK_PULLUP            ;        ;              ;         ; Column I/O ;                 ; no       ; On           ;
; F14      ; 368        ; 7A       ; RESERVED_INPUT_WITH_WEAK_PULLUP            ;        ;              ;         ; Column I/O ;                 ; no       ; On           ;
; F15      ; 380        ; 8A       ; RESERVED_INPUT_WITH_WEAK_PULLUP            ;        ;              ;         ; Column I/O ;                 ; no       ; On           ;
; F16      ; 378        ; 8A       ; RESERVED_INPUT_WITH_WEAK_PULLUP            ;        ;              ;         ; Column I/O ;                 ; no       ; On           ;
; F17      ; 404        ; 8A       ; RESERVED_INPUT_WITH_WEAK_PULLUP            ;        ;              ;         ; Column I/O ;                 ; no       ; On           ;
; F18      ;            ; 8A       ; VCCIO8A                                    ; power  ;              ; 2.5V    ; --         ;                 ; --       ; --           ;
; F19      ;            ;          ; NC                                         ;        ;              ;         ; --         ;                 ; --       ; --           ;
; F20      ;            ;          ; NC                                         ;        ;              ;         ; --         ;                 ; --       ; --           ;
; F21      ; 417        ; 8A       ; RESERVED_INPUT_WITH_WEAK_PULLUP            ;        ;              ;         ; Column I/O ;                 ; no       ; On           ;
; F22      ; 409        ; 8A       ; RESERVED_INPUT_WITH_WEAK_PULLUP            ;        ;              ;         ; Column I/O ;                 ; no       ; On           ;
; F23      ; 415        ; 8A       ; RESERVED_INPUT_WITH_WEAK_PULLUP            ;        ;              ;         ; Column I/O ;                 ; no       ; On           ;
; F24      ; 414        ; 8A       ; RESERVED_INPUT_WITH_WEAK_PULLUP            ;        ;              ;         ; Column I/O ;                 ; no       ; On           ;
; F25      ;            ;          ; NC                                         ;        ;              ;         ; --         ;                 ; --       ; --           ;
; F26      ;            ;          ; NC                                         ;        ;              ;         ; --         ;                 ; --       ; --           ;
; F27      ;            ;          ; GND                                        ; gnd    ;              ;         ; --         ;                 ; --       ; --           ;
; F28      ;            ;          ; GND                                        ; gnd    ;              ;         ; --         ;                 ; --       ; --           ;
; G1       ; 257        ; 6A       ; RESERVED_INPUT_WITH_WEAK_PULLUP            ;        ;              ;         ; Row I/O    ;                 ; no       ; On           ;
; G2       ;            ; 6A       ; VCCIO6A                                    ; power  ;              ; 2.5V    ; --         ;                 ; --       ; --           ;
; G3       ; 294        ; 6A       ; RESERVED_INPUT_WITH_WEAK_PULLUP            ;        ;              ;         ; Row I/O    ;                 ; no       ; On           ;
; G4       ; 296        ; 6A       ; RESERVED_INPUT_WITH_WEAK_PULLUP            ;        ;              ;         ; Row I/O    ;                 ; no       ; On           ;
; G5       ; 301        ; 6A       ; RESERVED_INPUT_WITH_WEAK_PULLUP            ;        ;              ;         ; Row I/O    ;                 ; no       ; On           ;
; G6       ; 303        ; 6A       ; RESERVED_INPUT_WITH_WEAK_PULLUP            ;        ;              ;         ; Row I/O    ;                 ; no       ; On           ;
; G7       ; 307        ; 7A       ; RESERVED_INPUT_WITH_WEAK_PULLUP            ;        ;              ;         ; Column I/O ;                 ; no       ; On           ;
; G8       ;            ;          ; VCCD_PLL_2                                 ; power  ;              ; 0.9V    ; --         ;                 ; --       ; --           ;
; G9       ;            ;          ; GND                                        ; gnd    ;              ;         ; --         ;                 ; --       ; --           ;
; G10      ; 312        ; 7A       ; RESERVED_INPUT_WITH_WEAK_PULLUP            ;        ;              ;         ; Column I/O ;                 ; no       ; On           ;
; G11      ; 326        ; 7A       ; RESERVED_INPUT_WITH_WEAK_PULLUP            ;        ;              ;         ; Column I/O ;                 ; no       ; On           ;
; G12      ; 342        ; 7A       ; RESERVED_INPUT_WITH_WEAK_PULLUP            ;        ;              ;         ; Column I/O ;                 ; no       ; On           ;
; G13      ; 349        ; 7A       ; RESERVED_INPUT_WITH_WEAK_PULLUP            ;        ;              ;         ; Column I/O ;                 ; no       ; On           ;
; G14      ; 366        ; 7A       ; RESERVED_INPUT_WITH_WEAK_PULLUP            ;        ;              ;         ; Column I/O ;                 ; no       ; On           ;
; G15      ; 388        ; 8A       ; RESERVED_INPUT_WITH_WEAK_PULLUP            ;        ;              ;         ; Column I/O ;                 ; no       ; On           ;
; G16      ;            ; 8A       ; VCCPD8A                                    ; power  ;              ; 2.5V    ; --         ;                 ; --       ; --           ;
; G17      ; 402        ; 8A       ; RESERVED_INPUT_WITH_WEAK_PULLUP            ;        ;              ;         ; Column I/O ;                 ; no       ; On           ;
; G18      ; 424        ; 8A       ; RESERVED_INPUT_WITH_WEAK_PULLUP            ;        ;              ;         ; Column I/O ;                 ; no       ; On           ;
; G19      ; 422        ; 8A       ; RESERVED_INPUT_WITH_WEAK_PULLUP            ;        ;              ;         ; Column I/O ;                 ; no       ; On           ;
; G20      ;            ;          ; VCCA_PLL_1                                 ; power  ;              ; 2.5V    ; --         ;                 ; --       ; --           ;
; G21      ;            ; 8C       ; VCCPD8C                                    ; power  ;              ; 2.5V    ; --         ;                 ; --       ; --           ;
; G22      ;            ;          ; GND                                        ; gnd    ;              ;         ; --         ;                 ; --       ; --           ;
; G23      ;            ; 8C       ; VCCIO8C                                    ; power  ;              ; 2.5V    ; --         ;                 ; --       ; --           ;
; G24      ; 413        ; 8A       ; RESERVED_INPUT_WITH_WEAK_PULLUP            ;        ;              ;         ; Column I/O ;                 ; no       ; On           ;
; G25      ;            ;          ; GND                                        ; gnd    ;              ;         ; --         ;                 ; --       ; --           ;
; G26      ;            ;          ; GND                                        ; gnd    ;              ;         ; --         ;                 ; --       ; --           ;
; G27      ;            ;          ; NC                                         ;        ;              ;         ; --         ;                 ; --       ; --           ;
; G28      ;            ;          ; NC                                         ;        ;              ;         ; --         ;                 ; --       ; --           ;
; H1       ; 252        ; 6A       ; mem_write_data[23]                         ; output ; 2.5 V        ;         ; Row I/O    ; N               ; no       ; Off          ;
; H2       ;            ;          ; GND                                        ; gnd    ;              ;         ; --         ;                 ; --       ; --           ;
; H3       ; 266        ; 6A       ; RESERVED_INPUT_WITH_WEAK_PULLUP            ;        ;              ;         ; Row I/O    ;                 ; no       ; On           ;
; H4       ; 268        ; 6A       ; RESERVED_INPUT_WITH_WEAK_PULLUP            ;        ;              ;         ; Row I/O    ;                 ; no       ; On           ;
; H5       ;            ;          ; GND                                        ; gnd    ;              ;         ; --         ;                 ; --       ; --           ;
; H6       ; 293        ; 6A       ; RESERVED_INPUT_WITH_WEAK_PULLUP            ;        ;              ;         ; Row I/O    ;                 ; no       ; On           ;
; H7       ; 295        ; 6A       ; RESERVED_INPUT_WITH_WEAK_PULLUP            ;        ;              ;         ; Row I/O    ;                 ; no       ; On           ;
; H8       ;            ;          ; GND                                        ; gnd    ;              ;         ; --         ;                 ; --       ; --           ;
; H9       ;            ;          ; VCCA_PLL_2                                 ; power  ;              ; 2.5V    ; --         ;                 ; --       ; --           ;
; H10      ; 310        ; 7A       ; RESERVED_INPUT_WITH_WEAK_PULLUP            ;        ;              ;         ; Column I/O ;                 ; no       ; On           ;
; H11      ;            ;          ; GND                                        ; gnd    ;              ;         ; --         ;                 ; --       ; --           ;
; H12      ;            ; 7A       ; VREFB7AN0                                  ; power  ;              ;         ; --         ;                 ; --       ; --           ;
; H13      ;            ; 7A       ; VCCPD7A                                    ; power  ;              ; 2.5V    ; --         ;                 ; --       ; --           ;
; H14      ;            ;          ; GND                                        ; gnd    ;              ;         ; --         ;                 ; --       ; --           ;
; H15      ; 386        ; 8A       ; RESERVED_INPUT_WITH_WEAK_PULLUP            ;        ;              ;         ; Column I/O ;                 ; no       ; On           ;
; H16      ;            ; 8A       ; VCCPD8A                                    ; power  ;              ; 2.5V    ; --         ;                 ; --       ; --           ;
; H17      ;            ;          ; GND                                        ; gnd    ;              ;         ; --         ;                 ; --       ; --           ;
; H18      ;            ; 8A       ; VREFB8AN0                                  ; power  ;              ;         ; --         ;                 ; --       ; --           ;
; H19      ;            ;          ; NC                                         ;        ;              ;         ; --         ;                 ; --       ; --           ;
; H20      ;            ;          ; GND                                        ; gnd    ;              ;         ; --         ;                 ; --       ; --           ;
; H21      ;            ;          ; VCCD_PLL_1                                 ; power  ;              ; 0.9V    ; --         ;                 ; --       ; --           ;
; H22      ; 431        ; 8C       ; ^nCSO                                      ;        ;              ;         ; --         ;                 ; --       ; --           ;
; H23      ;            ;          ; DNU                                        ;        ;              ;         ; --         ;                 ; --       ; --           ;
; H24      ; 433        ; 8C       ; #TDI                                       ; input  ;              ;         ; --         ;                 ; --       ; --           ;
; H25      ;            ;          ; NC                                         ;        ;              ;         ; --         ;                 ; --       ; --           ;
; H26      ;            ;          ; NC                                         ;        ;              ;         ; --         ;                 ; --       ; --           ;
; H27      ;            ;          ; GND                                        ; gnd    ;              ;         ; --         ;                 ; --       ; --           ;
; H28      ;            ;          ; GND                                        ; gnd    ;              ;         ; --         ;                 ; --       ; --           ;
; J1       ; 250        ; 6A       ; mem_write_data[1]                          ; output ; 2.5 V        ;         ; Row I/O    ; N               ; no       ; Off          ;
; J2       ; 249        ; 6A       ; RESERVED_INPUT_WITH_WEAK_PULLUP            ;        ;              ;         ; Row I/O    ;                 ; no       ; On           ;
; J3       ; 251        ; 6A       ; RESERVED_INPUT_WITH_WEAK_PULLUP            ;        ;              ;         ; Row I/O    ;                 ; no       ; On           ;
; J4       ; 265        ; 6A       ; RESERVED_INPUT_WITH_WEAK_PULLUP            ;        ;              ;         ; Row I/O    ;                 ; no       ; On           ;
; J5       ; 267        ; 6A       ; RESERVED_INPUT_WITH_WEAK_PULLUP            ;        ;              ;         ; Row I/O    ;                 ; no       ; On           ;
; J6       ; 253        ; 6A       ; RESERVED_INPUT_WITH_WEAK_PULLUP            ;        ;              ;         ; Row I/O    ;                 ; no       ; On           ;
; J7       ; 255        ; 6A       ; RESERVED_INPUT_WITH_WEAK_PULLUP            ;        ;              ;         ; Row I/O    ;                 ; no       ; On           ;
; J8       ; 263        ; 6A       ; RESERVED_INPUT_WITH_WEAK_PULLUP            ;        ;              ;         ; Row I/O    ;                 ; no       ; On           ;
; J9       ; 308        ; 7A       ; RESERVED_INPUT_WITH_WEAK_PULLUP            ;        ;              ;         ; Column I/O ;                 ; no       ; On           ;
; J10      ; 320        ; 7A       ; RESERVED_INPUT_WITH_WEAK_PULLUP            ;        ;              ;         ; Column I/O ;                 ; no       ; On           ;
; J11      ; 336        ; 7A       ; RESERVED_INPUT_WITH_WEAK_PULLUP            ;        ;              ;         ; Column I/O ;                 ; no       ; On           ;
; J12      ; 334        ; 7A       ; RESERVED_INPUT_WITH_WEAK_PULLUP            ;        ;              ;         ; Column I/O ;                 ; no       ; On           ;
; J13      ;            ; 7A       ; VCCPD7A                                    ; power  ;              ; 2.5V    ; --         ;                 ; --       ; --           ;
; J14      ; 360        ; 7A       ; RESERVED_INPUT_WITH_WEAK_PULLUP            ;        ;              ;         ; Column I/O ;                 ; no       ; On           ;
; J15      ;            ; --       ; VCCCB                                      ; power  ;              ; 1.5V    ; --         ;                 ; --       ; --           ;
; J16      ; 412        ; 8A       ; RESERVED_INPUT_WITH_WEAK_PULLUP            ;        ;              ;         ; Column I/O ;                 ; no       ; On           ;
; J17      ; 420        ; 8A       ; RESERVED_INPUT_WITH_WEAK_PULLUP            ;        ;              ;         ; Column I/O ;                 ; no       ; On           ;
; J18      ; 428        ; 8A       ; RESERVED_INPUT_WITH_WEAK_PULLUP            ;        ;              ;         ; Column I/O ;                 ; no       ; On           ;
; J19      ;            ;          ; NC                                         ;        ;              ;         ; --         ;                 ; --       ; --           ;
; J20      ; 408        ; 8A       ; RESERVED_INPUT_WITH_WEAK_PULLUP            ;        ;              ;         ; Column I/O ;                 ; no       ; On           ;
; J21      ; 406        ; 8A       ; RESERVED_INPUT_WITH_WEAK_PULLUP            ;        ;              ;         ; Column I/O ;                 ; no       ; On           ;
; J22      ; 430        ; 8C       ; ^ASDO                                      ;        ;              ;         ; --         ;                 ; --       ; --           ;
; J23      ; 434        ; 8C       ; #TMS                                       ; input  ;              ;         ; --         ;                 ; --       ; --           ;
; J24      ;            ; --       ; VCCBAT                                     ; power  ;              ; 2.5V    ; --         ;                 ; --       ; --           ;
; J25      ;            ;          ; GND                                        ; gnd    ;              ;         ; --         ;                 ; --       ; --           ;
; J26      ;            ;          ; GND                                        ; gnd    ;              ;         ; --         ;                 ; --       ; --           ;
; J27      ;            ;          ; NC                                         ;        ;              ;         ; --         ;                 ; --       ; --           ;
; J28      ;            ;          ; NC                                         ;        ;              ;         ; --         ;                 ; --       ; --           ;
; K1       ; 243        ; 6A       ; RESERVED_INPUT_WITH_WEAK_PULLUP            ;        ;              ;         ; Row I/O    ;                 ; no       ; On           ;
; K2       ;            ; 6A       ; VCCIO6A                                    ; power  ;              ; 2.5V    ; --         ;                 ; --       ; --           ;
; K3       ; 254        ; 6A       ; RESERVED_INPUT_WITH_WEAK_PULLUP            ;        ;              ;         ; Row I/O    ;                 ; no       ; On           ;
; K4       ; 270        ; 6A       ; RESERVED_INPUT_WITH_WEAK_PULLUP            ;        ;              ;         ; Row I/O    ;                 ; no       ; On           ;
; K5       ; 272        ; 6A       ; RESERVED_INPUT_WITH_WEAK_PULLUP            ;        ;              ;         ; Row I/O    ;                 ; no       ; On           ;
; K6       ; 245        ; 6A       ; RESERVED_INPUT_WITH_WEAK_PULLUP            ;        ;              ;         ; Row I/O    ;                 ; no       ; On           ;
; K7       ; 261        ; 6A       ; RESERVED_INPUT_WITH_WEAK_PULLUP            ;        ;              ;         ; Row I/O    ;                 ; no       ; On           ;
; K8       ; 269        ; 6A       ; RESERVED_INPUT_WITH_WEAK_PULLUP            ;        ;              ;         ; Row I/O    ;                 ; no       ; On           ;
; K9       ; 271        ; 6A       ; RESERVED_INPUT_WITH_WEAK_PULLUP            ;        ;              ;         ; Row I/O    ;                 ; no       ; On           ;
; K10      ; 306        ; 7A       ; RESERVED_INPUT_WITH_WEAK_PULLUP            ;        ;              ;         ; Column I/O ;                 ; no       ; On           ;
; K11      ; 318        ; 7A       ; RESERVED_INPUT_WITH_WEAK_PULLUP            ;        ;              ;         ; Column I/O ;                 ; no       ; On           ;
; K12      ; 352        ; 7A       ; RESERVED_INPUT_WITH_WEAK_PULLUP            ;        ;              ;         ; Column I/O ;                 ; no       ; On           ;
; K13      ; 350        ; 7A       ; RESERVED_INPUT_WITH_WEAK_PULLUP            ;        ;              ;         ; Column I/O ;                 ; no       ; On           ;
; K14      ; 358        ; 7A       ; RESERVED_INPUT_WITH_WEAK_PULLUP            ;        ;              ;         ; Column I/O ;                 ; no       ; On           ;
; K15      ; 396        ; 8A       ; RESERVED_INPUT_WITH_WEAK_PULLUP            ;        ;              ;         ; Column I/O ;                 ; no       ; On           ;
; K16      ; 410        ; 8A       ; RESERVED_INPUT_WITH_WEAK_PULLUP            ;        ;              ;         ; Column I/O ;                 ; no       ; On           ;
; K17      ;            ; --       ; VCC                                        ; power  ;              ; 0.9V    ; --         ;                 ; --       ; --           ;
; K18      ; 418        ; 8A       ; RESERVED_INPUT_WITH_WEAK_PULLUP            ;        ;              ;         ; Column I/O ;                 ; no       ; On           ;
; K19      ; 426        ; 8A       ; RESERVED_INPUT_WITH_WEAK_PULLUP            ;        ;              ;         ; Column I/O ;                 ; no       ; On           ;
; K20      ; 407        ; 8A       ; RESERVED_INPUT_WITH_WEAK_PULLUP            ;        ;              ;         ; Column I/O ;                 ; no       ; On           ;
; K21      ; 427        ; 8A       ; RESERVED_INPUT_WITH_WEAK_PULLUP            ;        ;              ;         ; Column I/O ;                 ; no       ; On           ;
; K22      ; 432        ; 8C       ; ^DATA0                                     ; input  ;              ;         ; --         ;                 ; --       ; --           ;
; K23      ;            ;          ; GND                                        ; gnd    ;              ;         ; --         ;                 ; --       ; --           ;
; K24      ; 436        ; 8C       ; ^DCLK                                      ; bidir  ;              ;         ; --         ;                 ; --       ; --           ;
; K25      ; 1          ; QL1      ; GXB_NC                                     ;        ;              ;         ; --         ;                 ; --       ; --           ;
; K26      ; 0          ; QL1      ; GXB_NC                                     ;        ;              ;         ; --         ;                 ; --       ; --           ;
; K27      ;            ;          ; GND                                        ; gnd    ;              ;         ; --         ;                 ; --       ; --           ;
; K28      ;            ;          ; GND                                        ; gnd    ;              ;         ; --         ;                 ; --       ; --           ;
; L1       ; 241        ; 6A       ; RESERVED_INPUT_WITH_WEAK_PULLUP            ;        ;              ;         ; Row I/O    ;                 ; no       ; On           ;
; L2       ;            ;          ; GND                                        ; gnd    ;              ;         ; --         ;                 ; --       ; --           ;
; L3       ; 244        ; 6A       ; RESERVED_INPUT_WITH_WEAK_PULLUP            ;        ;              ;         ; Row I/O    ;                 ; no       ; On           ;
; L4       ; 256        ; 6A       ; RESERVED_INPUT_WITH_WEAK_PULLUP            ;        ;              ;         ; Row I/O    ;                 ; no       ; On           ;
; L5       ;            ;          ; GND                                        ; gnd    ;              ;         ; --         ;                 ; --       ; --           ;
; L6       ; 235        ; 5A       ; RESERVED_INPUT_WITH_WEAK_PULLUP            ;        ;              ;         ; Row I/O    ;                 ; no       ; On           ;
; L7       ; 247        ; 6A       ; RESERVED_INPUT_WITH_WEAK_PULLUP            ;        ;              ;         ; Row I/O    ;                 ; no       ; On           ;
; L8       ;            ;          ; GND                                        ; gnd    ;              ;         ; --         ;                 ; --       ; --           ;
; L9       ;            ; 6A       ; VREFB6AN0                                  ; power  ;              ;         ; --         ;                 ; --       ; --           ;
; L10      ;            ; --       ; VCC                                        ; power  ;              ; 0.9V    ; --         ;                 ; --       ; --           ;
; L11      ;            ;          ; GND                                        ; gnd    ;              ;         ; --         ;                 ; --       ; --           ;
; L12      ;            ; --       ; VCC                                        ; power  ;              ; 0.9V    ; --         ;                 ; --       ; --           ;
; L13      ;            ; --       ; VCC                                        ; power  ;              ; 0.9V    ; --         ;                 ; --       ; --           ;
; L14      ;            ;          ; GND                                        ; gnd    ;              ;         ; --         ;                 ; --       ; --           ;
; L15      ; 394        ; 8A       ; RESERVED_INPUT_WITH_WEAK_PULLUP            ;        ;              ;         ; Column I/O ;                 ; no       ; On           ;
; L16      ;            ; --       ; VCC                                        ; power  ;              ; 0.9V    ; --         ;                 ; --       ; --           ;
; L17      ;            ;          ; GND                                        ; gnd    ;              ;         ; --         ;                 ; --       ; --           ;
; L18      ;            ; --       ; VCC                                        ; power  ;              ; 0.9V    ; --         ;                 ; --       ; --           ;
; L19      ; 405        ; 8A       ; RESERVED_INPUT_WITH_WEAK_PULLUP            ;        ;              ;         ; Column I/O ;                 ; no       ; On           ;
; L20      ;            ;          ; GND                                        ; gnd    ;              ;         ; --         ;                 ; --       ; --           ;
; L21      ; 425        ; 8A       ; RESERVED_INPUT_WITH_WEAK_PULLUP            ;        ;              ;         ; Column I/O ;                 ; no       ; On           ;
; L22      ;            ; --       ; VCCH_GXB                                   ; power  ;              ; 1.5V    ; --         ;                 ; --       ; --           ;
; L23      ; 429        ; 8C       ; #TDO                                       ; output ;              ;         ; --         ;                 ; --       ; --           ;
; L24      ; 435        ; 8C       ; #TCK                                       ; input  ;              ;         ; --         ;                 ; --       ; --           ;
; L25      ;            ;          ; GND                                        ; gnd    ;              ;         ; --         ;                 ; --       ; --           ;
; L26      ;            ;          ; GND                                        ; gnd    ;              ;         ; --         ;                 ; --       ; --           ;
; L27      ; 3          ; QL1      ; GXB_GND*                                   ;        ;              ;         ; --         ;                 ; --       ; --           ;
; L28      ; 2          ; QL1      ; GXB_GND*                                   ;        ;              ;         ; --         ;                 ; --       ; --           ;
; M1       ; 240        ; 6A       ; GND+                                       ;        ;              ;         ; Row I/O    ;                 ; --       ; --           ;
; M2       ; 242        ; 6A       ; RESERVED_INPUT_WITH_WEAK_PULLUP            ;        ;              ;         ; Row I/O    ;                 ; no       ; On           ;
; M3       ; 246        ; 6A       ; RESERVED_INPUT_WITH_WEAK_PULLUP            ;        ;              ;         ; Row I/O    ;                 ; no       ; On           ;
; M4       ; 248        ; 6A       ; RESERVED_INPUT_WITH_WEAK_PULLUP            ;        ;              ;         ; Row I/O    ;                 ; no       ; On           ;
; M5       ; 233        ; 5A       ; RESERVED_INPUT_WITH_WEAK_PULLUP            ;        ;              ;         ; Row I/O    ;                 ; no       ; On           ;
; M6       ; 227        ; 5A       ; RESERVED_INPUT_WITH_WEAK_PULLUP            ;        ;              ;         ; Row I/O    ;                 ; no       ; On           ;
; M7       ;            ; 6A       ; VCCPD6A                                    ; power  ;              ; 2.5V    ; --         ;                 ; --       ; --           ;
; M8       ;            ; 6A       ; VCCPD6A                                    ; power  ;              ; 2.5V    ; --         ;                 ; --       ; --           ;
; M9       ;            ; --       ; VCC                                        ; power  ;              ; 0.9V    ; --         ;                 ; --       ; --           ;
; M10      ;            ;          ; GND                                        ; gnd    ;              ;         ; --         ;                 ; --       ; --           ;
; M11      ;            ; --       ; VCC                                        ; power  ;              ; 0.9V    ; --         ;                 ; --       ; --           ;
; M12      ;            ;          ; GND                                        ; gnd    ;              ;         ; --         ;                 ; --       ; --           ;
; M13      ;            ; --       ; VCC                                        ; power  ;              ; 0.9V    ; --         ;                 ; --       ; --           ;
; M14      ;            ;          ; GND                                        ; gnd    ;              ;         ; --         ;                 ; --       ; --           ;
; M15      ;            ; --       ; VCC                                        ; power  ;              ; 0.9V    ; --         ;                 ; --       ; --           ;
; M16      ;            ;          ; GND                                        ; gnd    ;              ;         ; --         ;                 ; --       ; --           ;
; M17      ;            ; --       ; VCC                                        ; power  ;              ; 0.9V    ; --         ;                 ; --       ; --           ;
; M18      ;            ;          ; GND                                        ; gnd    ;              ;         ; --         ;                 ; --       ; --           ;
; M19      ;            ; --       ; VCC                                        ; power  ;              ; 0.9V    ; --         ;                 ; --       ; --           ;
; M20      ;            ; --       ; VCC                                        ; power  ;              ; 0.9V    ; --         ;                 ; --       ; --           ;
; M21      ;            ; --       ; VCCA                                       ; power  ;              ; 2.5V    ; --         ;                 ; --       ; --           ;
; M22      ;            ; --       ; VCCH_GXB                                   ; power  ;              ; 1.5V    ; --         ;                 ; --       ; --           ;
; M23      ;            ; --       ; VCCL_GXB                                   ; power  ;              ; 1.1V    ; --         ;                 ; --       ; --           ;
; M24      ;            ;          ; GND                                        ; gnd    ;              ;         ; --         ;                 ; --       ; --           ;
; M25      ; 5          ; QL1      ; GXB_NC                                     ;        ;              ;         ; --         ;                 ; --       ; --           ;
; M26      ; 4          ; QL1      ; GXB_NC                                     ;        ;              ;         ; --         ;                 ; --       ; --           ;
; M27      ;            ;          ; GND                                        ; gnd    ;              ;         ; --         ;                 ; --       ; --           ;
; M28      ;            ;          ; GND                                        ; gnd    ;              ;         ; --         ;                 ; --       ; --           ;
; N1       ; 238        ; 6A       ; GND+                                       ;        ;              ;         ; Row I/O    ;                 ; --       ; --           ;
; N2       ;            ;          ; GND                                        ; gnd    ;              ;         ; --         ;                 ; --       ; --           ;
; N3       ; 239        ; 5A       ; GND+                                       ;        ;              ;         ; Row I/O    ;                 ; --       ; --           ;
; N4       ; 209        ; 5A       ; mem_write_data[8]                          ; output ; 2.5 V        ;         ; Row I/O    ; N               ; no       ; Off          ;
; N5       ;            ;          ; GND                                        ; gnd    ;              ;         ; --         ;                 ; --       ; --           ;
; N6       ; 225        ; 5A       ; RESERVED_INPUT_WITH_WEAK_PULLUP            ;        ;              ;         ; Row I/O    ;                 ; no       ; On           ;
; N7       ;            ; --       ; VCCCB                                      ; power  ;              ; 1.5V    ; --         ;                 ; --       ; --           ;
; N8       ;            ;          ; GND                                        ; gnd    ;              ;         ; --         ;                 ; --       ; --           ;
; N9       ;            ;          ; GND                                        ; gnd    ;              ;         ; --         ;                 ; --       ; --           ;
; N10      ;            ; --       ; VCC                                        ; power  ;              ; 0.9V    ; --         ;                 ; --       ; --           ;
; N11      ;            ;          ; GND                                        ; gnd    ;              ;         ; --         ;                 ; --       ; --           ;
; N12      ;            ; --       ; VCC                                        ; power  ;              ; 0.9V    ; --         ;                 ; --       ; --           ;
; N13      ;            ;          ; GND                                        ; gnd    ;              ;         ; --         ;                 ; --       ; --           ;
; N14      ;            ; --       ; VCC                                        ; power  ;              ; 0.9V    ; --         ;                 ; --       ; --           ;
; N15      ;            ;          ; GND                                        ; gnd    ;              ;         ; --         ;                 ; --       ; --           ;
; N16      ;            ; --       ; VCC                                        ; power  ;              ; 0.9V    ; --         ;                 ; --       ; --           ;
; N17      ;            ;          ; GND                                        ; gnd    ;              ;         ; --         ;                 ; --       ; --           ;
; N18      ;            ; --       ; VCC                                        ; power  ;              ; 0.9V    ; --         ;                 ; --       ; --           ;
; N19      ;            ;          ; GND                                        ; gnd    ;              ;         ; --         ;                 ; --       ; --           ;
; N20      ;            ; --       ; VCC                                        ; power  ;              ; 0.9V    ; --         ;                 ; --       ; --           ;
; N21      ;            ;          ; GND                                        ; gnd    ;              ;         ; --         ;                 ; --       ; --           ;
; N22      ;            ; --       ; VCCL_GXB                                   ; power  ;              ; 1.1V    ; --         ;                 ; --       ; --           ;
; N23      ;            ;          ; GND                                        ; gnd    ;              ;         ; --         ;                 ; --       ; --           ;
; N24      ;            ; --       ; VCCL_GXB                                   ; power  ;              ; 1.1V    ; --         ;                 ; --       ; --           ;
; N25      ;            ;          ; GND                                        ; gnd    ;              ;         ; --         ;                 ; --       ; --           ;
; N26      ;            ;          ; GND                                        ; gnd    ;              ;         ; --         ;                 ; --       ; --           ;
; N27      ; 7          ; QL1      ; GXB_GND*                                   ;        ;              ;         ; --         ;                 ; --       ; --           ;
; N28      ; 6          ; QL1      ; GXB_GND*                                   ;        ;              ;         ; --         ;                 ; --       ; --           ;
; P1       ; 231        ; 5A       ; RESERVED_INPUT_WITH_WEAK_PULLUP            ;        ;              ;         ; Row I/O    ;                 ; no       ; On           ;
; P2       ; 237        ; 5A       ; GND+                                       ;        ;              ;         ; Row I/O    ;                 ; --       ; --           ;
; P3       ; 234        ; 5A       ; RESERVED_INPUT_WITH_WEAK_PULLUP            ;        ;              ;         ; Row I/O    ;                 ; no       ; On           ;
; P4       ; 236        ; 5A       ; RESERVED_INPUT_WITH_WEAK_PULLUP            ;        ;              ;         ; Row I/O    ;                 ; no       ; On           ;
; P5       ; 211        ; 5A       ; RESERVED_INPUT_WITH_WEAK_PULLUP            ;        ;              ;         ; Row I/O    ;                 ; no       ; On           ;
; P6       ; 219        ; 5A       ; RESERVED_INPUT_WITH_WEAK_PULLUP            ;        ;              ;         ; Row I/O    ;                 ; no       ; On           ;
; P7       ;            ;          ; NC                                         ;        ;              ;         ; --         ;                 ; --       ; --           ;
; P8       ;            ;          ; NC                                         ;        ;              ;         ; --         ;                 ; --       ; --           ;
; P9       ;            ; --       ; VCC                                        ; power  ;              ; 0.9V    ; --         ;                 ; --       ; --           ;
; P10      ;            ;          ; GND                                        ; gnd    ;              ;         ; --         ;                 ; --       ; --           ;
; P11      ;            ; --       ; VCC                                        ; power  ;              ; 0.9V    ; --         ;                 ; --       ; --           ;
; P12      ;            ;          ; GND                                        ; gnd    ;              ;         ; --         ;                 ; --       ; --           ;
; P13      ;            ; --       ; VCC                                        ; power  ;              ; 0.9V    ; --         ;                 ; --       ; --           ;
; P14      ;            ;          ; GND                                        ; gnd    ;              ;         ; --         ;                 ; --       ; --           ;
; P15      ;            ; --       ; VCC                                        ; power  ;              ; 0.9V    ; --         ;                 ; --       ; --           ;
; P16      ;            ;          ; GND                                        ; gnd    ;              ;         ; --         ;                 ; --       ; --           ;
; P17      ;            ; --       ; VCC                                        ; power  ;              ; 0.9V    ; --         ;                 ; --       ; --           ;
; P18      ;            ;          ; GND                                        ; gnd    ;              ;         ; --         ;                 ; --       ; --           ;
; P19      ;            ; --       ; VCC                                        ; power  ;              ; 0.9V    ; --         ;                 ; --       ; --           ;
; P20      ;            ;          ; NC                                         ;        ;              ;         ; --         ;                 ; --       ; --           ;
; P21      ;            ; --       ; VCCL_GXB                                   ; power  ;              ; 1.1V    ; --         ;                 ; --       ; --           ;
; P22      ;            ;          ; GND                                        ; gnd    ;              ;         ; --         ;                 ; --       ; --           ;
; P23      ;            ; --       ; VCCL_GXB                                   ; power  ;              ; 1.1V    ; --         ;                 ; --       ; --           ;
; P24      ;            ;          ; GND                                        ; gnd    ;              ;         ; --         ;                 ; --       ; --           ;
; P25      ; 9          ; QL1      ; GXB_GND*                                   ;        ;              ;         ; Row I/O    ;                 ; --       ; --           ;
; P26      ; 8          ; QL1      ; GXB_GND*                                   ;        ;              ;         ; Row I/O    ;                 ; --       ; --           ;
; P27      ;            ;          ; GND                                        ; gnd    ;              ;         ; --         ;                 ; --       ; --           ;
; P28      ;            ;          ; GND                                        ; gnd    ;              ;         ; --         ;                 ; --       ; --           ;
; R1       ; 229        ; 5A       ; RESERVED_INPUT_WITH_WEAK_PULLUP            ;        ;              ;         ; Row I/O    ;                 ; no       ; On           ;
; R2       ;            ; 5A       ; VCCIO5A                                    ; power  ;              ; 2.5V    ; --         ;                 ; --       ; --           ;
; R3       ; 224        ; 5A       ; RESERVED_INPUT_WITH_WEAK_PULLUP            ;        ;              ;         ; Row I/O    ;                 ; no       ; On           ;
; R4       ; 230        ; 5A       ; RESERVED_INPUT_WITH_WEAK_PULLUP            ;        ;              ;         ; Row I/O    ;                 ; no       ; On           ;
; R5       ; 232        ; 5A       ; RESERVED_INPUT_WITH_WEAK_PULLUP            ;        ;              ;         ; Row I/O    ;                 ; no       ; On           ;
; R6       ; 217        ; 5A       ; RESERVED_INPUT_WITH_WEAK_PULLUP            ;        ;              ;         ; Row I/O    ;                 ; no       ; On           ;
; R7       ;            ;          ; NC                                         ;        ;              ;         ; --         ;                 ; --       ; --           ;
; R8       ;            ;          ; NC                                         ;        ;              ;         ; --         ;                 ; --       ; --           ;
; R9       ;            ;          ; GND                                        ; gnd    ;              ;         ; --         ;                 ; --       ; --           ;
; R10      ;            ; --       ; VCC                                        ; power  ;              ; 0.9V    ; --         ;                 ; --       ; --           ;
; R11      ;            ;          ; GND                                        ; gnd    ;              ;         ; --         ;                 ; --       ; --           ;
; R12      ;            ; --       ; VCC                                        ; power  ;              ; 0.9V    ; --         ;                 ; --       ; --           ;
; R13      ;            ;          ; GND                                        ; gnd    ;              ;         ; --         ;                 ; --       ; --           ;
; R14      ;            ; --       ; VCC                                        ; power  ;              ; 0.9V    ; --         ;                 ; --       ; --           ;
; R15      ;            ;          ; DNU                                        ;        ;              ;         ; --         ;                 ; --       ; --           ;
; R16      ;            ; --       ; VCC                                        ; power  ;              ; 0.9V    ; --         ;                 ; --       ; --           ;
; R17      ;            ;          ; GND                                        ; gnd    ;              ;         ; --         ;                 ; --       ; --           ;
; R18      ;            ; --       ; VCC                                        ; power  ;              ; 0.9V    ; --         ;                 ; --       ; --           ;
; R19      ;            ;          ; GND                                        ; gnd    ;              ;         ; --         ;                 ; --       ; --           ;
; R20      ;            ; --       ; VCCA                                       ; power  ;              ; 2.5V    ; --         ;                 ; --       ; --           ;
; R21      ;            ;          ; GND                                        ; gnd    ;              ;         ; --         ;                 ; --       ; --           ;
; R22      ;            ; --       ; VCCL_GXB                                   ; power  ;              ; 1.1V    ; --         ;                 ; --       ; --           ;
; R23      ;            ;          ; GND                                        ; gnd    ;              ;         ; --         ;                 ; --       ; --           ;
; R24      ;            ;          ; NC                                         ;        ;              ;         ; --         ;                 ; --       ; --           ;
; R25      ;            ;          ; GND                                        ; gnd    ;              ;         ; --         ;                 ; --       ; --           ;
; R26      ;            ;          ; GND                                        ; gnd    ;              ;         ; --         ;                 ; --       ; --           ;
; R27      ; 11         ; QL1      ; GXB_GND*                                   ;        ;              ;         ; Row I/O    ;                 ; --       ; --           ;
; R28      ; 10         ; QL1      ; GXB_GND*                                   ;        ;              ;         ; Row I/O    ;                 ; --       ; --           ;
; T1       ; 228        ; 5A       ; RESERVED_INPUT_WITH_WEAK_PULLUP            ;        ;              ;         ; Row I/O    ;                 ; no       ; On           ;
; T2       ;            ;          ; GND                                        ; gnd    ;              ;         ; --         ;                 ; --       ; --           ;
; T3       ; 222        ; 5A       ; RESERVED_INPUT_WITH_WEAK_PULLUP            ;        ;              ;         ; Row I/O    ;                 ; no       ; On           ;
; T4       ; 223        ; 5A       ; RESERVED_INPUT_WITH_WEAK_PULLUP            ;        ;              ;         ; Row I/O    ;                 ; no       ; On           ;
; T5       ;            ;          ; GND                                        ; gnd    ;              ;         ; --         ;                 ; --       ; --           ;
; T6       ; 201        ; 5A       ; RESERVED_INPUT_WITH_WEAK_PULLUP            ;        ;              ;         ; Row I/O    ;                 ; no       ; On           ;
; T7       ; 203        ; 5A       ; mem_write_data[0]                          ; output ; 2.5 V        ;         ; Row I/O    ; N               ; no       ; Off          ;
; T8       ;            ;          ; GND                                        ; gnd    ;              ;         ; --         ;                 ; --       ; --           ;
; T9       ;            ; --       ; VCC                                        ; power  ;              ; 0.9V    ; --         ;                 ; --       ; --           ;
; T10      ;            ;          ; GND                                        ; gnd    ;              ;         ; --         ;                 ; --       ; --           ;
; T11      ;            ; --       ; VCC                                        ; power  ;              ; 0.9V    ; --         ;                 ; --       ; --           ;
; T12      ;            ;          ; GND                                        ; gnd    ;              ;         ; --         ;                 ; --       ; --           ;
; T13      ;            ; --       ; VCC                                        ; power  ;              ; 0.9V    ; --         ;                 ; --       ; --           ;
; T14      ;            ;          ; GND                                        ; gnd    ;              ;         ; --         ;                 ; --       ; --           ;
; T15      ;            ; --       ; VCC                                        ; power  ;              ; 0.9V    ; --         ;                 ; --       ; --           ;
; T16      ;            ;          ; GND                                        ; gnd    ;              ;         ; --         ;                 ; --       ; --           ;
; T17      ;            ; --       ; VCC                                        ; power  ;              ; 0.9V    ; --         ;                 ; --       ; --           ;
; T18      ;            ;          ; GND                                        ; gnd    ;              ;         ; --         ;                 ; --       ; --           ;
; T19      ;            ; --       ; VCC                                        ; power  ;              ; 0.9V    ; --         ;                 ; --       ; --           ;
; T20      ;            ;          ; GND                                        ; gnd    ;              ;         ; --         ;                 ; --       ; --           ;
; T21      ;            ;          ; NC                                         ;        ;              ;         ; --         ;                 ; --       ; --           ;
; T22      ;            ;          ; GND                                        ; gnd    ;              ;         ; --         ;                 ; --       ; --           ;
; T23      ;            ;          ; NC                                         ;        ;              ;         ; --         ;                 ; --       ; --           ;
; T24      ;            ;          ; GND                                        ; gnd    ;              ;         ; --         ;                 ; --       ; --           ;
; T25      ; 13         ; QL1      ; GXB_NC                                     ;        ;              ;         ; --         ;                 ; --       ; --           ;
; T26      ; 12         ; QL1      ; GXB_NC                                     ;        ;              ;         ; --         ;                 ; --       ; --           ;
; T27      ;            ;          ; GND                                        ; gnd    ;              ;         ; --         ;                 ; --       ; --           ;
; T28      ;            ;          ; GND                                        ; gnd    ;              ;         ; --         ;                 ; --       ; --           ;
; U1       ; 226        ; 5A       ; RESERVED_INPUT_WITH_WEAK_PULLUP            ;        ;              ;         ; Row I/O    ;                 ; no       ; On           ;
; U2       ;            ; 5A       ; VCCIO5A                                    ; power  ;              ; 2.5V    ; --         ;                 ; --       ; --           ;
; U3       ; 221        ; 5A       ; RESERVED_INPUT_WITH_WEAK_PULLUP            ;        ;              ;         ; Row I/O    ;                 ; no       ; On           ;
; U4       ; 218        ; 5A       ; RESERVED_INPUT_WITH_WEAK_PULLUP            ;        ;              ;         ; Row I/O    ;                 ; no       ; On           ;
; U5       ; 220        ; 5A       ; RESERVED_INPUT_WITH_WEAK_PULLUP            ;        ;              ;         ; Row I/O    ;                 ; no       ; On           ;
; U6       ; 195        ; 5A       ; mem_write_data[27]                         ; output ; 2.5 V        ;         ; Row I/O    ; N               ; no       ; Off          ;
; U7       ;            ; 5A       ; VCCPD5A                                    ; power  ;              ; 2.5V    ; --         ;                 ; --       ; --           ;
; U8       ;            ; 5A       ; VCCPD5A                                    ; power  ;              ; 2.5V    ; --         ;                 ; --       ; --           ;
; U9       ;            ;          ; GND                                        ; gnd    ;              ;         ; --         ;                 ; --       ; --           ;
; U10      ;            ; --       ; VCC                                        ; power  ;              ; 0.9V    ; --         ;                 ; --       ; --           ;
; U11      ;            ;          ; GND                                        ; gnd    ;              ;         ; --         ;                 ; --       ; --           ;
; U12      ;            ; --       ; VCC                                        ; power  ;              ; 0.9V    ; --         ;                 ; --       ; --           ;
; U13      ;            ;          ; GND                                        ; gnd    ;              ;         ; --         ;                 ; --       ; --           ;
; U14      ;            ; --       ; VCC                                        ; power  ;              ; 0.9V    ; --         ;                 ; --       ; --           ;
; U15      ;            ;          ; GND                                        ; gnd    ;              ;         ; --         ;                 ; --       ; --           ;
; U16      ;            ; --       ; VCC                                        ; power  ;              ; 0.9V    ; --         ;                 ; --       ; --           ;
; U17      ;            ;          ; GND                                        ; gnd    ;              ;         ; --         ;                 ; --       ; --           ;
; U18      ;            ; --       ; VCC                                        ; power  ;              ; 0.9V    ; --         ;                 ; --       ; --           ;
; U19      ;            ;          ; GND                                        ; gnd    ;              ;         ; --         ;                 ; --       ; --           ;
; U20      ;            ; --       ; VCC                                        ; power  ;              ; 0.9V    ; --         ;                 ; --       ; --           ;
; U21      ;            ;          ; NC                                         ;        ;              ;         ; --         ;                 ; --       ; --           ;
; U22      ;            ; --       ; VCCH_GXB                                   ; power  ;              ; 1.5V    ; --         ;                 ; --       ; --           ;
; U23      ;            ; --       ; VCCH_GXB                                   ; power  ;              ; 1.5V    ; --         ;                 ; --       ; --           ;
; U24      ; 49         ; 3A       ; RESERVED_INPUT_WITH_WEAK_PULLUP            ;        ;              ;         ; Column I/O ;                 ; no       ; On           ;
; U25      ;            ;          ; GND                                        ; gnd    ;              ;         ; --         ;                 ; --       ; --           ;
; U26      ;            ;          ; GND                                        ; gnd    ;              ;         ; --         ;                 ; --       ; --           ;
; U27      ; 15         ; QL1      ; GXB_GND*                                   ;        ;              ;         ; --         ;                 ; --       ; --           ;
; U28      ; 14         ; QL1      ; GXB_GND*                                   ;        ;              ;         ; --         ;                 ; --       ; --           ;
; V1       ; 215        ; 5A       ; RESERVED_INPUT_WITH_WEAK_PULLUP            ;        ;              ;         ; Row I/O    ;                 ; no       ; On           ;
; V2       ;            ;          ; GND                                        ; gnd    ;              ;         ; --         ;                 ; --       ; --           ;
; V3       ; 210        ; 5A       ; RESERVED_INPUT_WITH_WEAK_PULLUP            ;        ;              ;         ; Row I/O    ;                 ; no       ; On           ;
; V4       ; 212        ; 5A       ; mem_write_data[17]                         ; output ; 2.5 V        ;         ; Row I/O    ; N               ; no       ; Off          ;
; V5       ;            ;          ; GND                                        ; gnd    ;              ;         ; --         ;                 ; --       ; --           ;
; V6       ; 193        ; 5A       ; mem_write_data[6]                          ; output ; 2.5 V        ;         ; Row I/O    ; N               ; no       ; Off          ;
; V7       ; 187        ; 5A       ; RESERVED_INPUT_WITH_WEAK_PULLUP            ;        ;              ;         ; Row I/O    ;                 ; no       ; On           ;
; V8       ;            ;          ; GND                                        ; gnd    ;              ;         ; --         ;                 ; --       ; --           ;
; V9       ;            ; --       ; VCC                                        ; power  ;              ; 0.9V    ; --         ;                 ; --       ; --           ;
; V10      ;            ;          ; GND                                        ; gnd    ;              ;         ; --         ;                 ; --       ; --           ;
; V11      ;            ; --       ; VCC                                        ; power  ;              ; 0.9V    ; --         ;                 ; --       ; --           ;
; V12      ;            ;          ; GND                                        ; gnd    ;              ;         ; --         ;                 ; --       ; --           ;
; V13      ;            ; --       ; VCC                                        ; power  ;              ; 0.9V    ; --         ;                 ; --       ; --           ;
; V14      ;            ;          ; GND                                        ; gnd    ;              ;         ; --         ;                 ; --       ; --           ;
; V15      ;            ; --       ; VCC                                        ; power  ;              ; 0.9V    ; --         ;                 ; --       ; --           ;
; V16      ;            ;          ; GND                                        ; gnd    ;              ;         ; --         ;                 ; --       ; --           ;
; V17      ;            ; --       ; VCC                                        ; power  ;              ; 0.9V    ; --         ;                 ; --       ; --           ;
; V18      ;            ;          ; GND                                        ; gnd    ;              ;         ; --         ;                 ; --       ; --           ;
; V19      ;            ; --       ; VCC                                        ; power  ;              ; 0.9V    ; --         ;                 ; --       ; --           ;
; V20      ;            ;          ; GND                                        ; gnd    ;              ;         ; --         ;                 ; --       ; --           ;
; V21      ;            ; --       ; VCC                                        ; power  ;              ; 0.9V    ; --         ;                 ; --       ; --           ;
; V22      ; 75         ; 3A       ; mem_read_data[25]                          ; input  ; 2.5 V        ;         ; Column I/O ; N               ; no       ; Off          ;
; V23      ; 73         ; 3A       ; RESERVED_INPUT_WITH_WEAK_PULLUP            ;        ;              ;         ; Column I/O ;                 ; no       ; On           ;
; V24      ; 51         ; 3A       ; RESERVED_INPUT_WITH_WEAK_PULLUP            ;        ;              ;         ; Column I/O ;                 ; no       ; On           ;
; V25      ; 17         ; QL1      ; GXB_NC                                     ;        ;              ;         ; --         ;                 ; --       ; --           ;
; V26      ; 16         ; QL1      ; GXB_NC                                     ;        ;              ;         ; --         ;                 ; --       ; --           ;
; V27      ;            ;          ; GND                                        ; gnd    ;              ;         ; --         ;                 ; --       ; --           ;
; V28      ;            ;          ; GND                                        ; gnd    ;              ;         ; --         ;                 ; --       ; --           ;
; W1       ; 213        ; 5A       ; RESERVED_INPUT_WITH_WEAK_PULLUP            ;        ;              ;         ; Row I/O    ;                 ; no       ; On           ;
; W2       ; 214        ; 5A       ; RESERVED_INPUT_WITH_WEAK_PULLUP            ;        ;              ;         ; Row I/O    ;                 ; no       ; On           ;
; W3       ; 216        ; 5A       ; RESERVED_INPUT_WITH_WEAK_PULLUP            ;        ;              ;         ; Row I/O    ;                 ; no       ; On           ;
; W4       ; 194        ; 5A       ; mem_write_data[14]                         ; output ; 2.5 V        ;         ; Row I/O    ; N               ; no       ; Off          ;
; W5       ; 196        ; 5A       ; mem_write_data[31]                         ; output ; 2.5 V        ;         ; Row I/O    ; N               ; no       ; Off          ;
; W6       ; 185        ; 5A       ; RESERVED_INPUT_WITH_WEAK_PULLUP            ;        ;              ;         ; Row I/O    ;                 ; no       ; On           ;
; W7       ;            ; 5A       ; VREFB5AN0                                  ; power  ;              ;         ; --         ;                 ; --       ; --           ;
; W8       ; 177        ; 5A       ; mem_write_data[2]                          ; output ; 2.5 V        ;         ; Row I/O    ; N               ; no       ; Off          ;
; W9       ;            ;          ; GND                                        ; gnd    ;              ;         ; --         ;                 ; --       ; --           ;
; W10      ; 159        ; 4A       ; mem_addr[15]                               ; output ; 2.5 V        ;         ; Column I/O ; N               ; no       ; Off          ;
; W11      ; 143        ; 4A       ; message_addr[6]                            ; input  ; 2.5 V        ;         ; Column I/O ; N               ; no       ; Off          ;
; W12      ; 135        ; 4A       ; output_addr[4]                             ; input  ; 2.5 V        ;         ; Column I/O ; N               ; no       ; Off          ;
; W13      ; 133        ; 4A       ; output_addr[1]                             ; input  ; 2.5 V        ;         ; Column I/O ; N               ; no       ; Off          ;
; W14      ;            ; --       ; VCC                                        ; power  ;              ; 0.9V    ; --         ;                 ; --       ; --           ;
; W15      ;            ;          ; GND                                        ; gnd    ;              ;         ; --         ;                 ; --       ; --           ;
; W16      ;            ; --       ; VCC                                        ; power  ;              ; 0.9V    ; --         ;                 ; --       ; --           ;
; W17      ;            ;          ; GND                                        ; gnd    ;              ;         ; --         ;                 ; --       ; --           ;
; W18      ;            ; --       ; VCC                                        ; power  ;              ; 0.9V    ; --         ;                 ; --       ; --           ;
; W19      ;            ;          ; GND                                        ; gnd    ;              ;         ; --         ;                 ; --       ; --           ;
; W20      ;            ; --       ; VCC                                        ; power  ;              ; 0.9V    ; --         ;                 ; --       ; --           ;
; W21      ; 59         ; 3A       ; RESERVED_INPUT_WITH_WEAK_PULLUP            ;        ;              ;         ; Column I/O ;                 ; no       ; On           ;
; W22      ;            ;          ; GND                                        ; gnd    ;              ;         ; --         ;                 ; --       ; --           ;
; W23      ; 46         ; 3C       ; ^nSTATUS                                   ;        ;              ;         ; --         ;                 ; --       ; --           ;
; W24      ; 45         ; 3C       ; ^MSEL0                                     ;        ;              ;         ; --         ;                 ; --       ; --           ;
; W25      ;            ;          ; GND                                        ; gnd    ;              ;         ; --         ;                 ; --       ; --           ;
; W26      ;            ;          ; GND                                        ; gnd    ;              ;         ; --         ;                 ; --       ; --           ;
; W27      ; 19         ; QL1      ; GXB_GND*                                   ;        ;              ;         ; --         ;                 ; --       ; --           ;
; W28      ; 18         ; QL1      ; GXB_GND*                                   ;        ;              ;         ; --         ;                 ; --       ; --           ;
; Y1       ; 208        ; 5A       ; mem_write_data[16]                         ; output ; 2.5 V        ;         ; Row I/O    ; N               ; no       ; Off          ;
; Y2       ;            ; 5A       ; VCCIO5A                                    ; power  ;              ; 2.5V    ; --         ;                 ; --       ; --           ;
; Y3       ; 198        ; 5A       ; mem_read_data[15]                          ; input  ; 2.5 V        ;         ; Row I/O    ; N               ; no       ; Off          ;
; Y4       ; 200        ; 5A       ; RESERVED_INPUT_WITH_WEAK_PULLUP            ;        ;              ;         ; Row I/O    ;                 ; no       ; On           ;
; Y5       ; 182        ; 5A       ; RESERVED_INPUT_WITH_WEAK_PULLUP            ;        ;              ;         ; Row I/O    ;                 ; no       ; On           ;
; Y6       ; 184        ; 5A       ; mem_write_data[4]                          ; output ; 2.5 V        ;         ; Row I/O    ; N               ; no       ; Off          ;
; Y7       ;            ;          ; GND                                        ; gnd    ;              ;         ; --         ;                 ; --       ; --           ;
; Y8       ;            ;          ; VCCA_PLL_3                                 ; power  ;              ; 2.5V    ; --         ;                 ; --       ; --           ;
; Y9       ; 179        ; 5A       ; mem_read_data[21]                          ; input  ; 2.5 V        ;         ; Row I/O    ; N               ; no       ; Off          ;
; Y10      ; 167        ; 4A       ; mem_addr[3]                                ; output ; 2.5 V        ;         ; Column I/O ; N               ; no       ; Off          ;
; Y11      ; 157        ; 4A       ; mem_addr[9]                                ; output ; 2.5 V        ;         ; Column I/O ; N               ; no       ; Off          ;
; Y12      ; 141        ; 4A       ; message_addr[13]                           ; input  ; 2.5 V        ;         ; Column I/O ; N               ; no       ; Off          ;
; Y13      ; 111        ; 4A       ; mem_read_data[23]                          ; input  ; 2.5 V        ;         ; Column I/O ; N               ; no       ; Off          ;
; Y14      ; 109        ; 4A       ; mem_read_data[4]                           ; input  ; 2.5 V        ;         ; Column I/O ; N               ; no       ; Off          ;
; Y15      ;            ; --       ; VCCCB                                      ; power  ;              ; 1.5V    ; --         ;                 ; --       ; --           ;
; Y16      ; 83         ; 3A       ; mem_read_data[18]                          ; input  ; 2.5 V        ;         ; Column I/O ; N               ; no       ; Off          ;
; Y17      ;            ; 3A       ; VREFB3AN0                                  ; power  ;              ;         ; --         ;                 ; --       ; --           ;
; Y18      ; 91         ; 3A       ; mem_read_data[6]                           ; input  ; 2.5 V        ;         ; Column I/O ; N               ; no       ; Off          ;
; Y19      ; 67         ; 3A       ; RESERVED_INPUT_WITH_WEAK_PULLUP            ;        ;              ;         ; Column I/O ;                 ; no       ; On           ;
; Y20      ; 65         ; 3A       ; RESERVED_INPUT_WITH_WEAK_PULLUP            ;        ;              ;         ; Column I/O ;                 ; no       ; On           ;
; Y21      ;            ; 3C       ; VCCPD3C                                    ; power  ;              ; 2.5V    ; --         ;                 ; --       ; --           ;
; Y22      ; 57         ; 3A       ; RESERVED_INPUT_WITH_WEAK_PULLUP            ;        ;              ;         ; Column I/O ;                 ; no       ; On           ;
; Y23      ; 44         ; 3C       ; ^MSEL1                                     ;        ;              ;         ; --         ;                 ; --       ; --           ;
; Y24      ; 43         ; 3C       ; ^MSEL2                                     ;        ;              ;         ; --         ;                 ; --       ; --           ;
; Y25      ; 21         ; QL0      ; GXB_NC                                     ;        ;              ;         ; --         ;                 ; --       ; --           ;
; Y26      ; 20         ; QL0      ; GXB_NC                                     ;        ;              ;         ; --         ;                 ; --       ; --           ;
; Y27      ;            ;          ; GND                                        ; gnd    ;              ;         ; --         ;                 ; --       ; --           ;
; Y28      ;            ;          ; GND                                        ; gnd    ;              ;         ; --         ;                 ; --       ; --           ;
+----------+------------+----------+--------------------------------------------+--------+--------------+---------+------------+-----------------+----------+--------------+
Note: Pin directions (input, output or bidir) are based on device operating in user mode.


+----------------------------------------------------+
; I/O Assignment Warnings                            ;
+--------------------+-------------------------------+
; Pin Name           ; Reason                        ;
+--------------------+-------------------------------+
; done               ; Incomplete set of assignments ;
; mem_clk            ; Incomplete set of assignments ;
; mem_we             ; Incomplete set of assignments ;
; mem_addr[0]        ; Incomplete set of assignments ;
; mem_addr[1]        ; Incomplete set of assignments ;
; mem_addr[2]        ; Incomplete set of assignments ;
; mem_addr[3]        ; Incomplete set of assignments ;
; mem_addr[4]        ; Incomplete set of assignments ;
; mem_addr[5]        ; Incomplete set of assignments ;
; mem_addr[6]        ; Incomplete set of assignments ;
; mem_addr[7]        ; Incomplete set of assignments ;
; mem_addr[8]        ; Incomplete set of assignments ;
; mem_addr[9]        ; Incomplete set of assignments ;
; mem_addr[10]       ; Incomplete set of assignments ;
; mem_addr[11]       ; Incomplete set of assignments ;
; mem_addr[12]       ; Incomplete set of assignments ;
; mem_addr[13]       ; Incomplete set of assignments ;
; mem_addr[14]       ; Incomplete set of assignments ;
; mem_addr[15]       ; Incomplete set of assignments ;
; mem_write_data[0]  ; Incomplete set of assignments ;
; mem_write_data[1]  ; Incomplete set of assignments ;
; mem_write_data[2]  ; Incomplete set of assignments ;
; mem_write_data[3]  ; Incomplete set of assignments ;
; mem_write_data[4]  ; Incomplete set of assignments ;
; mem_write_data[5]  ; Incomplete set of assignments ;
; mem_write_data[6]  ; Incomplete set of assignments ;
; mem_write_data[7]  ; Incomplete set of assignments ;
; mem_write_data[8]  ; Incomplete set of assignments ;
; mem_write_data[9]  ; Incomplete set of assignments ;
; mem_write_data[10] ; Incomplete set of assignments ;
; mem_write_data[11] ; Incomplete set of assignments ;
; mem_write_data[12] ; Incomplete set of assignments ;
; mem_write_data[13] ; Incomplete set of assignments ;
; mem_write_data[14] ; Incomplete set of assignments ;
; mem_write_data[15] ; Incomplete set of assignments ;
; mem_write_data[16] ; Incomplete set of assignments ;
; mem_write_data[17] ; Incomplete set of assignments ;
; mem_write_data[18] ; Incomplete set of assignments ;
; mem_write_data[19] ; Incomplete set of assignments ;
; mem_write_data[20] ; Incomplete set of assignments ;
; mem_write_data[21] ; Incomplete set of assignments ;
; mem_write_data[22] ; Incomplete set of assignments ;
; mem_write_data[23] ; Incomplete set of assignments ;
; mem_write_data[24] ; Incomplete set of assignments ;
; mem_write_data[25] ; Incomplete set of assignments ;
; mem_write_data[26] ; Incomplete set of assignments ;
; mem_write_data[27] ; Incomplete set of assignments ;
; mem_write_data[28] ; Incomplete set of assignments ;
; mem_write_data[29] ; Incomplete set of assignments ;
; mem_write_data[30] ; Incomplete set of assignments ;
; mem_write_data[31] ; Incomplete set of assignments ;
; clk                ; Incomplete set of assignments ;
; start              ; Incomplete set of assignments ;
; reset_n            ; Incomplete set of assignments ;
; output_addr[0]     ; Incomplete set of assignments ;
; message_addr[0]    ; Incomplete set of assignments ;
; output_addr[1]     ; Incomplete set of assignments ;
; message_addr[1]    ; Incomplete set of assignments ;
; output_addr[2]     ; Incomplete set of assignments ;
; message_addr[2]    ; Incomplete set of assignments ;
; output_addr[3]     ; Incomplete set of assignments ;
; message_addr[3]    ; Incomplete set of assignments ;
; output_addr[4]     ; Incomplete set of assignments ;
; message_addr[4]    ; Incomplete set of assignments ;
; output_addr[5]     ; Incomplete set of assignments ;
; message_addr[5]    ; Incomplete set of assignments ;
; output_addr[6]     ; Incomplete set of assignments ;
; message_addr[6]    ; Incomplete set of assignments ;
; output_addr[7]     ; Incomplete set of assignments ;
; message_addr[7]    ; Incomplete set of assignments ;
; output_addr[8]     ; Incomplete set of assignments ;
; message_addr[8]    ; Incomplete set of assignments ;
; output_addr[9]     ; Incomplete set of assignments ;
; message_addr[9]    ; Incomplete set of assignments ;
; output_addr[10]    ; Incomplete set of assignments ;
; message_addr[10]   ; Incomplete set of assignments ;
; output_addr[11]    ; Incomplete set of assignments ;
; message_addr[11]   ; Incomplete set of assignments ;
; output_addr[12]    ; Incomplete set of assignments ;
; message_addr[12]   ; Incomplete set of assignments ;
; output_addr[13]    ; Incomplete set of assignments ;
; message_addr[13]   ; Incomplete set of assignments ;
; output_addr[14]    ; Incomplete set of assignments ;
; message_addr[14]   ; Incomplete set of assignments ;
; output_addr[15]    ; Incomplete set of assignments ;
; message_addr[15]   ; Incomplete set of assignments ;
; mem_read_data[0]   ; Incomplete set of assignments ;
; mem_read_data[1]   ; Incomplete set of assignments ;
; mem_read_data[2]   ; Incomplete set of assignments ;
; mem_read_data[3]   ; Incomplete set of assignments ;
; mem_read_data[4]   ; Incomplete set of assignments ;
; mem_read_data[5]   ; Incomplete set of assignments ;
; mem_read_data[6]   ; Incomplete set of assignments ;
; mem_read_data[7]   ; Incomplete set of assignments ;
; mem_read_data[8]   ; Incomplete set of assignments ;
; mem_read_data[9]   ; Incomplete set of assignments ;
; mem_read_data[10]  ; Incomplete set of assignments ;
; mem_read_data[11]  ; Incomplete set of assignments ;
; mem_read_data[12]  ; Incomplete set of assignments ;
; mem_read_data[13]  ; Incomplete set of assignments ;
; mem_read_data[14]  ; Incomplete set of assignments ;
; mem_read_data[15]  ; Incomplete set of assignments ;
; mem_read_data[16]  ; Incomplete set of assignments ;
; mem_read_data[17]  ; Incomplete set of assignments ;
; mem_read_data[18]  ; Incomplete set of assignments ;
; mem_read_data[19]  ; Incomplete set of assignments ;
; mem_read_data[20]  ; Incomplete set of assignments ;
; mem_read_data[21]  ; Incomplete set of assignments ;
; mem_read_data[22]  ; Incomplete set of assignments ;
; mem_read_data[23]  ; Incomplete set of assignments ;
; mem_read_data[24]  ; Incomplete set of assignments ;
; mem_read_data[25]  ; Incomplete set of assignments ;
; mem_read_data[26]  ; Incomplete set of assignments ;
; mem_read_data[27]  ; Incomplete set of assignments ;
; mem_read_data[28]  ; Incomplete set of assignments ;
; mem_read_data[29]  ; Incomplete set of assignments ;
; mem_read_data[30]  ; Incomplete set of assignments ;
; mem_read_data[31]  ; Incomplete set of assignments ;
; done               ; Missing location assignment   ;
; mem_clk            ; Missing location assignment   ;
; mem_we             ; Missing location assignment   ;
; mem_addr[0]        ; Missing location assignment   ;
; mem_addr[1]        ; Missing location assignment   ;
; mem_addr[2]        ; Missing location assignment   ;
; mem_addr[3]        ; Missing location assignment   ;
; mem_addr[4]        ; Missing location assignment   ;
; mem_addr[5]        ; Missing location assignment   ;
; mem_addr[6]        ; Missing location assignment   ;
; mem_addr[7]        ; Missing location assignment   ;
; mem_addr[8]        ; Missing location assignment   ;
; mem_addr[9]        ; Missing location assignment   ;
; mem_addr[10]       ; Missing location assignment   ;
; mem_addr[11]       ; Missing location assignment   ;
; mem_addr[12]       ; Missing location assignment   ;
; mem_addr[13]       ; Missing location assignment   ;
; mem_addr[14]       ; Missing location assignment   ;
; mem_addr[15]       ; Missing location assignment   ;
; mem_write_data[0]  ; Missing location assignment   ;
; mem_write_data[1]  ; Missing location assignment   ;
; mem_write_data[2]  ; Missing location assignment   ;
; mem_write_data[3]  ; Missing location assignment   ;
; mem_write_data[4]  ; Missing location assignment   ;
; mem_write_data[5]  ; Missing location assignment   ;
; mem_write_data[6]  ; Missing location assignment   ;
; mem_write_data[7]  ; Missing location assignment   ;
; mem_write_data[8]  ; Missing location assignment   ;
; mem_write_data[9]  ; Missing location assignment   ;
; mem_write_data[10] ; Missing location assignment   ;
; mem_write_data[11] ; Missing location assignment   ;
; mem_write_data[12] ; Missing location assignment   ;
; mem_write_data[13] ; Missing location assignment   ;
; mem_write_data[14] ; Missing location assignment   ;
; mem_write_data[15] ; Missing location assignment   ;
; mem_write_data[16] ; Missing location assignment   ;
; mem_write_data[17] ; Missing location assignment   ;
; mem_write_data[18] ; Missing location assignment   ;
; mem_write_data[19] ; Missing location assignment   ;
; mem_write_data[20] ; Missing location assignment   ;
; mem_write_data[21] ; Missing location assignment   ;
; mem_write_data[22] ; Missing location assignment   ;
; mem_write_data[23] ; Missing location assignment   ;
; mem_write_data[24] ; Missing location assignment   ;
; mem_write_data[25] ; Missing location assignment   ;
; mem_write_data[26] ; Missing location assignment   ;
; mem_write_data[27] ; Missing location assignment   ;
; mem_write_data[28] ; Missing location assignment   ;
; mem_write_data[29] ; Missing location assignment   ;
; mem_write_data[30] ; Missing location assignment   ;
; mem_write_data[31] ; Missing location assignment   ;
; clk                ; Missing location assignment   ;
; start              ; Missing location assignment   ;
; reset_n            ; Missing location assignment   ;
; output_addr[0]     ; Missing location assignment   ;
; message_addr[0]    ; Missing location assignment   ;
; output_addr[1]     ; Missing location assignment   ;
; message_addr[1]    ; Missing location assignment   ;
; output_addr[2]     ; Missing location assignment   ;
; message_addr[2]    ; Missing location assignment   ;
; output_addr[3]     ; Missing location assignment   ;
; message_addr[3]    ; Missing location assignment   ;
; output_addr[4]     ; Missing location assignment   ;
; message_addr[4]    ; Missing location assignment   ;
; output_addr[5]     ; Missing location assignment   ;
; message_addr[5]    ; Missing location assignment   ;
; output_addr[6]     ; Missing location assignment   ;
; message_addr[6]    ; Missing location assignment   ;
; output_addr[7]     ; Missing location assignment   ;
; message_addr[7]    ; Missing location assignment   ;
; output_addr[8]     ; Missing location assignment   ;
; message_addr[8]    ; Missing location assignment   ;
; output_addr[9]     ; Missing location assignment   ;
; message_addr[9]    ; Missing location assignment   ;
; output_addr[10]    ; Missing location assignment   ;
; message_addr[10]   ; Missing location assignment   ;
; output_addr[11]    ; Missing location assignment   ;
; message_addr[11]   ; Missing location assignment   ;
; output_addr[12]    ; Missing location assignment   ;
; message_addr[12]   ; Missing location assignment   ;
; output_addr[13]    ; Missing location assignment   ;
; message_addr[13]   ; Missing location assignment   ;
; output_addr[14]    ; Missing location assignment   ;
; message_addr[14]   ; Missing location assignment   ;
; output_addr[15]    ; Missing location assignment   ;
; message_addr[15]   ; Missing location assignment   ;
; mem_read_data[0]   ; Missing location assignment   ;
; mem_read_data[1]   ; Missing location assignment   ;
; mem_read_data[2]   ; Missing location assignment   ;
; mem_read_data[3]   ; Missing location assignment   ;
; mem_read_data[4]   ; Missing location assignment   ;
; mem_read_data[5]   ; Missing location assignment   ;
; mem_read_data[6]   ; Missing location assignment   ;
; mem_read_data[7]   ; Missing location assignment   ;
; mem_read_data[8]   ; Missing location assignment   ;
; mem_read_data[9]   ; Missing location assignment   ;
; mem_read_data[10]  ; Missing location assignment   ;
; mem_read_data[11]  ; Missing location assignment   ;
; mem_read_data[12]  ; Missing location assignment   ;
; mem_read_data[13]  ; Missing location assignment   ;
; mem_read_data[14]  ; Missing location assignment   ;
; mem_read_data[15]  ; Missing location assignment   ;
; mem_read_data[16]  ; Missing location assignment   ;
; mem_read_data[17]  ; Missing location assignment   ;
; mem_read_data[18]  ; Missing location assignment   ;
; mem_read_data[19]  ; Missing location assignment   ;
; mem_read_data[20]  ; Missing location assignment   ;
; mem_read_data[21]  ; Missing location assignment   ;
; mem_read_data[22]  ; Missing location assignment   ;
; mem_read_data[23]  ; Missing location assignment   ;
; mem_read_data[24]  ; Missing location assignment   ;
; mem_read_data[25]  ; Missing location assignment   ;
; mem_read_data[26]  ; Missing location assignment   ;
; mem_read_data[27]  ; Missing location assignment   ;
; mem_read_data[28]  ; Missing location assignment   ;
; mem_read_data[29]  ; Missing location assignment   ;
; mem_read_data[30]  ; Missing location assignment   ;
; mem_read_data[31]  ; Missing location assignment   ;
+--------------------+-------------------------------+


+------------------------------------------------------------------------------------------------------------------------------------------------------------------------------------------------------------------------------------------------------------------------------------------------------------------------------------------------------------------------------------------------+
; Fitter Resource Utilization by Entity                                                                                                                                                                                                                                                                                                                                                          ;
+----------------------------+---------------------+--------------+----------+---------------+---------------------------+---------------+-------------------+------+--------------+---------+-----------+-----------+-----------+------+--------------+--------------------------------+--------------------+-------------------------------+---------------------+--------------+--------------+
; Compilation Hierarchy Node ; Combinational ALUTs ; Memory ALUTs ; LUT_REGs ; ALMs          ; Dedicated Logic Registers ; I/O Registers ; Block Memory Bits ; M9Ks ; DSP Elements ; DSP 9x9 ; DSP 12x12 ; DSP 18x18 ; DSP 36x36 ; Pins ; Virtual Pins ; Combinational with no register ; Register-Only      ; Combinational with a register ; Full Hierarchy Name ; Entity Name  ; Library Name ;
;                            ;                     ;              ;          ;               ;                           ;               ;                   ;      ;              ;         ;           ;           ;           ;      ;              ; ALUT/register pair             ; ALUT/register pair ; ALUT/register pair            ;                     ;              ;              ;
+----------------------------+---------------------+--------------+----------+---------------+---------------------------+---------------+-------------------+------+--------------+---------+-----------+-----------+-----------+------+--------------+--------------------------------+--------------------+-------------------------------+---------------------+--------------+--------------+
; |bitcoin_hash              ; 17664 (17664)       ; 0 (0)        ; 0 (0)    ; 13160 (13160) ; 11706 (11706)             ; 0 (0)         ; 0                 ; 0    ; 0            ; 0       ; 0         ; 0         ; 0         ; 118  ; 0            ; 9900 (9900)                    ; 3942 (3942)        ; 7764 (7764)                   ; |bitcoin_hash       ; bitcoin_hash ; work         ;
+----------------------------+---------------------+--------------+----------+---------------+---------------------------+---------------+-------------------+------+--------------+---------+-----------+-----------+-----------+------+--------------+--------------------------------+--------------------+-------------------------------+---------------------+--------------+--------------+
Note: For table entries with two numbers listed, the numbers in parentheses indicate the number of resources of the given type used by the specific entity alone. The numbers listed outside of parentheses indicate the total resources of the given type used by the specific entity and all of its sub-entities in the hierarchy.


+--------------------------------------------------------------------------------------------------------------------------------------------------------------------------------------------------------------------------------+
; Delay Chain Summary                                                                                                                                                                                                            ;
+--------------------+----------+---------------+---------------+------------------------------------------------------------------+----------------------------------------------+-----+------+---------+----------+------------+
; Name               ; Pin Type ; Pad to Core 0 ; Pad to Core 1 ; Input Pin to Input Register(or DDIO High Capture Register) Delay ; Input Pin to DDIO Low Capture Register Delay ; TCO ; TCOE ; DQS bus ; NDQS bus ; DQS output ;
+--------------------+----------+---------------+---------------+------------------------------------------------------------------+----------------------------------------------+-----+------+---------+----------+------------+
; done               ; Output   ; --            ; --            ; --                                                               ; --                                           ; --  ; --   ; --      ; --       ; --         ;
; mem_clk            ; Output   ; --            ; --            ; --                                                               ; --                                           ; --  ; --   ; --      ; --       ; --         ;
; mem_we             ; Output   ; --            ; --            ; --                                                               ; --                                           ; --  ; --   ; --      ; --       ; --         ;
; mem_addr[0]        ; Output   ; --            ; --            ; --                                                               ; --                                           ; --  ; --   ; --      ; --       ; --         ;
; mem_addr[1]        ; Output   ; --            ; --            ; --                                                               ; --                                           ; --  ; --   ; --      ; --       ; --         ;
; mem_addr[2]        ; Output   ; --            ; --            ; --                                                               ; --                                           ; --  ; --   ; --      ; --       ; --         ;
; mem_addr[3]        ; Output   ; --            ; --            ; --                                                               ; --                                           ; --  ; --   ; --      ; --       ; --         ;
; mem_addr[4]        ; Output   ; --            ; --            ; --                                                               ; --                                           ; --  ; --   ; --      ; --       ; --         ;
; mem_addr[5]        ; Output   ; --            ; --            ; --                                                               ; --                                           ; --  ; --   ; --      ; --       ; --         ;
; mem_addr[6]        ; Output   ; --            ; --            ; --                                                               ; --                                           ; --  ; --   ; --      ; --       ; --         ;
; mem_addr[7]        ; Output   ; --            ; --            ; --                                                               ; --                                           ; --  ; --   ; --      ; --       ; --         ;
; mem_addr[8]        ; Output   ; --            ; --            ; --                                                               ; --                                           ; --  ; --   ; --      ; --       ; --         ;
; mem_addr[9]        ; Output   ; --            ; --            ; --                                                               ; --                                           ; --  ; --   ; --      ; --       ; --         ;
; mem_addr[10]       ; Output   ; --            ; --            ; --                                                               ; --                                           ; --  ; --   ; --      ; --       ; --         ;
; mem_addr[11]       ; Output   ; --            ; --            ; --                                                               ; --                                           ; --  ; --   ; --      ; --       ; --         ;
; mem_addr[12]       ; Output   ; --            ; --            ; --                                                               ; --                                           ; --  ; --   ; --      ; --       ; --         ;
; mem_addr[13]       ; Output   ; --            ; --            ; --                                                               ; --                                           ; --  ; --   ; --      ; --       ; --         ;
; mem_addr[14]       ; Output   ; --            ; --            ; --                                                               ; --                                           ; --  ; --   ; --      ; --       ; --         ;
; mem_addr[15]       ; Output   ; --            ; --            ; --                                                               ; --                                           ; --  ; --   ; --      ; --       ; --         ;
; mem_write_data[0]  ; Output   ; --            ; --            ; --                                                               ; --                                           ; --  ; --   ; --      ; --       ; --         ;
; mem_write_data[1]  ; Output   ; --            ; --            ; --                                                               ; --                                           ; --  ; --   ; --      ; --       ; --         ;
; mem_write_data[2]  ; Output   ; --            ; --            ; --                                                               ; --                                           ; --  ; --   ; --      ; --       ; --         ;
; mem_write_data[3]  ; Output   ; --            ; --            ; --                                                               ; --                                           ; --  ; --   ; --      ; --       ; --         ;
; mem_write_data[4]  ; Output   ; --            ; --            ; --                                                               ; --                                           ; --  ; --   ; --      ; --       ; --         ;
; mem_write_data[5]  ; Output   ; --            ; --            ; --                                                               ; --                                           ; --  ; --   ; --      ; --       ; --         ;
; mem_write_data[6]  ; Output   ; --            ; --            ; --                                                               ; --                                           ; --  ; --   ; --      ; --       ; --         ;
; mem_write_data[7]  ; Output   ; --            ; --            ; --                                                               ; --                                           ; --  ; --   ; --      ; --       ; --         ;
; mem_write_data[8]  ; Output   ; --            ; --            ; --                                                               ; --                                           ; --  ; --   ; --      ; --       ; --         ;
; mem_write_data[9]  ; Output   ; --            ; --            ; --                                                               ; --                                           ; --  ; --   ; --      ; --       ; --         ;
; mem_write_data[10] ; Output   ; --            ; --            ; --                                                               ; --                                           ; --  ; --   ; --      ; --       ; --         ;
; mem_write_data[11] ; Output   ; --            ; --            ; --                                                               ; --                                           ; --  ; --   ; --      ; --       ; --         ;
; mem_write_data[12] ; Output   ; --            ; --            ; --                                                               ; --                                           ; --  ; --   ; --      ; --       ; --         ;
; mem_write_data[13] ; Output   ; --            ; --            ; --                                                               ; --                                           ; --  ; --   ; --      ; --       ; --         ;
; mem_write_data[14] ; Output   ; --            ; --            ; --                                                               ; --                                           ; --  ; --   ; --      ; --       ; --         ;
; mem_write_data[15] ; Output   ; --            ; --            ; --                                                               ; --                                           ; --  ; --   ; --      ; --       ; --         ;
; mem_write_data[16] ; Output   ; --            ; --            ; --                                                               ; --                                           ; --  ; --   ; --      ; --       ; --         ;
; mem_write_data[17] ; Output   ; --            ; --            ; --                                                               ; --                                           ; --  ; --   ; --      ; --       ; --         ;
; mem_write_data[18] ; Output   ; --            ; --            ; --                                                               ; --                                           ; --  ; --   ; --      ; --       ; --         ;
; mem_write_data[19] ; Output   ; --            ; --            ; --                                                               ; --                                           ; --  ; --   ; --      ; --       ; --         ;
; mem_write_data[20] ; Output   ; --            ; --            ; --                                                               ; --                                           ; --  ; --   ; --      ; --       ; --         ;
; mem_write_data[21] ; Output   ; --            ; --            ; --                                                               ; --                                           ; --  ; --   ; --      ; --       ; --         ;
; mem_write_data[22] ; Output   ; --            ; --            ; --                                                               ; --                                           ; --  ; --   ; --      ; --       ; --         ;
; mem_write_data[23] ; Output   ; --            ; --            ; --                                                               ; --                                           ; --  ; --   ; --      ; --       ; --         ;
; mem_write_data[24] ; Output   ; --            ; --            ; --                                                               ; --                                           ; --  ; --   ; --      ; --       ; --         ;
; mem_write_data[25] ; Output   ; --            ; --            ; --                                                               ; --                                           ; --  ; --   ; --      ; --       ; --         ;
; mem_write_data[26] ; Output   ; --            ; --            ; --                                                               ; --                                           ; --  ; --   ; --      ; --       ; --         ;
; mem_write_data[27] ; Output   ; --            ; --            ; --                                                               ; --                                           ; --  ; --   ; --      ; --       ; --         ;
; mem_write_data[28] ; Output   ; --            ; --            ; --                                                               ; --                                           ; --  ; --   ; --      ; --       ; --         ;
; mem_write_data[29] ; Output   ; --            ; --            ; --                                                               ; --                                           ; --  ; --   ; --      ; --       ; --         ;
; mem_write_data[30] ; Output   ; --            ; --            ; --                                                               ; --                                           ; --  ; --   ; --      ; --       ; --         ;
; mem_write_data[31] ; Output   ; --            ; --            ; --                                                               ; --                                           ; --  ; --   ; --      ; --       ; --         ;
; clk                ; Input    ; (0) 413 ps    ; --            ; --                                                               ; --                                           ; --  ; --   ; --      ; --       ; --         ;
; start              ; Input    ; (51) 1906 ps  ; --            ; --                                                               ; --                                           ; --  ; --   ; --      ; --       ; --         ;
; reset_n            ; Input    ; (0) 413 ps    ; --            ; --                                                               ; --                                           ; --  ; --   ; --      ; --       ; --         ;
; output_addr[0]     ; Input    ; (51) 1906 ps  ; --            ; --                                                               ; --                                           ; --  ; --   ; --      ; --       ; --         ;
; message_addr[0]    ; Input    ; --            ; (51) 1906 ps  ; --                                                               ; --                                           ; --  ; --   ; --      ; --       ; --         ;
; output_addr[1]     ; Input    ; --            ; (51) 1906 ps  ; --                                                               ; --                                           ; --  ; --   ; --      ; --       ; --         ;
; message_addr[1]    ; Input    ; (51) 1906 ps  ; --            ; --                                                               ; --                                           ; --  ; --   ; --      ; --       ; --         ;
; output_addr[2]     ; Input    ; (51) 1906 ps  ; --            ; --                                                               ; --                                           ; --  ; --   ; --      ; --       ; --         ;
; message_addr[2]    ; Input    ; (51) 1906 ps  ; --            ; --                                                               ; --                                           ; --  ; --   ; --      ; --       ; --         ;
; output_addr[3]     ; Input    ; (51) 1906 ps  ; --            ; --                                                               ; --                                           ; --  ; --   ; --      ; --       ; --         ;
; message_addr[3]    ; Input    ; (51) 1906 ps  ; --            ; --                                                               ; --                                           ; --  ; --   ; --      ; --       ; --         ;
; output_addr[4]     ; Input    ; (51) 1906 ps  ; --            ; --                                                               ; --                                           ; --  ; --   ; --      ; --       ; --         ;
; message_addr[4]    ; Input    ; --            ; (51) 1906 ps  ; --                                                               ; --                                           ; --  ; --   ; --      ; --       ; --         ;
; output_addr[5]     ; Input    ; --            ; (51) 1906 ps  ; --                                                               ; --                                           ; --  ; --   ; --      ; --       ; --         ;
; message_addr[5]    ; Input    ; --            ; (51) 1977 ps  ; --                                                               ; --                                           ; --  ; --   ; --      ; --       ; --         ;
; output_addr[6]     ; Input    ; (51) 1906 ps  ; --            ; --                                                               ; --                                           ; --  ; --   ; --      ; --       ; --         ;
; message_addr[6]    ; Input    ; (51) 1906 ps  ; --            ; --                                                               ; --                                           ; --  ; --   ; --      ; --       ; --         ;
; output_addr[7]     ; Input    ; (51) 1906 ps  ; --            ; --                                                               ; --                                           ; --  ; --   ; --      ; --       ; --         ;
; message_addr[7]    ; Input    ; --            ; (51) 1906 ps  ; --                                                               ; --                                           ; --  ; --   ; --      ; --       ; --         ;
; output_addr[8]     ; Input    ; --            ; (51) 1977 ps  ; --                                                               ; --                                           ; --  ; --   ; --      ; --       ; --         ;
; message_addr[8]    ; Input    ; (51) 1906 ps  ; --            ; --                                                               ; --                                           ; --  ; --   ; --      ; --       ; --         ;
; output_addr[9]     ; Input    ; --            ; (51) 1977 ps  ; --                                                               ; --                                           ; --  ; --   ; --      ; --       ; --         ;
; message_addr[9]    ; Input    ; --            ; (51) 1977 ps  ; --                                                               ; --                                           ; --  ; --   ; --      ; --       ; --         ;
; output_addr[10]    ; Input    ; (51) 1906 ps  ; --            ; --                                                               ; --                                           ; --  ; --   ; --      ; --       ; --         ;
; message_addr[10]   ; Input    ; (51) 1906 ps  ; --            ; --                                                               ; --                                           ; --  ; --   ; --      ; --       ; --         ;
; output_addr[11]    ; Input    ; --            ; (51) 1906 ps  ; --                                                               ; --                                           ; --  ; --   ; --      ; --       ; --         ;
; message_addr[11]   ; Input    ; --            ; (51) 1906 ps  ; --                                                               ; --                                           ; --  ; --   ; --      ; --       ; --         ;
; output_addr[12]    ; Input    ; (51) 1906 ps  ; --            ; --                                                               ; --                                           ; --  ; --   ; --      ; --       ; --         ;
; message_addr[12]   ; Input    ; --            ; (51) 1906 ps  ; --                                                               ; --                                           ; --  ; --   ; --      ; --       ; --         ;
; output_addr[13]    ; Input    ; --            ; (51) 1906 ps  ; --                                                               ; --                                           ; --  ; --   ; --      ; --       ; --         ;
; message_addr[13]   ; Input    ; --            ; (51) 1906 ps  ; --                                                               ; --                                           ; --  ; --   ; --      ; --       ; --         ;
; output_addr[14]    ; Input    ; --            ; (51) 1977 ps  ; --                                                               ; --                                           ; --  ; --   ; --      ; --       ; --         ;
; message_addr[14]   ; Input    ; --            ; (51) 1906 ps  ; --                                                               ; --                                           ; --  ; --   ; --      ; --       ; --         ;
; output_addr[15]    ; Input    ; --            ; (51) 1906 ps  ; --                                                               ; --                                           ; --  ; --   ; --      ; --       ; --         ;
; message_addr[15]   ; Input    ; (51) 1977 ps  ; --            ; --                                                               ; --                                           ; --  ; --   ; --      ; --       ; --         ;
; mem_read_data[0]   ; Input    ; (51) 1906 ps  ; --            ; --                                                               ; --                                           ; --  ; --   ; --      ; --       ; --         ;
; mem_read_data[1]   ; Input    ; (51) 1906 ps  ; --            ; --                                                               ; --                                           ; --  ; --   ; --      ; --       ; --         ;
; mem_read_data[2]   ; Input    ; (51) 1906 ps  ; --            ; --                                                               ; --                                           ; --  ; --   ; --      ; --       ; --         ;
; mem_read_data[3]   ; Input    ; --            ; (51) 1906 ps  ; --                                                               ; --                                           ; --  ; --   ; --      ; --       ; --         ;
; mem_read_data[4]   ; Input    ; --            ; (51) 1906 ps  ; --                                                               ; --                                           ; --  ; --   ; --      ; --       ; --         ;
; mem_read_data[5]   ; Input    ; (51) 1906 ps  ; --            ; --                                                               ; --                                           ; --  ; --   ; --      ; --       ; --         ;
; mem_read_data[6]   ; Input    ; (51) 1906 ps  ; --            ; --                                                               ; --                                           ; --  ; --   ; --      ; --       ; --         ;
; mem_read_data[7]   ; Input    ; (51) 1906 ps  ; --            ; --                                                               ; --                                           ; --  ; --   ; --      ; --       ; --         ;
; mem_read_data[8]   ; Input    ; --            ; (51) 1906 ps  ; --                                                               ; --                                           ; --  ; --   ; --      ; --       ; --         ;
; mem_read_data[9]   ; Input    ; --            ; (51) 1906 ps  ; --                                                               ; --                                           ; --  ; --   ; --      ; --       ; --         ;
; mem_read_data[10]  ; Input    ; --            ; (51) 1906 ps  ; --                                                               ; --                                           ; --  ; --   ; --      ; --       ; --         ;
; mem_read_data[11]  ; Input    ; --            ; (51) 1906 ps  ; --                                                               ; --                                           ; --  ; --   ; --      ; --       ; --         ;
; mem_read_data[12]  ; Input    ; (51) 1906 ps  ; --            ; --                                                               ; --                                           ; --  ; --   ; --      ; --       ; --         ;
; mem_read_data[13]  ; Input    ; --            ; (51) 1906 ps  ; --                                                               ; --                                           ; --  ; --   ; --      ; --       ; --         ;
; mem_read_data[14]  ; Input    ; --            ; (51) 1906 ps  ; --                                                               ; --                                           ; --  ; --   ; --      ; --       ; --         ;
; mem_read_data[15]  ; Input    ; --            ; (51) 1977 ps  ; --                                                               ; --                                           ; --  ; --   ; --      ; --       ; --         ;
; mem_read_data[16]  ; Input    ; --            ; (51) 1906 ps  ; --                                                               ; --                                           ; --  ; --   ; --      ; --       ; --         ;
; mem_read_data[17]  ; Input    ; (51) 1977 ps  ; --            ; --                                                               ; --                                           ; --  ; --   ; --      ; --       ; --         ;
; mem_read_data[18]  ; Input    ; (51) 1906 ps  ; --            ; --                                                               ; --                                           ; --  ; --   ; --      ; --       ; --         ;
; mem_read_data[19]  ; Input    ; --            ; (51) 1906 ps  ; --                                                               ; --                                           ; --  ; --   ; --      ; --       ; --         ;
; mem_read_data[20]  ; Input    ; (51) 1906 ps  ; --            ; --                                                               ; --                                           ; --  ; --   ; --      ; --       ; --         ;
; mem_read_data[21]  ; Input    ; (51) 1977 ps  ; --            ; --                                                               ; --                                           ; --  ; --   ; --      ; --       ; --         ;
; mem_read_data[22]  ; Input    ; (51) 1906 ps  ; --            ; --                                                               ; --                                           ; --  ; --   ; --      ; --       ; --         ;
; mem_read_data[23]  ; Input    ; (51) 1906 ps  ; --            ; --                                                               ; --                                           ; --  ; --   ; --      ; --       ; --         ;
; mem_read_data[24]  ; Input    ; (51) 1906 ps  ; --            ; --                                                               ; --                                           ; --  ; --   ; --      ; --       ; --         ;
; mem_read_data[25]  ; Input    ; --            ; (51) 1906 ps  ; --                                                               ; --                                           ; --  ; --   ; --      ; --       ; --         ;
; mem_read_data[26]  ; Input    ; --            ; (51) 1906 ps  ; --                                                               ; --                                           ; --  ; --   ; --      ; --       ; --         ;
; mem_read_data[27]  ; Input    ; --            ; (51) 1906 ps  ; --                                                               ; --                                           ; --  ; --   ; --      ; --       ; --         ;
; mem_read_data[28]  ; Input    ; (51) 1906 ps  ; --            ; --                                                               ; --                                           ; --  ; --   ; --      ; --       ; --         ;
; mem_read_data[29]  ; Input    ; (51) 1977 ps  ; --            ; --                                                               ; --                                           ; --  ; --   ; --      ; --       ; --         ;
; mem_read_data[30]  ; Input    ; (51) 1906 ps  ; --            ; --                                                               ; --                                           ; --  ; --   ; --      ; --       ; --         ;
; mem_read_data[31]  ; Input    ; --            ; (51) 1906 ps  ; --                                                               ; --                                           ; --  ; --   ; --      ; --       ; --         ;
+--------------------+----------+---------------+---------------+------------------------------------------------------------------+----------------------------------------------+-----+------+---------+----------+------------+


+-------------------------------------------------------------+
; Pad To Core Delay Chain Fanout                              ;
+-------------------------------+-------------------+---------+
; Source Pin / Fanout           ; Pad To Core Index ; Setting ;
+-------------------------------+-------------------+---------+
; clk                           ;                   ;         ;
; start                         ;                   ;         ;
;      - Selector24~0           ; 0                 ; 51      ;
;      - cur_addr[2]~0          ; 0                 ; 51      ;
;      - i[4]~1                 ; 0                 ; 51      ;
;      - Selector25~1           ; 0                 ; 51      ;
; reset_n                       ;                   ;         ;
; output_addr[0]                ;                   ;         ;
;      - cur_addr[0]~feeder     ; 0                 ; 51      ;
; message_addr[0]               ;                   ;         ;
;      - cur_addr[0]            ; 1                 ; 51      ;
; output_addr[1]                ;                   ;         ;
;      - cur_addr[1]~feeder     ; 1                 ; 51      ;
; message_addr[1]               ;                   ;         ;
;      - cur_addr[1]            ; 0                 ; 51      ;
; output_addr[2]                ;                   ;         ;
;      - cur_addr[2]~feeder     ; 0                 ; 51      ;
; message_addr[2]               ;                   ;         ;
;      - cur_addr[2]            ; 0                 ; 51      ;
; output_addr[3]                ;                   ;         ;
;      - cur_addr[3]~feeder     ; 0                 ; 51      ;
; message_addr[3]               ;                   ;         ;
;      - cur_addr[3]            ; 0                 ; 51      ;
; output_addr[4]                ;                   ;         ;
;      - cur_addr[4]~feeder     ; 0                 ; 51      ;
; message_addr[4]               ;                   ;         ;
;      - cur_addr[4]            ; 1                 ; 51      ;
; output_addr[5]                ;                   ;         ;
;      - cur_addr[5]~feeder     ; 1                 ; 51      ;
; message_addr[5]               ;                   ;         ;
;      - cur_addr[5]            ; 1                 ; 51      ;
; output_addr[6]                ;                   ;         ;
;      - cur_addr[6]~feeder     ; 0                 ; 51      ;
; message_addr[6]               ;                   ;         ;
;      - cur_addr[6]            ; 0                 ; 51      ;
; output_addr[7]                ;                   ;         ;
;      - cur_addr[7]~feeder     ; 0                 ; 51      ;
; message_addr[7]               ;                   ;         ;
;      - cur_addr[7]            ; 1                 ; 51      ;
; output_addr[8]                ;                   ;         ;
;      - cur_addr[8]~feeder     ; 1                 ; 51      ;
; message_addr[8]               ;                   ;         ;
;      - cur_addr[8]            ; 0                 ; 51      ;
; output_addr[9]                ;                   ;         ;
;      - cur_addr[9]~feeder     ; 1                 ; 51      ;
; message_addr[9]               ;                   ;         ;
;      - cur_addr[9]            ; 1                 ; 51      ;
; output_addr[10]               ;                   ;         ;
;      - cur_addr[10]~feeder    ; 0                 ; 51      ;
; message_addr[10]              ;                   ;         ;
;      - cur_addr[10]           ; 0                 ; 51      ;
; output_addr[11]               ;                   ;         ;
;      - cur_addr[11]~feeder    ; 1                 ; 51      ;
; message_addr[11]              ;                   ;         ;
;      - cur_addr[11]           ; 1                 ; 51      ;
; output_addr[12]               ;                   ;         ;
;      - cur_addr[12]~feeder    ; 0                 ; 51      ;
; message_addr[12]              ;                   ;         ;
;      - cur_addr[12]           ; 1                 ; 51      ;
; output_addr[13]               ;                   ;         ;
;      - cur_addr[13]~feeder    ; 1                 ; 51      ;
; message_addr[13]              ;                   ;         ;
;      - cur_addr[13]           ; 1                 ; 51      ;
; output_addr[14]               ;                   ;         ;
;      - cur_addr[14]~feeder    ; 1                 ; 51      ;
; message_addr[14]              ;                   ;         ;
;      - cur_addr[14]           ; 1                 ; 51      ;
; output_addr[15]               ;                   ;         ;
;      - cur_addr[15]~feeder    ; 1                 ; 51      ;
; message_addr[15]              ;                   ;         ;
;      - cur_addr[15]           ; 0                 ; 51      ;
; mem_read_data[0]              ;                   ;         ;
;      - message[16][0]         ; 0                 ; 51      ;
;      - message[18][0]         ; 0                 ; 51      ;
;      - message[15][0]         ; 0                 ; 51      ;
;      - message[0][0]          ; 0                 ; 51      ;
;      - message[1][0]          ; 0                 ; 51      ;
;      - message[2][0]          ; 0                 ; 51      ;
;      - message[3][0]          ; 0                 ; 51      ;
;      - message[4][0]          ; 0                 ; 51      ;
;      - message[5][0]          ; 0                 ; 51      ;
;      - message[6][0]          ; 0                 ; 51      ;
;      - message[7][0]          ; 0                 ; 51      ;
;      - message[8][0]          ; 0                 ; 51      ;
;      - message[9][0]          ; 0                 ; 51      ;
;      - message[11][0]         ; 0                 ; 51      ;
;      - message[12][0]         ; 0                 ; 51      ;
;      - message[13][0]         ; 0                 ; 51      ;
;      - message[14][0]         ; 0                 ; 51      ;
;      - message[10][0]~feeder  ; 0                 ; 51      ;
;      - message[17][0]~feeder  ; 0                 ; 51      ;
; mem_read_data[1]              ;                   ;         ;
;      - message[16][1]         ; 0                 ; 51      ;
;      - message[17][1]         ; 0                 ; 51      ;
;      - message[15][1]         ; 0                 ; 51      ;
;      - message[0][1]          ; 0                 ; 51      ;
;      - message[3][1]          ; 0                 ; 51      ;
;      - message[4][1]          ; 0                 ; 51      ;
;      - message[5][1]          ; 0                 ; 51      ;
;      - message[6][1]          ; 0                 ; 51      ;
;      - message[7][1]          ; 0                 ; 51      ;
;      - message[8][1]          ; 0                 ; 51      ;
;      - message[9][1]          ; 0                 ; 51      ;
;      - message[10][1]         ; 0                 ; 51      ;
;      - message[11][1]         ; 0                 ; 51      ;
;      - message[12][1]         ; 0                 ; 51      ;
;      - message[13][1]         ; 0                 ; 51      ;
;      - message[2][1]~feeder   ; 0                 ; 51      ;
;      - message[18][1]~feeder  ; 0                 ; 51      ;
;      - message[1][1]~feeder   ; 0                 ; 51      ;
;      - message[14][1]~feeder  ; 0                 ; 51      ;
; mem_read_data[2]              ;                   ;         ;
;      - message[16][2]         ; 0                 ; 51      ;
;      - message[18][2]         ; 0                 ; 51      ;
;      - message[1][2]          ; 0                 ; 51      ;
;      - message[2][2]          ; 0                 ; 51      ;
;      - message[3][2]          ; 0                 ; 51      ;
;      - message[4][2]          ; 0                 ; 51      ;
;      - message[5][2]          ; 0                 ; 51      ;
;      - message[6][2]          ; 0                 ; 51      ;
;      - message[7][2]          ; 0                 ; 51      ;
;      - message[8][2]          ; 0                 ; 51      ;
;      - message[9][2]          ; 0                 ; 51      ;
;      - message[10][2]         ; 0                 ; 51      ;
;      - message[14][2]         ; 0                 ; 51      ;
;      - message[12][2]~feeder  ; 0                 ; 51      ;
;      - message[13][2]~feeder  ; 0                 ; 51      ;
;      - message[17][2]~feeder  ; 0                 ; 51      ;
;      - message[11][2]~feeder  ; 0                 ; 51      ;
;      - message[0][2]~feeder   ; 0                 ; 51      ;
;      - message[15][2]~feeder  ; 0                 ; 51      ;
; mem_read_data[3]              ;                   ;         ;
;      - message[17][3]         ; 1                 ; 51      ;
;      - message[18][3]         ; 1                 ; 51      ;
;      - message[0][3]          ; 1                 ; 51      ;
;      - message[1][3]          ; 1                 ; 51      ;
;      - message[2][3]          ; 1                 ; 51      ;
;      - message[3][3]          ; 1                 ; 51      ;
;      - message[4][3]          ; 1                 ; 51      ;
;      - message[5][3]          ; 1                 ; 51      ;
;      - message[6][3]          ; 1                 ; 51      ;
;      - message[7][3]          ; 1                 ; 51      ;
;      - message[8][3]          ; 1                 ; 51      ;
;      - message[9][3]          ; 1                 ; 51      ;
;      - message[10][3]         ; 1                 ; 51      ;
;      - message[11][3]         ; 1                 ; 51      ;
;      - message[12][3]         ; 1                 ; 51      ;
;      - message[14][3]         ; 1                 ; 51      ;
;      - message[13][3]~feeder  ; 1                 ; 51      ;
;      - message[15][3]~feeder  ; 1                 ; 51      ;
;      - message[16][3]~feeder  ; 1                 ; 51      ;
; mem_read_data[4]              ;                   ;         ;
;      - message[16][4]         ; 1                 ; 51      ;
;      - message[17][4]         ; 1                 ; 51      ;
;      - message[18][4]         ; 1                 ; 51      ;
;      - message[0][4]          ; 1                 ; 51      ;
;      - message[1][4]          ; 1                 ; 51      ;
;      - message[2][4]          ; 1                 ; 51      ;
;      - message[3][4]          ; 1                 ; 51      ;
;      - message[4][4]          ; 1                 ; 51      ;
;      - message[5][4]          ; 1                 ; 51      ;
;      - message[6][4]          ; 1                 ; 51      ;
;      - message[7][4]          ; 1                 ; 51      ;
;      - message[8][4]          ; 1                 ; 51      ;
;      - message[9][4]          ; 1                 ; 51      ;
;      - message[10][4]         ; 1                 ; 51      ;
;      - message[11][4]         ; 1                 ; 51      ;
;      - message[12][4]         ; 1                 ; 51      ;
;      - message[13][4]         ; 1                 ; 51      ;
;      - message[14][4]~feeder  ; 1                 ; 51      ;
;      - message[15][4]~feeder  ; 1                 ; 51      ;
; mem_read_data[5]              ;                   ;         ;
;      - message[16][5]         ; 0                 ; 51      ;
;      - message[17][5]         ; 0                 ; 51      ;
;      - message[18][5]         ; 0                 ; 51      ;
;      - message[15][5]         ; 0                 ; 51      ;
;      - message[0][5]          ; 0                 ; 51      ;
;      - message[2][5]          ; 0                 ; 51      ;
;      - message[6][5]          ; 0                 ; 51      ;
;      - message[7][5]          ; 0                 ; 51      ;
;      - message[8][5]          ; 0                 ; 51      ;
;      - message[10][5]         ; 0                 ; 51      ;
;      - message[11][5]         ; 0                 ; 51      ;
;      - message[12][5]         ; 0                 ; 51      ;
;      - message[14][5]         ; 0                 ; 51      ;
;      - message[5][5]~feeder   ; 0                 ; 51      ;
;      - message[3][5]~feeder   ; 0                 ; 51      ;
;      - message[4][5]~feeder   ; 0                 ; 51      ;
;      - message[13][5]~feeder  ; 0                 ; 51      ;
;      - message[9][5]~feeder   ; 0                 ; 51      ;
;      - message[1][5]~feeder   ; 0                 ; 51      ;
; mem_read_data[6]              ;                   ;         ;
;      - message[16][6]         ; 0                 ; 51      ;
;      - message[17][6]         ; 0                 ; 51      ;
;      - message[18][6]         ; 0                 ; 51      ;
;      - message[15][6]         ; 0                 ; 51      ;
;      - message[1][6]          ; 0                 ; 51      ;
;      - message[3][6]          ; 0                 ; 51      ;
;      - message[5][6]          ; 0                 ; 51      ;
;      - message[8][6]          ; 0                 ; 51      ;
;      - message[9][6]          ; 0                 ; 51      ;
;      - message[10][6]         ; 0                 ; 51      ;
;      - message[11][6]         ; 0                 ; 51      ;
;      - message[12][6]         ; 0                 ; 51      ;
;      - message[13][6]         ; 0                 ; 51      ;
;      - message[14][6]         ; 0                 ; 51      ;
;      - message[7][6]~feeder   ; 0                 ; 51      ;
;      - message[4][6]~feeder   ; 0                 ; 51      ;
;      - message[2][6]~feeder   ; 0                 ; 51      ;
;      - message[0][6]~feeder   ; 0                 ; 51      ;
;      - message[6][6]~feeder   ; 0                 ; 51      ;
; mem_read_data[7]              ;                   ;         ;
;      - message[16][7]         ; 0                 ; 51      ;
;      - message[17][7]         ; 0                 ; 51      ;
;      - message[18][7]         ; 0                 ; 51      ;
;      - message[15][7]         ; 0                 ; 51      ;
;      - message[0][7]          ; 0                 ; 51      ;
;      - message[1][7]          ; 0                 ; 51      ;
;      - message[2][7]          ; 0                 ; 51      ;
;      - message[3][7]          ; 0                 ; 51      ;
;      - message[4][7]          ; 0                 ; 51      ;
;      - message[5][7]          ; 0                 ; 51      ;
;      - message[6][7]          ; 0                 ; 51      ;
;      - message[7][7]          ; 0                 ; 51      ;
;      - message[8][7]          ; 0                 ; 51      ;
;      - message[9][7]          ; 0                 ; 51      ;
;      - message[10][7]         ; 0                 ; 51      ;
;      - message[11][7]         ; 0                 ; 51      ;
;      - message[13][7]         ; 0                 ; 51      ;
;      - message[14][7]         ; 0                 ; 51      ;
;      - message[12][7]~feeder  ; 0                 ; 51      ;
; mem_read_data[8]              ;                   ;         ;
;      - message[2][8]          ; 1                 ; 51      ;
;      - message[3][8]          ; 1                 ; 51      ;
;      - message[4][8]          ; 1                 ; 51      ;
;      - message[5][8]          ; 1                 ; 51      ;
;      - message[6][8]          ; 1                 ; 51      ;
;      - message[7][8]          ; 1                 ; 51      ;
;      - message[9][8]          ; 1                 ; 51      ;
;      - message[10][8]         ; 1                 ; 51      ;
;      - message[11][8]         ; 1                 ; 51      ;
;      - message[12][8]         ; 1                 ; 51      ;
;      - message[13][8]         ; 1                 ; 51      ;
;      - message[14][8]         ; 1                 ; 51      ;
;      - message[15][8]~feeder  ; 1                 ; 51      ;
;      - message[0][8]~feeder   ; 1                 ; 51      ;
;      - message[8][8]~feeder   ; 1                 ; 51      ;
;      - message[1][8]~feeder   ; 1                 ; 51      ;
;      - message[17][8]~feeder  ; 1                 ; 51      ;
;      - message[18][8]~feeder  ; 1                 ; 51      ;
;      - message[16][8]~feeder  ; 1                 ; 51      ;
; mem_read_data[9]              ;                   ;         ;
;      - message[0][9]          ; 1                 ; 51      ;
;      - message[1][9]          ; 1                 ; 51      ;
;      - message[2][9]          ; 1                 ; 51      ;
;      - message[3][9]          ; 1                 ; 51      ;
;      - message[4][9]          ; 1                 ; 51      ;
;      - message[5][9]          ; 1                 ; 51      ;
;      - message[6][9]          ; 1                 ; 51      ;
;      - message[7][9]          ; 1                 ; 51      ;
;      - message[8][9]          ; 1                 ; 51      ;
;      - message[9][9]          ; 1                 ; 51      ;
;      - message[10][9]         ; 1                 ; 51      ;
;      - message[11][9]         ; 1                 ; 51      ;
;      - message[16][9]~feeder  ; 1                 ; 51      ;
;      - message[17][9]~feeder  ; 1                 ; 51      ;
;      - message[18][9]~feeder  ; 1                 ; 51      ;
;      - message[12][9]~feeder  ; 1                 ; 51      ;
;      - message[13][9]~feeder  ; 1                 ; 51      ;
;      - message[14][9]~feeder  ; 1                 ; 51      ;
;      - message[15][9]~feeder  ; 1                 ; 51      ;
; mem_read_data[10]             ;                   ;         ;
;      - message[16][10]        ; 1                 ; 51      ;
;      - message[18][10]        ; 1                 ; 51      ;
;      - message[0][10]         ; 1                 ; 51      ;
;      - message[2][10]         ; 1                 ; 51      ;
;      - message[3][10]         ; 1                 ; 51      ;
;      - message[6][10]         ; 1                 ; 51      ;
;      - message[7][10]         ; 1                 ; 51      ;
;      - message[8][10]         ; 1                 ; 51      ;
;      - message[9][10]         ; 1                 ; 51      ;
;      - message[10][10]        ; 1                 ; 51      ;
;      - message[11][10]        ; 1                 ; 51      ;
;      - message[14][10]        ; 1                 ; 51      ;
;      - message[13][10]~feeder ; 1                 ; 51      ;
;      - message[12][10]~feeder ; 1                 ; 51      ;
;      - message[17][10]~feeder ; 1                 ; 51      ;
;      - message[15][10]~feeder ; 1                 ; 51      ;
;      - message[1][10]~feeder  ; 1                 ; 51      ;
;      - message[4][10]~feeder  ; 1                 ; 51      ;
;      - message[5][10]~feeder  ; 1                 ; 51      ;
; mem_read_data[11]             ;                   ;         ;
;      - message[16][11]        ; 1                 ; 51      ;
;      - message[17][11]        ; 1                 ; 51      ;
;      - message[15][11]        ; 1                 ; 51      ;
;      - message[0][11]         ; 1                 ; 51      ;
;      - message[1][11]         ; 1                 ; 51      ;
;      - message[2][11]         ; 1                 ; 51      ;
;      - message[4][11]         ; 1                 ; 51      ;
;      - message[9][11]         ; 1                 ; 51      ;
;      - message[10][11]        ; 1                 ; 51      ;
;      - message[11][11]        ; 1                 ; 51      ;
;      - message[13][11]        ; 1                 ; 51      ;
;      - message[12][11]~feeder ; 1                 ; 51      ;
;      - message[6][11]~feeder  ; 1                 ; 51      ;
;      - message[8][11]~feeder  ; 1                 ; 51      ;
;      - message[5][11]~feeder  ; 1                 ; 51      ;
;      - message[3][11]~feeder  ; 1                 ; 51      ;
;      - message[14][11]~feeder ; 1                 ; 51      ;
;      - message[7][11]~feeder  ; 1                 ; 51      ;
;      - message[18][11]~feeder ; 1                 ; 51      ;
; mem_read_data[12]             ;                   ;         ;
;      - message[16][12]        ; 0                 ; 51      ;
;      - message[18][12]        ; 0                 ; 51      ;
;      - message[0][12]         ; 0                 ; 51      ;
;      - message[1][12]         ; 0                 ; 51      ;
;      - message[3][12]         ; 0                 ; 51      ;
;      - message[4][12]         ; 0                 ; 51      ;
;      - message[5][12]         ; 0                 ; 51      ;
;      - message[6][12]         ; 0                 ; 51      ;
;      - message[7][12]         ; 0                 ; 51      ;
;      - message[8][12]         ; 0                 ; 51      ;
;      - message[9][12]         ; 0                 ; 51      ;
;      - message[10][12]        ; 0                 ; 51      ;
;      - message[11][12]        ; 0                 ; 51      ;
;      - message[12][12]        ; 0                 ; 51      ;
;      - message[14][12]        ; 0                 ; 51      ;
;      - message[13][12]~feeder ; 0                 ; 51      ;
;      - message[15][12]~feeder ; 0                 ; 51      ;
;      - message[2][12]~feeder  ; 0                 ; 51      ;
;      - message[17][12]~feeder ; 0                 ; 51      ;
; mem_read_data[13]             ;                   ;         ;
;      - message[16][13]        ; 1                 ; 51      ;
;      - message[17][13]        ; 1                 ; 51      ;
;      - message[15][13]        ; 1                 ; 51      ;
;      - message[0][13]         ; 1                 ; 51      ;
;      - message[1][13]         ; 1                 ; 51      ;
;      - message[3][13]         ; 1                 ; 51      ;
;      - message[6][13]         ; 1                 ; 51      ;
;      - message[8][13]         ; 1                 ; 51      ;
;      - message[10][13]        ; 1                 ; 51      ;
;      - message[11][13]        ; 1                 ; 51      ;
;      - message[12][13]        ; 1                 ; 51      ;
;      - message[13][13]        ; 1                 ; 51      ;
;      - message[14][13]        ; 1                 ; 51      ;
;      - message[7][13]~feeder  ; 1                 ; 51      ;
;      - message[2][13]~feeder  ; 1                 ; 51      ;
;      - message[4][13]~feeder  ; 1                 ; 51      ;
;      - message[5][13]~feeder  ; 1                 ; 51      ;
;      - message[9][13]~feeder  ; 1                 ; 51      ;
;      - message[18][13]~feeder ; 1                 ; 51      ;
; mem_read_data[14]             ;                   ;         ;
;      - message[16][14]        ; 1                 ; 51      ;
;      - message[17][14]        ; 1                 ; 51      ;
;      - message[0][14]         ; 1                 ; 51      ;
;      - message[1][14]         ; 1                 ; 51      ;
;      - message[3][14]         ; 1                 ; 51      ;
;      - message[4][14]         ; 1                 ; 51      ;
;      - message[5][14]         ; 1                 ; 51      ;
;      - message[6][14]         ; 1                 ; 51      ;
;      - message[7][14]         ; 1                 ; 51      ;
;      - message[8][14]         ; 1                 ; 51      ;
;      - message[9][14]         ; 1                 ; 51      ;
;      - message[11][14]        ; 1                 ; 51      ;
;      - message[13][14]        ; 1                 ; 51      ;
;      - message[2][14]~feeder  ; 1                 ; 51      ;
;      - message[14][14]~feeder ; 1                 ; 51      ;
;      - message[15][14]~feeder ; 1                 ; 51      ;
;      - message[18][14]~feeder ; 1                 ; 51      ;
;      - message[10][14]~feeder ; 1                 ; 51      ;
;      - message[12][14]~feeder ; 1                 ; 51      ;
; mem_read_data[15]             ;                   ;         ;
;      - message[16][15]        ; 1                 ; 51      ;
;      - message[18][15]        ; 1                 ; 51      ;
;      - message[15][15]        ; 1                 ; 51      ;
;      - message[1][15]         ; 1                 ; 51      ;
;      - message[2][15]         ; 1                 ; 51      ;
;      - message[3][15]         ; 1                 ; 51      ;
;      - message[4][15]         ; 1                 ; 51      ;
;      - message[6][15]         ; 1                 ; 51      ;
;      - message[7][15]         ; 1                 ; 51      ;
;      - message[9][15]         ; 1                 ; 51      ;
;      - message[10][15]        ; 1                 ; 51      ;
;      - message[11][15]        ; 1                 ; 51      ;
;      - message[12][15]        ; 1                 ; 51      ;
;      - message[14][15]        ; 1                 ; 51      ;
;      - message[5][15]~feeder  ; 1                 ; 51      ;
;      - message[0][15]~feeder  ; 1                 ; 51      ;
;      - message[13][15]~feeder ; 1                 ; 51      ;
;      - message[8][15]~feeder  ; 1                 ; 51      ;
;      - message[17][15]~feeder ; 1                 ; 51      ;
; mem_read_data[16]             ;                   ;         ;
;      - message[17][16]        ; 1                 ; 51      ;
;      - message[18][16]        ; 1                 ; 51      ;
;      - message[15][16]        ; 1                 ; 51      ;
;      - message[0][16]         ; 1                 ; 51      ;
;      - message[1][16]         ; 1                 ; 51      ;
;      - message[2][16]         ; 1                 ; 51      ;
;      - message[3][16]         ; 1                 ; 51      ;
;      - message[9][16]         ; 1                 ; 51      ;
;      - message[11][16]        ; 1                 ; 51      ;
;      - message[13][16]        ; 1                 ; 51      ;
;      - message[14][16]        ; 1                 ; 51      ;
;      - message[7][16]~feeder  ; 1                 ; 51      ;
;      - message[10][16]~feeder ; 1                 ; 51      ;
;      - message[8][16]~feeder  ; 1                 ; 51      ;
;      - message[6][16]~feeder  ; 1                 ; 51      ;
;      - message[16][16]~feeder ; 1                 ; 51      ;
;      - message[4][16]~feeder  ; 1                 ; 51      ;
;      - message[5][16]~feeder  ; 1                 ; 51      ;
;      - message[12][16]~feeder ; 1                 ; 51      ;
; mem_read_data[17]             ;                   ;         ;
;      - message[18][17]        ; 0                 ; 51      ;
;      - message[0][17]         ; 0                 ; 51      ;
;      - message[1][17]         ; 0                 ; 51      ;
;      - message[2][17]         ; 0                 ; 51      ;
;      - message[4][17]         ; 0                 ; 51      ;
;      - message[5][17]         ; 0                 ; 51      ;
;      - message[6][17]         ; 0                 ; 51      ;
;      - message[7][17]         ; 0                 ; 51      ;
;      - message[8][17]         ; 0                 ; 51      ;
;      - message[9][17]         ; 0                 ; 51      ;
;      - message[10][17]        ; 0                 ; 51      ;
;      - message[11][17]        ; 0                 ; 51      ;
;      - message[12][17]        ; 0                 ; 51      ;
;      - message[13][17]        ; 0                 ; 51      ;
;      - message[17][17]~feeder ; 0                 ; 51      ;
;      - message[16][17]~feeder ; 0                 ; 51      ;
;      - message[14][17]~feeder ; 0                 ; 51      ;
;      - message[3][17]~feeder  ; 0                 ; 51      ;
;      - message[15][17]~feeder ; 0                 ; 51      ;
; mem_read_data[18]             ;                   ;         ;
;      - message[17][18]        ; 0                 ; 51      ;
;      - message[18][18]        ; 0                 ; 51      ;
;      - message[15][18]        ; 0                 ; 51      ;
;      - message[0][18]         ; 0                 ; 51      ;
;      - message[1][18]         ; 0                 ; 51      ;
;      - message[2][18]         ; 0                 ; 51      ;
;      - message[3][18]         ; 0                 ; 51      ;
;      - message[4][18]         ; 0                 ; 51      ;
;      - message[5][18]         ; 0                 ; 51      ;
;      - message[6][18]         ; 0                 ; 51      ;
;      - message[8][18]         ; 0                 ; 51      ;
;      - message[9][18]         ; 0                 ; 51      ;
;      - message[11][18]        ; 0                 ; 51      ;
;      - message[13][18]        ; 0                 ; 51      ;
;      - message[14][18]        ; 0                 ; 51      ;
;      - message[16][18]~feeder ; 0                 ; 51      ;
;      - message[10][18]~feeder ; 0                 ; 51      ;
;      - message[12][18]~feeder ; 0                 ; 51      ;
;      - message[7][18]~feeder  ; 0                 ; 51      ;
; mem_read_data[19]             ;                   ;         ;
;      - message[17][19]        ; 1                 ; 51      ;
;      - message[3][19]         ; 1                 ; 51      ;
;      - message[4][19]         ; 1                 ; 51      ;
;      - message[5][19]         ; 1                 ; 51      ;
;      - message[6][19]         ; 1                 ; 51      ;
;      - message[7][19]         ; 1                 ; 51      ;
;      - message[9][19]         ; 1                 ; 51      ;
;      - message[10][19]        ; 1                 ; 51      ;
;      - message[11][19]        ; 1                 ; 51      ;
;      - message[8][19]~feeder  ; 1                 ; 51      ;
;      - message[12][19]~feeder ; 1                 ; 51      ;
;      - message[0][19]~feeder  ; 1                 ; 51      ;
;      - message[1][19]~feeder  ; 1                 ; 51      ;
;      - message[13][19]~feeder ; 1                 ; 51      ;
;      - message[15][19]~feeder ; 1                 ; 51      ;
;      - message[14][19]~feeder ; 1                 ; 51      ;
;      - message[18][19]~feeder ; 1                 ; 51      ;
;      - message[2][19]~feeder  ; 1                 ; 51      ;
;      - message[16][19]~feeder ; 1                 ; 51      ;
; mem_read_data[20]             ;                   ;         ;
;      - message[16][20]        ; 0                 ; 51      ;
;      - message[17][20]        ; 0                 ; 51      ;
;      - message[18][20]        ; 0                 ; 51      ;
;      - message[15][20]        ; 0                 ; 51      ;
;      - message[3][20]         ; 0                 ; 51      ;
;      - message[4][20]         ; 0                 ; 51      ;
;      - message[5][20]         ; 0                 ; 51      ;
;      - message[6][20]         ; 0                 ; 51      ;
;      - message[7][20]         ; 0                 ; 51      ;
;      - message[8][20]         ; 0                 ; 51      ;
;      - message[9][20]         ; 0                 ; 51      ;
;      - message[10][20]        ; 0                 ; 51      ;
;      - message[11][20]        ; 0                 ; 51      ;
;      - message[12][20]        ; 0                 ; 51      ;
;      - message[1][20]~feeder  ; 0                 ; 51      ;
;      - message[13][20]~feeder ; 0                 ; 51      ;
;      - message[0][20]~feeder  ; 0                 ; 51      ;
;      - message[2][20]~feeder  ; 0                 ; 51      ;
;      - message[14][20]~feeder ; 0                 ; 51      ;
; mem_read_data[21]             ;                   ;         ;
;      - message[16][21]        ; 0                 ; 51      ;
;      - message[17][21]        ; 0                 ; 51      ;
;      - message[18][21]        ; 0                 ; 51      ;
;      - message[0][21]         ; 0                 ; 51      ;
;      - message[3][21]         ; 0                 ; 51      ;
;      - message[4][21]         ; 0                 ; 51      ;
;      - message[5][21]         ; 0                 ; 51      ;
;      - message[6][21]         ; 0                 ; 51      ;
;      - message[7][21]         ; 0                 ; 51      ;
;      - message[8][21]         ; 0                 ; 51      ;
;      - message[9][21]         ; 0                 ; 51      ;
;      - message[10][21]        ; 0                 ; 51      ;
;      - message[11][21]        ; 0                 ; 51      ;
;      - message[12][21]        ; 0                 ; 51      ;
;      - message[13][21]        ; 0                 ; 51      ;
;      - message[14][21]        ; 0                 ; 51      ;
;      - message[1][21]~feeder  ; 0                 ; 51      ;
;      - message[2][21]~feeder  ; 0                 ; 51      ;
;      - message[15][21]~feeder ; 0                 ; 51      ;
; mem_read_data[22]             ;                   ;         ;
;      - message[16][22]        ; 0                 ; 51      ;
;      - message[17][22]        ; 0                 ; 51      ;
;      - message[18][22]        ; 0                 ; 51      ;
;      - message[15][22]        ; 0                 ; 51      ;
;      - message[0][22]         ; 0                 ; 51      ;
;      - message[1][22]         ; 0                 ; 51      ;
;      - message[3][22]         ; 0                 ; 51      ;
;      - message[6][22]         ; 0                 ; 51      ;
;      - message[7][22]         ; 0                 ; 51      ;
;      - message[8][22]         ; 0                 ; 51      ;
;      - message[9][22]         ; 0                 ; 51      ;
;      - message[11][22]        ; 0                 ; 51      ;
;      - message[12][22]        ; 0                 ; 51      ;
;      - message[13][22]        ; 0                 ; 51      ;
;      - message[14][22]        ; 0                 ; 51      ;
;      - message[4][22]~feeder  ; 0                 ; 51      ;
;      - message[5][22]~feeder  ; 0                 ; 51      ;
;      - message[2][22]~feeder  ; 0                 ; 51      ;
;      - message[10][22]~feeder ; 0                 ; 51      ;
; mem_read_data[23]             ;                   ;         ;
;      - message[16][23]        ; 0                 ; 51      ;
;      - message[17][23]        ; 0                 ; 51      ;
;      - message[18][23]        ; 0                 ; 51      ;
;      - message[0][23]         ; 0                 ; 51      ;
;      - message[1][23]         ; 0                 ; 51      ;
;      - message[2][23]         ; 0                 ; 51      ;
;      - message[3][23]         ; 0                 ; 51      ;
;      - message[5][23]         ; 0                 ; 51      ;
;      - message[7][23]         ; 0                 ; 51      ;
;      - message[8][23]         ; 0                 ; 51      ;
;      - message[9][23]         ; 0                 ; 51      ;
;      - message[10][23]        ; 0                 ; 51      ;
;      - message[11][23]        ; 0                 ; 51      ;
;      - message[12][23]        ; 0                 ; 51      ;
;      - message[15][23]~feeder ; 0                 ; 51      ;
;      - message[14][23]~feeder ; 0                 ; 51      ;
;      - message[13][23]~feeder ; 0                 ; 51      ;
;      - message[6][23]~feeder  ; 0                 ; 51      ;
;      - message[4][23]~feeder  ; 0                 ; 51      ;
; mem_read_data[24]             ;                   ;         ;
;      - message[16][24]        ; 0                 ; 51      ;
;      - message[1][24]         ; 0                 ; 51      ;
;      - message[2][24]         ; 0                 ; 51      ;
;      - message[3][24]         ; 0                 ; 51      ;
;      - message[4][24]         ; 0                 ; 51      ;
;      - message[6][24]         ; 0                 ; 51      ;
;      - message[7][24]         ; 0                 ; 51      ;
;      - message[8][24]         ; 0                 ; 51      ;
;      - message[9][24]         ; 0                 ; 51      ;
;      - message[11][24]        ; 0                 ; 51      ;
;      - message[12][24]        ; 0                 ; 51      ;
;      - message[14][24]        ; 0                 ; 51      ;
;      - message[13][24]~feeder ; 0                 ; 51      ;
;      - message[10][24]~feeder ; 0                 ; 51      ;
;      - message[15][24]~feeder ; 0                 ; 51      ;
;      - message[0][24]~feeder  ; 0                 ; 51      ;
;      - message[5][24]~feeder  ; 0                 ; 51      ;
;      - message[18][24]~feeder ; 0                 ; 51      ;
;      - message[17][24]~feeder ; 0                 ; 51      ;
; mem_read_data[25]             ;                   ;         ;
;      - message[16][25]        ; 1                 ; 51      ;
;      - message[17][25]        ; 1                 ; 51      ;
;      - message[15][25]        ; 1                 ; 51      ;
;      - message[0][25]         ; 1                 ; 51      ;
;      - message[1][25]         ; 1                 ; 51      ;
;      - message[2][25]         ; 1                 ; 51      ;
;      - message[3][25]         ; 1                 ; 51      ;
;      - message[5][25]         ; 1                 ; 51      ;
;      - message[6][25]         ; 1                 ; 51      ;
;      - message[7][25]         ; 1                 ; 51      ;
;      - message[8][25]         ; 1                 ; 51      ;
;      - message[9][25]         ; 1                 ; 51      ;
;      - message[10][25]        ; 1                 ; 51      ;
;      - message[11][25]        ; 1                 ; 51      ;
;      - message[12][25]        ; 1                 ; 51      ;
;      - message[13][25]        ; 1                 ; 51      ;
;      - message[14][25]        ; 1                 ; 51      ;
;      - message[18][25]~feeder ; 1                 ; 51      ;
;      - message[4][25]~feeder  ; 1                 ; 51      ;
; mem_read_data[26]             ;                   ;         ;
;      - message[2][26]         ; 1                 ; 51      ;
;      - message[4][26]         ; 1                 ; 51      ;
;      - message[5][26]         ; 1                 ; 51      ;
;      - message[6][26]         ; 1                 ; 51      ;
;      - message[7][26]         ; 1                 ; 51      ;
;      - message[8][26]         ; 1                 ; 51      ;
;      - message[9][26]         ; 1                 ; 51      ;
;      - message[10][26]        ; 1                 ; 51      ;
;      - message[11][26]        ; 1                 ; 51      ;
;      - message[12][26]        ; 1                 ; 51      ;
;      - message[13][26]        ; 1                 ; 51      ;
;      - message[14][26]~feeder ; 1                 ; 51      ;
;      - message[0][26]~feeder  ; 1                 ; 51      ;
;      - message[15][26]~feeder ; 1                 ; 51      ;
;      - message[18][26]~feeder ; 1                 ; 51      ;
;      - message[16][26]~feeder ; 1                 ; 51      ;
;      - message[17][26]~feeder ; 1                 ; 51      ;
;      - message[3][26]~feeder  ; 1                 ; 51      ;
;      - message[1][26]~feeder  ; 1                 ; 51      ;
; mem_read_data[27]             ;                   ;         ;
;      - message[17][27]        ; 1                 ; 51      ;
;      - message[15][27]        ; 1                 ; 51      ;
;      - message[0][27]         ; 1                 ; 51      ;
;      - message[1][27]         ; 1                 ; 51      ;
;      - message[2][27]         ; 1                 ; 51      ;
;      - message[3][27]         ; 1                 ; 51      ;
;      - message[6][27]         ; 1                 ; 51      ;
;      - message[7][27]         ; 1                 ; 51      ;
;      - message[8][27]         ; 1                 ; 51      ;
;      - message[9][27]         ; 1                 ; 51      ;
;      - message[10][27]        ; 1                 ; 51      ;
;      - message[11][27]        ; 1                 ; 51      ;
;      - message[12][27]        ; 1                 ; 51      ;
;      - message[13][27]        ; 1                 ; 51      ;
;      - message[14][27]        ; 1                 ; 51      ;
;      - message[4][27]~feeder  ; 1                 ; 51      ;
;      - message[16][27]~feeder ; 1                 ; 51      ;
;      - message[5][27]~feeder  ; 1                 ; 51      ;
;      - message[18][27]~feeder ; 1                 ; 51      ;
; mem_read_data[28]             ;                   ;         ;
;      - message[15][28]        ; 0                 ; 51      ;
;      - message[0][28]         ; 0                 ; 51      ;
;      - message[1][28]         ; 0                 ; 51      ;
;      - message[2][28]         ; 0                 ; 51      ;
;      - message[6][28]         ; 0                 ; 51      ;
;      - message[7][28]         ; 0                 ; 51      ;
;      - message[9][28]         ; 0                 ; 51      ;
;      - message[10][28]        ; 0                 ; 51      ;
;      - message[11][28]        ; 0                 ; 51      ;
;      - message[13][28]        ; 0                 ; 51      ;
;      - message[14][28]~feeder ; 0                 ; 51      ;
;      - message[4][28]~feeder  ; 0                 ; 51      ;
;      - message[5][28]~feeder  ; 0                 ; 51      ;
;      - message[3][28]~feeder  ; 0                 ; 51      ;
;      - message[16][28]~feeder ; 0                 ; 51      ;
;      - message[17][28]~feeder ; 0                 ; 51      ;
;      - message[18][28]~feeder ; 0                 ; 51      ;
;      - message[12][28]~feeder ; 0                 ; 51      ;
;      - message[8][28]~feeder  ; 0                 ; 51      ;
; mem_read_data[29]             ;                   ;         ;
;      - message[17][29]        ; 0                 ; 51      ;
;      - message[0][29]         ; 0                 ; 51      ;
;      - message[2][29]         ; 0                 ; 51      ;
;      - message[6][29]         ; 0                 ; 51      ;
;      - message[7][29]         ; 0                 ; 51      ;
;      - message[8][29]         ; 0                 ; 51      ;
;      - message[9][29]         ; 0                 ; 51      ;
;      - message[11][29]        ; 0                 ; 51      ;
;      - message[12][29]        ; 0                 ; 51      ;
;      - message[14][29]        ; 0                 ; 51      ;
;      - message[5][29]~feeder  ; 0                 ; 51      ;
;      - message[3][29]~feeder  ; 0                 ; 51      ;
;      - message[1][29]~feeder  ; 0                 ; 51      ;
;      - message[15][29]~feeder ; 0                 ; 51      ;
;      - message[10][29]~feeder ; 0                 ; 51      ;
;      - message[4][29]~feeder  ; 0                 ; 51      ;
;      - message[13][29]~feeder ; 0                 ; 51      ;
;      - message[18][29]~feeder ; 0                 ; 51      ;
;      - message[16][29]~feeder ; 0                 ; 51      ;
; mem_read_data[30]             ;                   ;         ;
;      - message[16][30]        ; 0                 ; 51      ;
;      - message[17][30]        ; 0                 ; 51      ;
;      - message[18][30]        ; 0                 ; 51      ;
;      - message[1][30]         ; 0                 ; 51      ;
;      - message[2][30]         ; 0                 ; 51      ;
;      - message[5][30]         ; 0                 ; 51      ;
;      - message[8][30]         ; 0                 ; 51      ;
;      - message[9][30]         ; 0                 ; 51      ;
;      - message[10][30]        ; 0                 ; 51      ;
;      - message[13][30]        ; 0                 ; 51      ;
;      - message[6][30]~feeder  ; 0                 ; 51      ;
;      - message[7][30]~feeder  ; 0                 ; 51      ;
;      - message[15][30]~feeder ; 0                 ; 51      ;
;      - message[14][30]~feeder ; 0                 ; 51      ;
;      - message[0][30]~feeder  ; 0                 ; 51      ;
;      - message[11][30]~feeder ; 0                 ; 51      ;
;      - message[12][30]~feeder ; 0                 ; 51      ;
;      - message[4][30]~feeder  ; 0                 ; 51      ;
;      - message[3][30]~feeder  ; 0                 ; 51      ;
; mem_read_data[31]             ;                   ;         ;
;      - message[16][31]        ; 1                 ; 51      ;
;      - message[18][31]        ; 1                 ; 51      ;
;      - message[15][31]        ; 1                 ; 51      ;
;      - message[0][31]         ; 1                 ; 51      ;
;      - message[1][31]         ; 1                 ; 51      ;
;      - message[4][31]         ; 1                 ; 51      ;
;      - message[6][31]         ; 1                 ; 51      ;
;      - message[7][31]         ; 1                 ; 51      ;
;      - message[8][31]         ; 1                 ; 51      ;
;      - message[9][31]         ; 1                 ; 51      ;
;      - message[11][31]        ; 1                 ; 51      ;
;      - message[12][31]        ; 1                 ; 51      ;
;      - message[13][31]        ; 1                 ; 51      ;
;      - message[14][31]        ; 1                 ; 51      ;
;      - message[3][31]~feeder  ; 1                 ; 51      ;
;      - message[5][31]~feeder  ; 1                 ; 51      ;
;      - message[2][31]~feeder  ; 1                 ; 51      ;
;      - message[10][31]~feeder ; 1                 ; 51      ;
;      - message[17][31]~feeder ; 1                 ; 51      ;
+-------------------------------+-------------------+---------+


+-----------------------------------------------------------------------------------------------------------------------------------------------------------+
; Control Signals                                                                                                                                           ;
+----------------+----------------------+---------+--------------------------+--------+----------------------+------------------+---------------------------+
; Name           ; Location             ; Fan-Out ; Usage                    ; Global ; Global Resource Used ; Global Line Name ; Enable Signal Source Name ;
+----------------+----------------------+---------+--------------------------+--------+----------------------+------------------+---------------------------+
; Decoder0~1     ; MLABCELL_X29_Y18_N28 ; 32      ; Clock enable             ; no     ; --                   ; --               ; --                        ;
; Decoder0~10    ; LABCELL_X35_Y11_N28  ; 32      ; Clock enable             ; no     ; --                   ; --               ; --                        ;
; Decoder0~11    ; LABCELL_X35_Y11_N16  ; 32      ; Clock enable             ; no     ; --                   ; --               ; --                        ;
; Decoder0~13    ; LABCELL_X22_Y4_N38   ; 32      ; Clock enable             ; no     ; --                   ; --               ; --                        ;
; Decoder0~14    ; LABCELL_X22_Y4_N2    ; 32      ; Clock enable             ; no     ; --                   ; --               ; --                        ;
; Decoder0~16    ; LABCELL_X35_Y11_N20  ; 32      ; Clock enable             ; no     ; --                   ; --               ; --                        ;
; Decoder0~17    ; LABCELL_X35_Y11_N26  ; 32      ; Clock enable             ; no     ; --                   ; --               ; --                        ;
; Decoder0~19    ; LABCELL_X35_Y11_N22  ; 32      ; Clock enable             ; no     ; --                   ; --               ; --                        ;
; Decoder0~2     ; MLABCELL_X29_Y18_N32 ; 32      ; Clock enable             ; no     ; --                   ; --               ; --                        ;
; Decoder0~21    ; LABCELL_X35_Y11_N4   ; 32      ; Clock enable             ; no     ; --                   ; --               ; --                        ;
; Decoder0~22    ; LABCELL_X35_Y11_N24  ; 32      ; Clock enable             ; no     ; --                   ; --               ; --                        ;
; Decoder0~23    ; LABCELL_X35_Y11_N6   ; 32      ; Clock enable             ; no     ; --                   ; --               ; --                        ;
; Decoder0~24    ; LABCELL_X22_Y4_N8    ; 32      ; Clock enable             ; no     ; --                   ; --               ; --                        ;
; Decoder0~25    ; LABCELL_X22_Y4_N4    ; 32      ; Clock enable             ; no     ; --                   ; --               ; --                        ;
; Decoder0~4     ; LABCELL_X35_Y11_N38  ; 32      ; Clock enable             ; no     ; --                   ; --               ; --                        ;
; Decoder0~5     ; LABCELL_X35_Y11_N36  ; 32      ; Clock enable             ; no     ; --                   ; --               ; --                        ;
; Decoder0~6     ; LABCELL_X35_Y8_N18   ; 32      ; Clock enable             ; no     ; --                   ; --               ; --                        ;
; Decoder0~7     ; LABCELL_X35_Y8_N20   ; 32      ; Clock enable             ; no     ; --                   ; --               ; --                        ;
; Decoder0~8     ; LABCELL_X35_Y11_N8   ; 32      ; Clock enable             ; no     ; --                   ; --               ; --                        ;
; a[0][31]~1     ; MLABCELL_X29_Y18_N18 ; 256     ; Clock enable             ; no     ; --                   ; --               ; --                        ;
; a[1][31]~2     ; MLABCELL_X29_Y18_N20 ; 1792    ; Clock enable             ; no     ; --                   ; --               ; --                        ;
; a~0            ; LABCELL_X17_Y11_N2   ; 377     ; Sync. clear, Sync. load  ; no     ; --                   ; --               ; --                        ;
; clk            ; PIN_AE15             ; 11706   ; Clock                    ; yes    ; Global Clock         ; GCLK7            ; --                        ;
; cur_addr[2]~0  ; LABCELL_X35_Y8_N8    ; 16      ; Clock enable             ; no     ; --                   ; --               ; --                        ;
; e[0][18]~1     ; LABCELL_X27_Y21_N30  ; 512     ; Sync. load               ; no     ; --                   ; --               ; --                        ;
; fh0[0]~0       ; MLABCELL_X21_Y21_N6  ; 136     ; Clock enable             ; no     ; --                   ; --               ; --                        ;
; h0[1][0]~0     ; MLABCELL_X21_Y21_N38 ; 1808    ; Clock enable             ; no     ; --                   ; --               ; --                        ;
; h0[8][0]~1     ; MLABCELL_X21_Y21_N26 ; 1808    ; Clock enable             ; no     ; --                   ; --               ; --                        ;
; i[4]~0         ; LABCELL_X32_Y8_N8    ; 8       ; Sync. clear              ; no     ; --                   ; --               ; --                        ;
; i[4]~1         ; LABCELL_X32_Y11_N20  ; 8       ; Clock enable             ; no     ; --                   ; --               ; --                        ;
; nonce[3]~0     ; MLABCELL_X26_Y18_N16 ; 5       ; Clock enable             ; no     ; --                   ; --               ; --                        ;
; offset[8]~0    ; LABCELL_X35_Y8_N22   ; 9       ; Sync. clear              ; no     ; --                   ; --               ; --                        ;
; offset[8]~1    ; LABCELL_X35_Y8_N12   ; 16      ; Clock enable             ; no     ; --                   ; --               ; --                        ;
; offset[8]~2    ; MLABCELL_X42_Y4_N16  ; 8       ; Sync. clear              ; no     ; --                   ; --               ; --                        ;
; reset_n        ; PIN_AF15             ; 1890    ; Clock enable             ; no     ; --                   ; --               ; --                        ;
; reset_n        ; PIN_AF15             ; 90      ; Async. clear             ; yes    ; Global Clock         ; GCLK6            ; --                        ;
; state.P1_PREP  ; FF_X35_Y8_N25        ; 264     ; Sync. load               ; no     ; --                   ; --               ; --                        ;
; state.P2_PREP  ; FF_X26_Y18_N21       ; 7518    ; Sync. clear, Sync. load  ; no     ; --                   ; --               ; --                        ;
; state.P3_PREP  ; FF_X21_Y21_N1        ; 5863    ; Sync. clear, Sync. load  ; no     ; --                   ; --               ; --                        ;
; state.P3_RUN   ; FF_X22_Y21_N5        ; 15      ; Sync. clear              ; no     ; --                   ; --               ; --                        ;
; state.READ     ; FF_X35_Y8_N15        ; 38      ; Sync. clear              ; no     ; --                   ; --               ; --                        ;
; state.WRITE    ; FF_X32_Y11_N27       ; 65      ; Clock enable, Sync. load ; no     ; --                   ; --               ; --                        ;
; w[0][15][31]~0 ; MLABCELL_X29_Y18_N4  ; 511     ; Clock enable             ; no     ; --                   ; --               ; --                        ;
; w[1][15][0]~0  ; MLABCELL_X29_Y18_N22 ; 2831    ; Clock enable             ; no     ; --                   ; --               ; --                        ;
; w~1            ; MLABCELL_X37_Y22_N36 ; 2121    ; Sync. clear, Sync. load  ; no     ; --                   ; --               ; --                        ;
+----------------+----------------------+---------+--------------------------+--------+----------------------+------------------+---------------------------+


+-------------------------------------------------------------------------------------------------------------------------------------------+
; Global & Other Fast Signals                                                                                                               ;
+---------+----------+---------+--------------------------------------+----------------------+------------------+---------------------------+
; Name    ; Location ; Fan-Out ; Fan-Out Using Intentional Clock Skew ; Global Resource Used ; Global Line Name ; Enable Signal Source Name ;
+---------+----------+---------+--------------------------------------+----------------------+------------------+---------------------------+
; clk     ; PIN_AE15 ; 11706   ; 1613                                 ; Global Clock         ; GCLK7            ; --                        ;
; reset_n ; PIN_AF15 ; 90      ; 0                                    ; Global Clock         ; GCLK6            ; --                        ;
+---------+----------+---------+--------------------------------------+----------------------+------------------+---------------------------+


+---------------------------------+
; Non-Global High Fan-Out Signals ;
+------------------+--------------+
; Name             ; Fan-Out      ;
+------------------+--------------+
; state.P2_PREP    ; 7518         ;
; state.P3_PREP    ; 5863         ;
; nonce[3]         ; 4104         ;
; w[1][15][0]~0    ; 2831         ;
; w~1              ; 2121         ;
; reset_n~input    ; 1889         ;
; h0[1][0]~0       ; 1808         ;
; h0[8][0]~1       ; 1808         ;
; a[1][31]~2       ; 1792         ;
; i[3]             ; 843          ;
; i[0]             ; 816          ;
; i[1]             ; 791          ;
; i[2]             ; 790          ;
; WideOr590~1      ; 753          ;
; w[0][11][4]~0    ; 753          ;
; w[0][11][4]~1    ; 753          ;
; state.WRITE_PREP ; 518          ;
; e[0][18]~1       ; 512          ;
; w[0][15][31]~0   ; 511          ;
+------------------+--------------+


+---------------------------------------------------------------+
; Routing Usage Summary                                         ;
+-----------------------------------+---------------------------+
; Routing Resource Type             ; Usage                     ;
+-----------------------------------+---------------------------+
; Block interconnects               ; 45,805 / 213,100 ( 21 % ) ;
; C12 interconnects                 ; 2,371 / 7,906 ( 30 % )    ;
; C4 interconnects                  ; 30,554 / 139,240 ( 22 % ) ;
; DIFFIOCLKs                        ; 0 / 8 ( 0 % )             ;
; DQS bus muxes                     ; 0 / 42 ( 0 % )            ;
; DQS-18 I/O buses                  ; 0 / 9 ( 0 % )             ;
; DQS-36 I/O buses                  ; 0 / 3 ( 0 % )             ;
; DQS-9 I/O buses                   ; 0 / 21 ( 0 % )            ;
; DQS-N18 I/O buses                 ; 0 / 4 ( 0 % )             ;
; Direct links                      ; 3,292 / 213,100 ( 2 % )   ;
; Global clocks                     ; 2 / 16 ( 13 % )           ;
; HSSI Block Output Buffers         ; 0 / 3,905 ( 0 % )         ;
; Interquad CMU TXRX PMARX outputs  ; 0 / 4 ( 0 % )             ;
; Interquad CMU TXRX PMATX outputs  ; 0 / 4 ( 0 % )             ;
; Interquad Clock Inputs            ; 0 / 16 ( 0 % )            ;
; Interquad Clock Outputs           ; 0 / 4 ( 0 % )             ;
; Interquad Clocks                  ; 0 / 16 ( 0 % )            ;
; Interquad Global PLL Clock Inputs ; 0 / 12 ( 0 % )            ;
; Interquad Global PLL Clocks       ; 0 / 4 ( 0 % )             ;
; Interquad Quadrant Clock MUXs     ; 0 / 2 ( 0 % )             ;
; Interquad Reference Clock Outputs ; 0 / 2 ( 0 % )             ;
; Interquad TXRX Clock Feedbacks    ; 0 / 4 ( 0 % )             ;
; Interquad TXRX Clocks             ; 0 / 32 ( 0 % )            ;
; Interquad TXRX PCLK controls      ; 0 / 42 ( 0 % )            ;
; Interquad TXRX PCSRX outputs      ; 0 / 8 ( 0 % )             ;
; Interquad TXRX PCSTX outputs      ; 0 / 8 ( 0 % )             ;
; Interquad TXRX PMARX outputs      ; 0 / 8 ( 0 % )             ;
; Interquad TXRX PMATX outputs      ; 0 / 8 ( 0 % )             ;
; Local interconnects               ; 8,418 / 50,600 ( 17 % )   ;
; NDQS bus muxes                    ; 0 / 42 ( 0 % )            ;
; NDQS-18 I/O buses                 ; 0 / 9 ( 0 % )             ;
; NDQS-36 I/O buses                 ; 0 / 3 ( 0 % )             ;
; NDQS-9 I/O buses                  ; 0 / 21 ( 0 % )            ;
; NDQS-N18 I/O buses                ; 0 / 4 ( 0 % )             ;
; PLL_RX_TX_LOAD_ENABLEs            ; 0 / 8 ( 0 % )             ;
; PLL_RX_TX_SCLOCKs                 ; 0 / 8 ( 0 % )             ;
; Periphery clocks                  ; 0 / 50 ( 0 % )            ;
; Quadrant clocks                   ; 0 / 48 ( 0 % )            ;
; R20 interconnects                 ; 1,699 / 8,690 ( 20 % )    ;
; R20/C12 interconnect drivers      ; 3,670 / 12,980 ( 28 % )   ;
; R4 interconnects                  ; 54,835 / 235,620 ( 23 % ) ;
; Spine clocks                      ; 8 / 104 ( 8 % )           ;
+-----------------------------------+---------------------------+


+-------------------------------------------------------------------+
; LAB Logic Elements                                                ;
+----------------------------------+--------------------------------+
; Number of ALMs  (Average = 8.42) ; Number of LABs  (Total = 1563) ;
+----------------------------------+--------------------------------+
; 1                                ; 40                             ;
; 2                                ; 35                             ;
; 3                                ; 44                             ;
; 4                                ; 56                             ;
; 5                                ; 59                             ;
; 6                                ; 77                             ;
; 7                                ; 79                             ;
; 8                                ; 111                            ;
; 9                                ; 124                            ;
; 10                               ; 938                            ;
+----------------------------------+--------------------------------+


+---------------------------------------------------------------------+
; LAB-wide Signals                                                    ;
+------------------------------------+--------------------------------+
; LAB-wide Signals  (Average = 2.55) ; Number of LABs  (Total = 1563) ;
+------------------------------------+--------------------------------+
; 1 Async. clear                     ; 36                             ;
; 1 Clock                            ; 1413                           ;
; 1 Clock enable                     ; 758                            ;
; 1 Sync. clear                      ; 548                            ;
; 1 Sync. load                       ; 613                            ;
; 2 Clock enables                    ; 448                            ;
; 3 Clock enables                    ; 165                            ;
+------------------------------------+--------------------------------+


+-------------------------------------------------------------------------------+
; LAB Signals Sourced                                                           ;
+----------------------------------------------+--------------------------------+
; Number of Signals Sourced  (Average = 16.72) ; Number of LABs  (Total = 1563) ;
+----------------------------------------------+--------------------------------+
; 0                                            ; 45                             ;
; 1                                            ; 31                             ;
; 2                                            ; 56                             ;
; 3                                            ; 22                             ;
; 4                                            ; 48                             ;
; 5                                            ; 34                             ;
; 6                                            ; 53                             ;
; 7                                            ; 33                             ;
; 8                                            ; 66                             ;
; 9                                            ; 35                             ;
; 10                                           ; 45                             ;
; 11                                           ; 25                             ;
; 12                                           ; 38                             ;
; 13                                           ; 41                             ;
; 14                                           ; 51                             ;
; 15                                           ; 38                             ;
; 16                                           ; 75                             ;
; 17                                           ; 56                             ;
; 18                                           ; 50                             ;
; 19                                           ; 44                             ;
; 20                                           ; 81                             ;
; 21                                           ; 52                             ;
; 22                                           ; 78                             ;
; 23                                           ; 57                             ;
; 24                                           ; 62                             ;
; 25                                           ; 68                             ;
; 26                                           ; 42                             ;
; 27                                           ; 35                             ;
; 28                                           ; 46                             ;
; 29                                           ; 30                             ;
; 30                                           ; 32                             ;
; 31                                           ; 16                             ;
; 32                                           ; 19                             ;
; 33                                           ; 11                             ;
; 34                                           ; 13                             ;
; 35                                           ; 9                              ;
; 36                                           ; 10                             ;
; 37                                           ; 3                              ;
; 38                                           ; 5                              ;
; 39                                           ; 3                              ;
; 40                                           ; 5                              ;
+----------------------------------------------+--------------------------------+


+----------------------------------------------------------------------------------+
; LAB Signals Sourced Out                                                          ;
+-------------------------------------------------+--------------------------------+
; Number of Signals Sourced Out  (Average = 8.61) ; Number of LABs  (Total = 1563) ;
+-------------------------------------------------+--------------------------------+
; 0                                               ; 71                             ;
; 1                                               ; 72                             ;
; 2                                               ; 83                             ;
; 3                                               ; 66                             ;
; 4                                               ; 108                            ;
; 5                                               ; 81                             ;
; 6                                               ; 90                             ;
; 7                                               ; 107                            ;
; 8                                               ; 122                            ;
; 9                                               ; 87                             ;
; 10                                              ; 111                            ;
; 11                                              ; 77                             ;
; 12                                              ; 127                            ;
; 13                                              ; 80                             ;
; 14                                              ; 64                             ;
; 15                                              ; 58                             ;
; 16                                              ; 56                             ;
; 17                                              ; 24                             ;
; 18                                              ; 20                             ;
; 19                                              ; 23                             ;
; 20                                              ; 24                             ;
; 21                                              ; 4                              ;
; 22                                              ; 3                              ;
; 23                                              ; 2                              ;
; 24                                              ; 2                              ;
; 25                                              ; 0                              ;
; 26                                              ; 0                              ;
; 27                                              ; 1                              ;
+-------------------------------------------------+--------------------------------+


+-------------------------------------------------------------------------------+
; LAB Distinct Inputs                                                           ;
+----------------------------------------------+--------------------------------+
; Number of Distinct Inputs  (Average = 28.12) ; Number of LABs  (Total = 1563) ;
+----------------------------------------------+--------------------------------+
; 0                                            ; 0                              ;
; 1                                            ; 0                              ;
; 2                                            ; 1                              ;
; 3                                            ; 5                              ;
; 4                                            ; 4                              ;
; 5                                            ; 13                             ;
; 6                                            ; 10                             ;
; 7                                            ; 13                             ;
; 8                                            ; 29                             ;
; 9                                            ; 14                             ;
; 10                                           ; 25                             ;
; 11                                           ; 34                             ;
; 12                                           ; 34                             ;
; 13                                           ; 36                             ;
; 14                                           ; 44                             ;
; 15                                           ; 32                             ;
; 16                                           ; 38                             ;
; 17                                           ; 36                             ;
; 18                                           ; 51                             ;
; 19                                           ; 49                             ;
; 20                                           ; 35                             ;
; 21                                           ; 44                             ;
; 22                                           ; 38                             ;
; 23                                           ; 50                             ;
; 24                                           ; 32                             ;
; 25                                           ; 33                             ;
; 26                                           ; 30                             ;
; 27                                           ; 40                             ;
; 28                                           ; 39                             ;
; 29                                           ; 42                             ;
; 30                                           ; 22                             ;
; 31                                           ; 38                             ;
; 32                                           ; 22                             ;
; 33                                           ; 25                             ;
; 34                                           ; 36                             ;
; 35                                           ; 25                             ;
; 36                                           ; 19                             ;
; 37                                           ; 27                             ;
; 38                                           ; 35                             ;
; 39                                           ; 37                             ;
; 40                                           ; 69                             ;
; 41                                           ; 60                             ;
; 42                                           ; 34                             ;
; 43                                           ; 47                             ;
; 44                                           ; 83                             ;
; 45                                           ; 71                             ;
; 46                                           ; 39                             ;
; 47                                           ; 23                             ;
+----------------------------------------------+--------------------------------+


+------------------------------------------+
; I/O Rules Summary                        ;
+----------------------------------+-------+
; I/O Rules Statistic              ; Total ;
+----------------------------------+-------+
; Total I/O Rules                  ; 28    ;
; Number of I/O Rules Passed       ; 6     ;
; Number of I/O Rules Failed       ; 0     ;
; Number of I/O Rules Unchecked    ; 0     ;
; Number of I/O Rules Inapplicable ; 22    ;
+----------------------------------+-------+


+-----------------------------------------------------------------------------------------------------------------------------------------------------------------------------------------------------------------------------------------------------------------------------------+
; I/O Rules Details                                                                                                                                                                                                                                                                 ;
+--------------+-----------+-----------------------------------+------------------------------------------------------------------------------------+----------+--------------------------------------------------------------------------+---------------------+-------------------+
; Status       ; ID        ; Category                          ; Rule Description                                                                   ; Severity ; Information                                                              ; Area                ; Extra Information ;
+--------------+-----------+-----------------------------------+------------------------------------------------------------------------------------+----------+--------------------------------------------------------------------------+---------------------+-------------------+
; Inapplicable ; IO_000001 ; Capacity Checks                   ; Number of pins in an I/O bank should not exceed the number of locations available. ; Critical ; No Location assignments found.                                           ; I/O                 ;                   ;
; Inapplicable ; IO_000002 ; Capacity Checks                   ; Number of clocks in an I/O bank should not exceed the number of clocks available.  ; Critical ; No Global Signal assignments found.                                      ; I/O                 ;                   ;
; Inapplicable ; IO_000003 ; Capacity Checks                   ; Number of pins in a Vrefgroup should not exceed the number of locations available. ; Critical ; No Location assignments found.                                           ; I/O                 ;                   ;
; Inapplicable ; IO_000004 ; Voltage Compatibility Checks      ; The I/O bank should support the requested VCCIO.                                   ; Critical ; No IOBANK_VCCIO assignments found.                                       ; I/O                 ;                   ;
; Inapplicable ; IO_000005 ; Voltage Compatibility Checks      ; The I/O bank should not have competing VREF values.                                ; Critical ; No VREF I/O Standard assignments found.                                  ; I/O                 ;                   ;
; Pass         ; IO_000006 ; Voltage Compatibility Checks      ; The I/O bank should not have competing VCCIO values.                               ; Critical ; 0 such failures found.                                                   ; I/O                 ;                   ;
; Inapplicable ; IO_000007 ; Valid Location Checks             ; Checks for unavailable locations.                                                  ; Critical ; No Location assignments found.                                           ; I/O                 ;                   ;
; Inapplicable ; IO_000008 ; Valid Location Checks             ; Checks for reserved locations.                                                     ; Critical ; No reserved LogicLock region found.                                      ; I/O                 ;                   ;
; Pass         ; IO_000009 ; I/O Properties Checks for One I/O ; The location should support the requested I/O standard.                            ; Critical ; 0 such failures found.                                                   ; I/O                 ;                   ;
; Pass         ; IO_000010 ; I/O Properties Checks for One I/O ; The location should support the requested I/O direction.                           ; Critical ; 0 such failures found.                                                   ; I/O                 ;                   ;
; Inapplicable ; IO_000011 ; I/O Properties Checks for One I/O ; The location should support the requested Current Strength.                        ; Critical ; No Current Strength assignments found.                                   ; I/O                 ;                   ;
; Pass         ; IO_000012 ; I/O Properties Checks for One I/O ; The location should support the requested On Chip Termination value.               ; Critical ; 0 such failures found.                                                   ; I/O                 ;                   ;
; Inapplicable ; IO_000013 ; I/O Properties Checks for One I/O ; The location should support the requested Bus Hold value.                          ; Critical ; No Enable Bus-Hold Circuitry assignments found.                          ; I/O                 ;                   ;
; Inapplicable ; IO_000014 ; I/O Properties Checks for One I/O ; The location should support the requested Weak Pull Up value.                      ; Critical ; No Weak Pull-Up Resistor assignments found.                              ; I/O                 ;                   ;
; Inapplicable ; IO_000015 ; I/O Properties Checks for One I/O ; The location should support the requested PCI Clamp Diode.                         ; Critical ; No Clamping Diode assignments found.                                     ; I/O                 ;                   ;
; Inapplicable ; IO_000018 ; I/O Properties Checks for One I/O ; The I/O standard should support the requested Current Strength.                    ; Critical ; No Current Strength assignments found.                                   ; I/O                 ;                   ;
; Pass         ; IO_000019 ; I/O Properties Checks for One I/O ; The I/O standard should support the requested On Chip Termination value.           ; Critical ; 0 such failures found.                                                   ; I/O                 ;                   ;
; Inapplicable ; IO_000020 ; I/O Properties Checks for One I/O ; The I/O standard should support the requested PCI Clamp Diode.                     ; Critical ; No Clamping Diode assignments found.                                     ; I/O                 ;                   ;
; Inapplicable ; IO_000021 ; I/O Properties Checks for One I/O ; The I/O standard should support the requested Weak Pull Up value.                  ; Critical ; No Weak Pull-Up Resistor assignments found.                              ; I/O                 ;                   ;
; Inapplicable ; IO_000022 ; I/O Properties Checks for One I/O ; The I/O standard should support the requested Bus Hold value.                      ; Critical ; No Enable Bus-Hold Circuitry assignments found.                          ; I/O                 ;                   ;
; Inapplicable ; IO_000023 ; I/O Properties Checks for One I/O ; The I/O standard should support the Open Drain value.                              ; Critical ; No open drain assignments found.                                         ; I/O                 ;                   ;
; Pass         ; IO_000024 ; I/O Properties Checks for One I/O ; The I/O direction should support the On Chip Termination value.                    ; Critical ; 0 such failures found.                                                   ; I/O                 ;                   ;
; Inapplicable ; IO_000026 ; I/O Properties Checks for One I/O ; On Chip Termination and Current Strength should not be used at the same time.      ; Critical ; No Current Strength assignments found.                                   ; I/O                 ;                   ;
; Inapplicable ; IO_000027 ; I/O Properties Checks for One I/O ; Weak Pull Up and Bus Hold should not be used at the same time.                     ; Critical ; No Enable Bus-Hold Circuitry or Weak Pull-Up Resistor assignments found. ; I/O                 ;                   ;
; Inapplicable ; IO_000045 ; I/O Properties Checks for One I/O ; The I/O standard should support the requested Slew Rate value.                     ; Critical ; No Slew Rate assignments found.                                          ; I/O                 ;                   ;
; Inapplicable ; IO_000046 ; I/O Properties Checks for One I/O ; The location should support the requested Slew Rate value.                         ; Critical ; No Slew Rate assignments found.                                          ; I/O                 ;                   ;
; Inapplicable ; IO_000047 ; I/O Properties Checks for One I/O ; On Chip Termination and Slew Rate should not be used at the same time.             ; Critical ; No Slew Rate assignments found.                                          ; I/O                 ;                   ;
; Inapplicable ; IO_000034 ; SI Related Distance Checks        ; Single-ended outputs should be 1 LAB row(s) away from a differential I/O.          ; High     ; No Differential I/O Standard assignments found.                          ; I/O                 ;                   ;
; ----         ; ----      ; Disclaimer                        ; OCT rules are checked but not reported.                                            ; None     ; ----                                                                     ; On Chip Termination ;                   ;
+--------------+-----------+-----------------------------------+------------------------------------------------------------------------------------+----------+--------------------------------------------------------------------------+---------------------+-------------------+


+-----------------------------------------------------------------------------------------------------------------------------------------------------------------------------------------------------------------------------------------------------------------------------------------------------------------------------------------------------------------------------------------------------------------------------------------------+
; I/O Rules Matrix                                                                                                                                                                                                                                                                                                                                                                                                                              ;
+--------------------+--------------+--------------+--------------+--------------+--------------+-----------+--------------+--------------+-----------+-----------+--------------+--------------+--------------+--------------+--------------+--------------+--------------+--------------+--------------+--------------+--------------+--------------+--------------+--------------+--------------+--------------+--------------+--------------+
; Pin/Rules          ; IO_000001    ; IO_000002    ; IO_000003    ; IO_000004    ; IO_000005    ; IO_000006 ; IO_000007    ; IO_000008    ; IO_000009 ; IO_000010 ; IO_000011    ; IO_000012    ; IO_000013    ; IO_000014    ; IO_000015    ; IO_000018    ; IO_000019    ; IO_000020    ; IO_000021    ; IO_000022    ; IO_000023    ; IO_000024    ; IO_000026    ; IO_000027    ; IO_000045    ; IO_000046    ; IO_000047    ; IO_000034    ;
+--------------------+--------------+--------------+--------------+--------------+--------------+-----------+--------------+--------------+-----------+-----------+--------------+--------------+--------------+--------------+--------------+--------------+--------------+--------------+--------------+--------------+--------------+--------------+--------------+--------------+--------------+--------------+--------------+--------------+
; Total Pass         ; 0            ; 0            ; 0            ; 0            ; 0            ; 118       ; 0            ; 0            ; 118       ; 118       ; 0            ; 51           ; 0            ; 0            ; 0            ; 0            ; 51           ; 0            ; 0            ; 0            ; 0            ; 51           ; 0            ; 0            ; 0            ; 0            ; 0            ; 0            ;
; Total Unchecked    ; 0            ; 0            ; 0            ; 0            ; 0            ; 0         ; 0            ; 0            ; 0         ; 0         ; 0            ; 0            ; 0            ; 0            ; 0            ; 0            ; 0            ; 0            ; 0            ; 0            ; 0            ; 0            ; 0            ; 0            ; 0            ; 0            ; 0            ; 0            ;
; Total Inapplicable ; 118          ; 118          ; 118          ; 118          ; 118          ; 0         ; 118          ; 118          ; 0         ; 0         ; 118          ; 67           ; 118          ; 118          ; 118          ; 118          ; 67           ; 118          ; 118          ; 118          ; 118          ; 67           ; 118          ; 118          ; 118          ; 118          ; 118          ; 118          ;
; Total Fail         ; 0            ; 0            ; 0            ; 0            ; 0            ; 0         ; 0            ; 0            ; 0         ; 0         ; 0            ; 0            ; 0            ; 0            ; 0            ; 0            ; 0            ; 0            ; 0            ; 0            ; 0            ; 0            ; 0            ; 0            ; 0            ; 0            ; 0            ; 0            ;
; done               ; Inapplicable ; Inapplicable ; Inapplicable ; Inapplicable ; Inapplicable ; Pass      ; Inapplicable ; Inapplicable ; Pass      ; Pass      ; Inapplicable ; Pass         ; Inapplicable ; Inapplicable ; Inapplicable ; Inapplicable ; Pass         ; Inapplicable ; Inapplicable ; Inapplicable ; Inapplicable ; Pass         ; Inapplicable ; Inapplicable ; Inapplicable ; Inapplicable ; Inapplicable ; Inapplicable ;
; mem_clk            ; Inapplicable ; Inapplicable ; Inapplicable ; Inapplicable ; Inapplicable ; Pass      ; Inapplicable ; Inapplicable ; Pass      ; Pass      ; Inapplicable ; Pass         ; Inapplicable ; Inapplicable ; Inapplicable ; Inapplicable ; Pass         ; Inapplicable ; Inapplicable ; Inapplicable ; Inapplicable ; Pass         ; Inapplicable ; Inapplicable ; Inapplicable ; Inapplicable ; Inapplicable ; Inapplicable ;
; mem_we             ; Inapplicable ; Inapplicable ; Inapplicable ; Inapplicable ; Inapplicable ; Pass      ; Inapplicable ; Inapplicable ; Pass      ; Pass      ; Inapplicable ; Pass         ; Inapplicable ; Inapplicable ; Inapplicable ; Inapplicable ; Pass         ; Inapplicable ; Inapplicable ; Inapplicable ; Inapplicable ; Pass         ; Inapplicable ; Inapplicable ; Inapplicable ; Inapplicable ; Inapplicable ; Inapplicable ;
; mem_addr[0]        ; Inapplicable ; Inapplicable ; Inapplicable ; Inapplicable ; Inapplicable ; Pass      ; Inapplicable ; Inapplicable ; Pass      ; Pass      ; Inapplicable ; Pass         ; Inapplicable ; Inapplicable ; Inapplicable ; Inapplicable ; Pass         ; Inapplicable ; Inapplicable ; Inapplicable ; Inapplicable ; Pass         ; Inapplicable ; Inapplicable ; Inapplicable ; Inapplicable ; Inapplicable ; Inapplicable ;
; mem_addr[1]        ; Inapplicable ; Inapplicable ; Inapplicable ; Inapplicable ; Inapplicable ; Pass      ; Inapplicable ; Inapplicable ; Pass      ; Pass      ; Inapplicable ; Pass         ; Inapplicable ; Inapplicable ; Inapplicable ; Inapplicable ; Pass         ; Inapplicable ; Inapplicable ; Inapplicable ; Inapplicable ; Pass         ; Inapplicable ; Inapplicable ; Inapplicable ; Inapplicable ; Inapplicable ; Inapplicable ;
; mem_addr[2]        ; Inapplicable ; Inapplicable ; Inapplicable ; Inapplicable ; Inapplicable ; Pass      ; Inapplicable ; Inapplicable ; Pass      ; Pass      ; Inapplicable ; Pass         ; Inapplicable ; Inapplicable ; Inapplicable ; Inapplicable ; Pass         ; Inapplicable ; Inapplicable ; Inapplicable ; Inapplicable ; Pass         ; Inapplicable ; Inapplicable ; Inapplicable ; Inapplicable ; Inapplicable ; Inapplicable ;
; mem_addr[3]        ; Inapplicable ; Inapplicable ; Inapplicable ; Inapplicable ; Inapplicable ; Pass      ; Inapplicable ; Inapplicable ; Pass      ; Pass      ; Inapplicable ; Pass         ; Inapplicable ; Inapplicable ; Inapplicable ; Inapplicable ; Pass         ; Inapplicable ; Inapplicable ; Inapplicable ; Inapplicable ; Pass         ; Inapplicable ; Inapplicable ; Inapplicable ; Inapplicable ; Inapplicable ; Inapplicable ;
; mem_addr[4]        ; Inapplicable ; Inapplicable ; Inapplicable ; Inapplicable ; Inapplicable ; Pass      ; Inapplicable ; Inapplicable ; Pass      ; Pass      ; Inapplicable ; Pass         ; Inapplicable ; Inapplicable ; Inapplicable ; Inapplicable ; Pass         ; Inapplicable ; Inapplicable ; Inapplicable ; Inapplicable ; Pass         ; Inapplicable ; Inapplicable ; Inapplicable ; Inapplicable ; Inapplicable ; Inapplicable ;
; mem_addr[5]        ; Inapplicable ; Inapplicable ; Inapplicable ; Inapplicable ; Inapplicable ; Pass      ; Inapplicable ; Inapplicable ; Pass      ; Pass      ; Inapplicable ; Pass         ; Inapplicable ; Inapplicable ; Inapplicable ; Inapplicable ; Pass         ; Inapplicable ; Inapplicable ; Inapplicable ; Inapplicable ; Pass         ; Inapplicable ; Inapplicable ; Inapplicable ; Inapplicable ; Inapplicable ; Inapplicable ;
; mem_addr[6]        ; Inapplicable ; Inapplicable ; Inapplicable ; Inapplicable ; Inapplicable ; Pass      ; Inapplicable ; Inapplicable ; Pass      ; Pass      ; Inapplicable ; Pass         ; Inapplicable ; Inapplicable ; Inapplicable ; Inapplicable ; Pass         ; Inapplicable ; Inapplicable ; Inapplicable ; Inapplicable ; Pass         ; Inapplicable ; Inapplicable ; Inapplicable ; Inapplicable ; Inapplicable ; Inapplicable ;
; mem_addr[7]        ; Inapplicable ; Inapplicable ; Inapplicable ; Inapplicable ; Inapplicable ; Pass      ; Inapplicable ; Inapplicable ; Pass      ; Pass      ; Inapplicable ; Pass         ; Inapplicable ; Inapplicable ; Inapplicable ; Inapplicable ; Pass         ; Inapplicable ; Inapplicable ; Inapplicable ; Inapplicable ; Pass         ; Inapplicable ; Inapplicable ; Inapplicable ; Inapplicable ; Inapplicable ; Inapplicable ;
; mem_addr[8]        ; Inapplicable ; Inapplicable ; Inapplicable ; Inapplicable ; Inapplicable ; Pass      ; Inapplicable ; Inapplicable ; Pass      ; Pass      ; Inapplicable ; Pass         ; Inapplicable ; Inapplicable ; Inapplicable ; Inapplicable ; Pass         ; Inapplicable ; Inapplicable ; Inapplicable ; Inapplicable ; Pass         ; Inapplicable ; Inapplicable ; Inapplicable ; Inapplicable ; Inapplicable ; Inapplicable ;
; mem_addr[9]        ; Inapplicable ; Inapplicable ; Inapplicable ; Inapplicable ; Inapplicable ; Pass      ; Inapplicable ; Inapplicable ; Pass      ; Pass      ; Inapplicable ; Pass         ; Inapplicable ; Inapplicable ; Inapplicable ; Inapplicable ; Pass         ; Inapplicable ; Inapplicable ; Inapplicable ; Inapplicable ; Pass         ; Inapplicable ; Inapplicable ; Inapplicable ; Inapplicable ; Inapplicable ; Inapplicable ;
; mem_addr[10]       ; Inapplicable ; Inapplicable ; Inapplicable ; Inapplicable ; Inapplicable ; Pass      ; Inapplicable ; Inapplicable ; Pass      ; Pass      ; Inapplicable ; Pass         ; Inapplicable ; Inapplicable ; Inapplicable ; Inapplicable ; Pass         ; Inapplicable ; Inapplicable ; Inapplicable ; Inapplicable ; Pass         ; Inapplicable ; Inapplicable ; Inapplicable ; Inapplicable ; Inapplicable ; Inapplicable ;
; mem_addr[11]       ; Inapplicable ; Inapplicable ; Inapplicable ; Inapplicable ; Inapplicable ; Pass      ; Inapplicable ; Inapplicable ; Pass      ; Pass      ; Inapplicable ; Pass         ; Inapplicable ; Inapplicable ; Inapplicable ; Inapplicable ; Pass         ; Inapplicable ; Inapplicable ; Inapplicable ; Inapplicable ; Pass         ; Inapplicable ; Inapplicable ; Inapplicable ; Inapplicable ; Inapplicable ; Inapplicable ;
; mem_addr[12]       ; Inapplicable ; Inapplicable ; Inapplicable ; Inapplicable ; Inapplicable ; Pass      ; Inapplicable ; Inapplicable ; Pass      ; Pass      ; Inapplicable ; Pass         ; Inapplicable ; Inapplicable ; Inapplicable ; Inapplicable ; Pass         ; Inapplicable ; Inapplicable ; Inapplicable ; Inapplicable ; Pass         ; Inapplicable ; Inapplicable ; Inapplicable ; Inapplicable ; Inapplicable ; Inapplicable ;
; mem_addr[13]       ; Inapplicable ; Inapplicable ; Inapplicable ; Inapplicable ; Inapplicable ; Pass      ; Inapplicable ; Inapplicable ; Pass      ; Pass      ; Inapplicable ; Pass         ; Inapplicable ; Inapplicable ; Inapplicable ; Inapplicable ; Pass         ; Inapplicable ; Inapplicable ; Inapplicable ; Inapplicable ; Pass         ; Inapplicable ; Inapplicable ; Inapplicable ; Inapplicable ; Inapplicable ; Inapplicable ;
; mem_addr[14]       ; Inapplicable ; Inapplicable ; Inapplicable ; Inapplicable ; Inapplicable ; Pass      ; Inapplicable ; Inapplicable ; Pass      ; Pass      ; Inapplicable ; Pass         ; Inapplicable ; Inapplicable ; Inapplicable ; Inapplicable ; Pass         ; Inapplicable ; Inapplicable ; Inapplicable ; Inapplicable ; Pass         ; Inapplicable ; Inapplicable ; Inapplicable ; Inapplicable ; Inapplicable ; Inapplicable ;
; mem_addr[15]       ; Inapplicable ; Inapplicable ; Inapplicable ; Inapplicable ; Inapplicable ; Pass      ; Inapplicable ; Inapplicable ; Pass      ; Pass      ; Inapplicable ; Pass         ; Inapplicable ; Inapplicable ; Inapplicable ; Inapplicable ; Pass         ; Inapplicable ; Inapplicable ; Inapplicable ; Inapplicable ; Pass         ; Inapplicable ; Inapplicable ; Inapplicable ; Inapplicable ; Inapplicable ; Inapplicable ;
; mem_write_data[0]  ; Inapplicable ; Inapplicable ; Inapplicable ; Inapplicable ; Inapplicable ; Pass      ; Inapplicable ; Inapplicable ; Pass      ; Pass      ; Inapplicable ; Pass         ; Inapplicable ; Inapplicable ; Inapplicable ; Inapplicable ; Pass         ; Inapplicable ; Inapplicable ; Inapplicable ; Inapplicable ; Pass         ; Inapplicable ; Inapplicable ; Inapplicable ; Inapplicable ; Inapplicable ; Inapplicable ;
; mem_write_data[1]  ; Inapplicable ; Inapplicable ; Inapplicable ; Inapplicable ; Inapplicable ; Pass      ; Inapplicable ; Inapplicable ; Pass      ; Pass      ; Inapplicable ; Pass         ; Inapplicable ; Inapplicable ; Inapplicable ; Inapplicable ; Pass         ; Inapplicable ; Inapplicable ; Inapplicable ; Inapplicable ; Pass         ; Inapplicable ; Inapplicable ; Inapplicable ; Inapplicable ; Inapplicable ; Inapplicable ;
; mem_write_data[2]  ; Inapplicable ; Inapplicable ; Inapplicable ; Inapplicable ; Inapplicable ; Pass      ; Inapplicable ; Inapplicable ; Pass      ; Pass      ; Inapplicable ; Pass         ; Inapplicable ; Inapplicable ; Inapplicable ; Inapplicable ; Pass         ; Inapplicable ; Inapplicable ; Inapplicable ; Inapplicable ; Pass         ; Inapplicable ; Inapplicable ; Inapplicable ; Inapplicable ; Inapplicable ; Inapplicable ;
; mem_write_data[3]  ; Inapplicable ; Inapplicable ; Inapplicable ; Inapplicable ; Inapplicable ; Pass      ; Inapplicable ; Inapplicable ; Pass      ; Pass      ; Inapplicable ; Pass         ; Inapplicable ; Inapplicable ; Inapplicable ; Inapplicable ; Pass         ; Inapplicable ; Inapplicable ; Inapplicable ; Inapplicable ; Pass         ; Inapplicable ; Inapplicable ; Inapplicable ; Inapplicable ; Inapplicable ; Inapplicable ;
; mem_write_data[4]  ; Inapplicable ; Inapplicable ; Inapplicable ; Inapplicable ; Inapplicable ; Pass      ; Inapplicable ; Inapplicable ; Pass      ; Pass      ; Inapplicable ; Pass         ; Inapplicable ; Inapplicable ; Inapplicable ; Inapplicable ; Pass         ; Inapplicable ; Inapplicable ; Inapplicable ; Inapplicable ; Pass         ; Inapplicable ; Inapplicable ; Inapplicable ; Inapplicable ; Inapplicable ; Inapplicable ;
; mem_write_data[5]  ; Inapplicable ; Inapplicable ; Inapplicable ; Inapplicable ; Inapplicable ; Pass      ; Inapplicable ; Inapplicable ; Pass      ; Pass      ; Inapplicable ; Pass         ; Inapplicable ; Inapplicable ; Inapplicable ; Inapplicable ; Pass         ; Inapplicable ; Inapplicable ; Inapplicable ; Inapplicable ; Pass         ; Inapplicable ; Inapplicable ; Inapplicable ; Inapplicable ; Inapplicable ; Inapplicable ;
; mem_write_data[6]  ; Inapplicable ; Inapplicable ; Inapplicable ; Inapplicable ; Inapplicable ; Pass      ; Inapplicable ; Inapplicable ; Pass      ; Pass      ; Inapplicable ; Pass         ; Inapplicable ; Inapplicable ; Inapplicable ; Inapplicable ; Pass         ; Inapplicable ; Inapplicable ; Inapplicable ; Inapplicable ; Pass         ; Inapplicable ; Inapplicable ; Inapplicable ; Inapplicable ; Inapplicable ; Inapplicable ;
; mem_write_data[7]  ; Inapplicable ; Inapplicable ; Inapplicable ; Inapplicable ; Inapplicable ; Pass      ; Inapplicable ; Inapplicable ; Pass      ; Pass      ; Inapplicable ; Pass         ; Inapplicable ; Inapplicable ; Inapplicable ; Inapplicable ; Pass         ; Inapplicable ; Inapplicable ; Inapplicable ; Inapplicable ; Pass         ; Inapplicable ; Inapplicable ; Inapplicable ; Inapplicable ; Inapplicable ; Inapplicable ;
; mem_write_data[8]  ; Inapplicable ; Inapplicable ; Inapplicable ; Inapplicable ; Inapplicable ; Pass      ; Inapplicable ; Inapplicable ; Pass      ; Pass      ; Inapplicable ; Pass         ; Inapplicable ; Inapplicable ; Inapplicable ; Inapplicable ; Pass         ; Inapplicable ; Inapplicable ; Inapplicable ; Inapplicable ; Pass         ; Inapplicable ; Inapplicable ; Inapplicable ; Inapplicable ; Inapplicable ; Inapplicable ;
; mem_write_data[9]  ; Inapplicable ; Inapplicable ; Inapplicable ; Inapplicable ; Inapplicable ; Pass      ; Inapplicable ; Inapplicable ; Pass      ; Pass      ; Inapplicable ; Pass         ; Inapplicable ; Inapplicable ; Inapplicable ; Inapplicable ; Pass         ; Inapplicable ; Inapplicable ; Inapplicable ; Inapplicable ; Pass         ; Inapplicable ; Inapplicable ; Inapplicable ; Inapplicable ; Inapplicable ; Inapplicable ;
; mem_write_data[10] ; Inapplicable ; Inapplicable ; Inapplicable ; Inapplicable ; Inapplicable ; Pass      ; Inapplicable ; Inapplicable ; Pass      ; Pass      ; Inapplicable ; Pass         ; Inapplicable ; Inapplicable ; Inapplicable ; Inapplicable ; Pass         ; Inapplicable ; Inapplicable ; Inapplicable ; Inapplicable ; Pass         ; Inapplicable ; Inapplicable ; Inapplicable ; Inapplicable ; Inapplicable ; Inapplicable ;
; mem_write_data[11] ; Inapplicable ; Inapplicable ; Inapplicable ; Inapplicable ; Inapplicable ; Pass      ; Inapplicable ; Inapplicable ; Pass      ; Pass      ; Inapplicable ; Pass         ; Inapplicable ; Inapplicable ; Inapplicable ; Inapplicable ; Pass         ; Inapplicable ; Inapplicable ; Inapplicable ; Inapplicable ; Pass         ; Inapplicable ; Inapplicable ; Inapplicable ; Inapplicable ; Inapplicable ; Inapplicable ;
; mem_write_data[12] ; Inapplicable ; Inapplicable ; Inapplicable ; Inapplicable ; Inapplicable ; Pass      ; Inapplicable ; Inapplicable ; Pass      ; Pass      ; Inapplicable ; Pass         ; Inapplicable ; Inapplicable ; Inapplicable ; Inapplicable ; Pass         ; Inapplicable ; Inapplicable ; Inapplicable ; Inapplicable ; Pass         ; Inapplicable ; Inapplicable ; Inapplicable ; Inapplicable ; Inapplicable ; Inapplicable ;
; mem_write_data[13] ; Inapplicable ; Inapplicable ; Inapplicable ; Inapplicable ; Inapplicable ; Pass      ; Inapplicable ; Inapplicable ; Pass      ; Pass      ; Inapplicable ; Pass         ; Inapplicable ; Inapplicable ; Inapplicable ; Inapplicable ; Pass         ; Inapplicable ; Inapplicable ; Inapplicable ; Inapplicable ; Pass         ; Inapplicable ; Inapplicable ; Inapplicable ; Inapplicable ; Inapplicable ; Inapplicable ;
; mem_write_data[14] ; Inapplicable ; Inapplicable ; Inapplicable ; Inapplicable ; Inapplicable ; Pass      ; Inapplicable ; Inapplicable ; Pass      ; Pass      ; Inapplicable ; Pass         ; Inapplicable ; Inapplicable ; Inapplicable ; Inapplicable ; Pass         ; Inapplicable ; Inapplicable ; Inapplicable ; Inapplicable ; Pass         ; Inapplicable ; Inapplicable ; Inapplicable ; Inapplicable ; Inapplicable ; Inapplicable ;
; mem_write_data[15] ; Inapplicable ; Inapplicable ; Inapplicable ; Inapplicable ; Inapplicable ; Pass      ; Inapplicable ; Inapplicable ; Pass      ; Pass      ; Inapplicable ; Pass         ; Inapplicable ; Inapplicable ; Inapplicable ; Inapplicable ; Pass         ; Inapplicable ; Inapplicable ; Inapplicable ; Inapplicable ; Pass         ; Inapplicable ; Inapplicable ; Inapplicable ; Inapplicable ; Inapplicable ; Inapplicable ;
; mem_write_data[16] ; Inapplicable ; Inapplicable ; Inapplicable ; Inapplicable ; Inapplicable ; Pass      ; Inapplicable ; Inapplicable ; Pass      ; Pass      ; Inapplicable ; Pass         ; Inapplicable ; Inapplicable ; Inapplicable ; Inapplicable ; Pass         ; Inapplicable ; Inapplicable ; Inapplicable ; Inapplicable ; Pass         ; Inapplicable ; Inapplicable ; Inapplicable ; Inapplicable ; Inapplicable ; Inapplicable ;
; mem_write_data[17] ; Inapplicable ; Inapplicable ; Inapplicable ; Inapplicable ; Inapplicable ; Pass      ; Inapplicable ; Inapplicable ; Pass      ; Pass      ; Inapplicable ; Pass         ; Inapplicable ; Inapplicable ; Inapplicable ; Inapplicable ; Pass         ; Inapplicable ; Inapplicable ; Inapplicable ; Inapplicable ; Pass         ; Inapplicable ; Inapplicable ; Inapplicable ; Inapplicable ; Inapplicable ; Inapplicable ;
; mem_write_data[18] ; Inapplicable ; Inapplicable ; Inapplicable ; Inapplicable ; Inapplicable ; Pass      ; Inapplicable ; Inapplicable ; Pass      ; Pass      ; Inapplicable ; Pass         ; Inapplicable ; Inapplicable ; Inapplicable ; Inapplicable ; Pass         ; Inapplicable ; Inapplicable ; Inapplicable ; Inapplicable ; Pass         ; Inapplicable ; Inapplicable ; Inapplicable ; Inapplicable ; Inapplicable ; Inapplicable ;
; mem_write_data[19] ; Inapplicable ; Inapplicable ; Inapplicable ; Inapplicable ; Inapplicable ; Pass      ; Inapplicable ; Inapplicable ; Pass      ; Pass      ; Inapplicable ; Pass         ; Inapplicable ; Inapplicable ; Inapplicable ; Inapplicable ; Pass         ; Inapplicable ; Inapplicable ; Inapplicable ; Inapplicable ; Pass         ; Inapplicable ; Inapplicable ; Inapplicable ; Inapplicable ; Inapplicable ; Inapplicable ;
; mem_write_data[20] ; Inapplicable ; Inapplicable ; Inapplicable ; Inapplicable ; Inapplicable ; Pass      ; Inapplicable ; Inapplicable ; Pass      ; Pass      ; Inapplicable ; Pass         ; Inapplicable ; Inapplicable ; Inapplicable ; Inapplicable ; Pass         ; Inapplicable ; Inapplicable ; Inapplicable ; Inapplicable ; Pass         ; Inapplicable ; Inapplicable ; Inapplicable ; Inapplicable ; Inapplicable ; Inapplicable ;
; mem_write_data[21] ; Inapplicable ; Inapplicable ; Inapplicable ; Inapplicable ; Inapplicable ; Pass      ; Inapplicable ; Inapplicable ; Pass      ; Pass      ; Inapplicable ; Pass         ; Inapplicable ; Inapplicable ; Inapplicable ; Inapplicable ; Pass         ; Inapplicable ; Inapplicable ; Inapplicable ; Inapplicable ; Pass         ; Inapplicable ; Inapplicable ; Inapplicable ; Inapplicable ; Inapplicable ; Inapplicable ;
; mem_write_data[22] ; Inapplicable ; Inapplicable ; Inapplicable ; Inapplicable ; Inapplicable ; Pass      ; Inapplicable ; Inapplicable ; Pass      ; Pass      ; Inapplicable ; Pass         ; Inapplicable ; Inapplicable ; Inapplicable ; Inapplicable ; Pass         ; Inapplicable ; Inapplicable ; Inapplicable ; Inapplicable ; Pass         ; Inapplicable ; Inapplicable ; Inapplicable ; Inapplicable ; Inapplicable ; Inapplicable ;
; mem_write_data[23] ; Inapplicable ; Inapplicable ; Inapplicable ; Inapplicable ; Inapplicable ; Pass      ; Inapplicable ; Inapplicable ; Pass      ; Pass      ; Inapplicable ; Pass         ; Inapplicable ; Inapplicable ; Inapplicable ; Inapplicable ; Pass         ; Inapplicable ; Inapplicable ; Inapplicable ; Inapplicable ; Pass         ; Inapplicable ; Inapplicable ; Inapplicable ; Inapplicable ; Inapplicable ; Inapplicable ;
; mem_write_data[24] ; Inapplicable ; Inapplicable ; Inapplicable ; Inapplicable ; Inapplicable ; Pass      ; Inapplicable ; Inapplicable ; Pass      ; Pass      ; Inapplicable ; Pass         ; Inapplicable ; Inapplicable ; Inapplicable ; Inapplicable ; Pass         ; Inapplicable ; Inapplicable ; Inapplicable ; Inapplicable ; Pass         ; Inapplicable ; Inapplicable ; Inapplicable ; Inapplicable ; Inapplicable ; Inapplicable ;
; mem_write_data[25] ; Inapplicable ; Inapplicable ; Inapplicable ; Inapplicable ; Inapplicable ; Pass      ; Inapplicable ; Inapplicable ; Pass      ; Pass      ; Inapplicable ; Pass         ; Inapplicable ; Inapplicable ; Inapplicable ; Inapplicable ; Pass         ; Inapplicable ; Inapplicable ; Inapplicable ; Inapplicable ; Pass         ; Inapplicable ; Inapplicable ; Inapplicable ; Inapplicable ; Inapplicable ; Inapplicable ;
; mem_write_data[26] ; Inapplicable ; Inapplicable ; Inapplicable ; Inapplicable ; Inapplicable ; Pass      ; Inapplicable ; Inapplicable ; Pass      ; Pass      ; Inapplicable ; Pass         ; Inapplicable ; Inapplicable ; Inapplicable ; Inapplicable ; Pass         ; Inapplicable ; Inapplicable ; Inapplicable ; Inapplicable ; Pass         ; Inapplicable ; Inapplicable ; Inapplicable ; Inapplicable ; Inapplicable ; Inapplicable ;
; mem_write_data[27] ; Inapplicable ; Inapplicable ; Inapplicable ; Inapplicable ; Inapplicable ; Pass      ; Inapplicable ; Inapplicable ; Pass      ; Pass      ; Inapplicable ; Pass         ; Inapplicable ; Inapplicable ; Inapplicable ; Inapplicable ; Pass         ; Inapplicable ; Inapplicable ; Inapplicable ; Inapplicable ; Pass         ; Inapplicable ; Inapplicable ; Inapplicable ; Inapplicable ; Inapplicable ; Inapplicable ;
; mem_write_data[28] ; Inapplicable ; Inapplicable ; Inapplicable ; Inapplicable ; Inapplicable ; Pass      ; Inapplicable ; Inapplicable ; Pass      ; Pass      ; Inapplicable ; Pass         ; Inapplicable ; Inapplicable ; Inapplicable ; Inapplicable ; Pass         ; Inapplicable ; Inapplicable ; Inapplicable ; Inapplicable ; Pass         ; Inapplicable ; Inapplicable ; Inapplicable ; Inapplicable ; Inapplicable ; Inapplicable ;
; mem_write_data[29] ; Inapplicable ; Inapplicable ; Inapplicable ; Inapplicable ; Inapplicable ; Pass      ; Inapplicable ; Inapplicable ; Pass      ; Pass      ; Inapplicable ; Pass         ; Inapplicable ; Inapplicable ; Inapplicable ; Inapplicable ; Pass         ; Inapplicable ; Inapplicable ; Inapplicable ; Inapplicable ; Pass         ; Inapplicable ; Inapplicable ; Inapplicable ; Inapplicable ; Inapplicable ; Inapplicable ;
; mem_write_data[30] ; Inapplicable ; Inapplicable ; Inapplicable ; Inapplicable ; Inapplicable ; Pass      ; Inapplicable ; Inapplicable ; Pass      ; Pass      ; Inapplicable ; Pass         ; Inapplicable ; Inapplicable ; Inapplicable ; Inapplicable ; Pass         ; Inapplicable ; Inapplicable ; Inapplicable ; Inapplicable ; Pass         ; Inapplicable ; Inapplicable ; Inapplicable ; Inapplicable ; Inapplicable ; Inapplicable ;
; mem_write_data[31] ; Inapplicable ; Inapplicable ; Inapplicable ; Inapplicable ; Inapplicable ; Pass      ; Inapplicable ; Inapplicable ; Pass      ; Pass      ; Inapplicable ; Pass         ; Inapplicable ; Inapplicable ; Inapplicable ; Inapplicable ; Pass         ; Inapplicable ; Inapplicable ; Inapplicable ; Inapplicable ; Pass         ; Inapplicable ; Inapplicable ; Inapplicable ; Inapplicable ; Inapplicable ; Inapplicable ;
; clk                ; Inapplicable ; Inapplicable ; Inapplicable ; Inapplicable ; Inapplicable ; Pass      ; Inapplicable ; Inapplicable ; Pass      ; Pass      ; Inapplicable ; Inapplicable ; Inapplicable ; Inapplicable ; Inapplicable ; Inapplicable ; Inapplicable ; Inapplicable ; Inapplicable ; Inapplicable ; Inapplicable ; Inapplicable ; Inapplicable ; Inapplicable ; Inapplicable ; Inapplicable ; Inapplicable ; Inapplicable ;
; start              ; Inapplicable ; Inapplicable ; Inapplicable ; Inapplicable ; Inapplicable ; Pass      ; Inapplicable ; Inapplicable ; Pass      ; Pass      ; Inapplicable ; Inapplicable ; Inapplicable ; Inapplicable ; Inapplicable ; Inapplicable ; Inapplicable ; Inapplicable ; Inapplicable ; Inapplicable ; Inapplicable ; Inapplicable ; Inapplicable ; Inapplicable ; Inapplicable ; Inapplicable ; Inapplicable ; Inapplicable ;
; reset_n            ; Inapplicable ; Inapplicable ; Inapplicable ; Inapplicable ; Inapplicable ; Pass      ; Inapplicable ; Inapplicable ; Pass      ; Pass      ; Inapplicable ; Inapplicable ; Inapplicable ; Inapplicable ; Inapplicable ; Inapplicable ; Inapplicable ; Inapplicable ; Inapplicable ; Inapplicable ; Inapplicable ; Inapplicable ; Inapplicable ; Inapplicable ; Inapplicable ; Inapplicable ; Inapplicable ; Inapplicable ;
; output_addr[0]     ; Inapplicable ; Inapplicable ; Inapplicable ; Inapplicable ; Inapplicable ; Pass      ; Inapplicable ; Inapplicable ; Pass      ; Pass      ; Inapplicable ; Inapplicable ; Inapplicable ; Inapplicable ; Inapplicable ; Inapplicable ; Inapplicable ; Inapplicable ; Inapplicable ; Inapplicable ; Inapplicable ; Inapplicable ; Inapplicable ; Inapplicable ; Inapplicable ; Inapplicable ; Inapplicable ; Inapplicable ;
; message_addr[0]    ; Inapplicable ; Inapplicable ; Inapplicable ; Inapplicable ; Inapplicable ; Pass      ; Inapplicable ; Inapplicable ; Pass      ; Pass      ; Inapplicable ; Inapplicable ; Inapplicable ; Inapplicable ; Inapplicable ; Inapplicable ; Inapplicable ; Inapplicable ; Inapplicable ; Inapplicable ; Inapplicable ; Inapplicable ; Inapplicable ; Inapplicable ; Inapplicable ; Inapplicable ; Inapplicable ; Inapplicable ;
; output_addr[1]     ; Inapplicable ; Inapplicable ; Inapplicable ; Inapplicable ; Inapplicable ; Pass      ; Inapplicable ; Inapplicable ; Pass      ; Pass      ; Inapplicable ; Inapplicable ; Inapplicable ; Inapplicable ; Inapplicable ; Inapplicable ; Inapplicable ; Inapplicable ; Inapplicable ; Inapplicable ; Inapplicable ; Inapplicable ; Inapplicable ; Inapplicable ; Inapplicable ; Inapplicable ; Inapplicable ; Inapplicable ;
; message_addr[1]    ; Inapplicable ; Inapplicable ; Inapplicable ; Inapplicable ; Inapplicable ; Pass      ; Inapplicable ; Inapplicable ; Pass      ; Pass      ; Inapplicable ; Inapplicable ; Inapplicable ; Inapplicable ; Inapplicable ; Inapplicable ; Inapplicable ; Inapplicable ; Inapplicable ; Inapplicable ; Inapplicable ; Inapplicable ; Inapplicable ; Inapplicable ; Inapplicable ; Inapplicable ; Inapplicable ; Inapplicable ;
; output_addr[2]     ; Inapplicable ; Inapplicable ; Inapplicable ; Inapplicable ; Inapplicable ; Pass      ; Inapplicable ; Inapplicable ; Pass      ; Pass      ; Inapplicable ; Inapplicable ; Inapplicable ; Inapplicable ; Inapplicable ; Inapplicable ; Inapplicable ; Inapplicable ; Inapplicable ; Inapplicable ; Inapplicable ; Inapplicable ; Inapplicable ; Inapplicable ; Inapplicable ; Inapplicable ; Inapplicable ; Inapplicable ;
; message_addr[2]    ; Inapplicable ; Inapplicable ; Inapplicable ; Inapplicable ; Inapplicable ; Pass      ; Inapplicable ; Inapplicable ; Pass      ; Pass      ; Inapplicable ; Inapplicable ; Inapplicable ; Inapplicable ; Inapplicable ; Inapplicable ; Inapplicable ; Inapplicable ; Inapplicable ; Inapplicable ; Inapplicable ; Inapplicable ; Inapplicable ; Inapplicable ; Inapplicable ; Inapplicable ; Inapplicable ; Inapplicable ;
; output_addr[3]     ; Inapplicable ; Inapplicable ; Inapplicable ; Inapplicable ; Inapplicable ; Pass      ; Inapplicable ; Inapplicable ; Pass      ; Pass      ; Inapplicable ; Inapplicable ; Inapplicable ; Inapplicable ; Inapplicable ; Inapplicable ; Inapplicable ; Inapplicable ; Inapplicable ; Inapplicable ; Inapplicable ; Inapplicable ; Inapplicable ; Inapplicable ; Inapplicable ; Inapplicable ; Inapplicable ; Inapplicable ;
; message_addr[3]    ; Inapplicable ; Inapplicable ; Inapplicable ; Inapplicable ; Inapplicable ; Pass      ; Inapplicable ; Inapplicable ; Pass      ; Pass      ; Inapplicable ; Inapplicable ; Inapplicable ; Inapplicable ; Inapplicable ; Inapplicable ; Inapplicable ; Inapplicable ; Inapplicable ; Inapplicable ; Inapplicable ; Inapplicable ; Inapplicable ; Inapplicable ; Inapplicable ; Inapplicable ; Inapplicable ; Inapplicable ;
; output_addr[4]     ; Inapplicable ; Inapplicable ; Inapplicable ; Inapplicable ; Inapplicable ; Pass      ; Inapplicable ; Inapplicable ; Pass      ; Pass      ; Inapplicable ; Inapplicable ; Inapplicable ; Inapplicable ; Inapplicable ; Inapplicable ; Inapplicable ; Inapplicable ; Inapplicable ; Inapplicable ; Inapplicable ; Inapplicable ; Inapplicable ; Inapplicable ; Inapplicable ; Inapplicable ; Inapplicable ; Inapplicable ;
; message_addr[4]    ; Inapplicable ; Inapplicable ; Inapplicable ; Inapplicable ; Inapplicable ; Pass      ; Inapplicable ; Inapplicable ; Pass      ; Pass      ; Inapplicable ; Inapplicable ; Inapplicable ; Inapplicable ; Inapplicable ; Inapplicable ; Inapplicable ; Inapplicable ; Inapplicable ; Inapplicable ; Inapplicable ; Inapplicable ; Inapplicable ; Inapplicable ; Inapplicable ; Inapplicable ; Inapplicable ; Inapplicable ;
; output_addr[5]     ; Inapplicable ; Inapplicable ; Inapplicable ; Inapplicable ; Inapplicable ; Pass      ; Inapplicable ; Inapplicable ; Pass      ; Pass      ; Inapplicable ; Inapplicable ; Inapplicable ; Inapplicable ; Inapplicable ; Inapplicable ; Inapplicable ; Inapplicable ; Inapplicable ; Inapplicable ; Inapplicable ; Inapplicable ; Inapplicable ; Inapplicable ; Inapplicable ; Inapplicable ; Inapplicable ; Inapplicable ;
; message_addr[5]    ; Inapplicable ; Inapplicable ; Inapplicable ; Inapplicable ; Inapplicable ; Pass      ; Inapplicable ; Inapplicable ; Pass      ; Pass      ; Inapplicable ; Inapplicable ; Inapplicable ; Inapplicable ; Inapplicable ; Inapplicable ; Inapplicable ; Inapplicable ; Inapplicable ; Inapplicable ; Inapplicable ; Inapplicable ; Inapplicable ; Inapplicable ; Inapplicable ; Inapplicable ; Inapplicable ; Inapplicable ;
; output_addr[6]     ; Inapplicable ; Inapplicable ; Inapplicable ; Inapplicable ; Inapplicable ; Pass      ; Inapplicable ; Inapplicable ; Pass      ; Pass      ; Inapplicable ; Inapplicable ; Inapplicable ; Inapplicable ; Inapplicable ; Inapplicable ; Inapplicable ; Inapplicable ; Inapplicable ; Inapplicable ; Inapplicable ; Inapplicable ; Inapplicable ; Inapplicable ; Inapplicable ; Inapplicable ; Inapplicable ; Inapplicable ;
; message_addr[6]    ; Inapplicable ; Inapplicable ; Inapplicable ; Inapplicable ; Inapplicable ; Pass      ; Inapplicable ; Inapplicable ; Pass      ; Pass      ; Inapplicable ; Inapplicable ; Inapplicable ; Inapplicable ; Inapplicable ; Inapplicable ; Inapplicable ; Inapplicable ; Inapplicable ; Inapplicable ; Inapplicable ; Inapplicable ; Inapplicable ; Inapplicable ; Inapplicable ; Inapplicable ; Inapplicable ; Inapplicable ;
; output_addr[7]     ; Inapplicable ; Inapplicable ; Inapplicable ; Inapplicable ; Inapplicable ; Pass      ; Inapplicable ; Inapplicable ; Pass      ; Pass      ; Inapplicable ; Inapplicable ; Inapplicable ; Inapplicable ; Inapplicable ; Inapplicable ; Inapplicable ; Inapplicable ; Inapplicable ; Inapplicable ; Inapplicable ; Inapplicable ; Inapplicable ; Inapplicable ; Inapplicable ; Inapplicable ; Inapplicable ; Inapplicable ;
; message_addr[7]    ; Inapplicable ; Inapplicable ; Inapplicable ; Inapplicable ; Inapplicable ; Pass      ; Inapplicable ; Inapplicable ; Pass      ; Pass      ; Inapplicable ; Inapplicable ; Inapplicable ; Inapplicable ; Inapplicable ; Inapplicable ; Inapplicable ; Inapplicable ; Inapplicable ; Inapplicable ; Inapplicable ; Inapplicable ; Inapplicable ; Inapplicable ; Inapplicable ; Inapplicable ; Inapplicable ; Inapplicable ;
; output_addr[8]     ; Inapplicable ; Inapplicable ; Inapplicable ; Inapplicable ; Inapplicable ; Pass      ; Inapplicable ; Inapplicable ; Pass      ; Pass      ; Inapplicable ; Inapplicable ; Inapplicable ; Inapplicable ; Inapplicable ; Inapplicable ; Inapplicable ; Inapplicable ; Inapplicable ; Inapplicable ; Inapplicable ; Inapplicable ; Inapplicable ; Inapplicable ; Inapplicable ; Inapplicable ; Inapplicable ; Inapplicable ;
; message_addr[8]    ; Inapplicable ; Inapplicable ; Inapplicable ; Inapplicable ; Inapplicable ; Pass      ; Inapplicable ; Inapplicable ; Pass      ; Pass      ; Inapplicable ; Inapplicable ; Inapplicable ; Inapplicable ; Inapplicable ; Inapplicable ; Inapplicable ; Inapplicable ; Inapplicable ; Inapplicable ; Inapplicable ; Inapplicable ; Inapplicable ; Inapplicable ; Inapplicable ; Inapplicable ; Inapplicable ; Inapplicable ;
; output_addr[9]     ; Inapplicable ; Inapplicable ; Inapplicable ; Inapplicable ; Inapplicable ; Pass      ; Inapplicable ; Inapplicable ; Pass      ; Pass      ; Inapplicable ; Inapplicable ; Inapplicable ; Inapplicable ; Inapplicable ; Inapplicable ; Inapplicable ; Inapplicable ; Inapplicable ; Inapplicable ; Inapplicable ; Inapplicable ; Inapplicable ; Inapplicable ; Inapplicable ; Inapplicable ; Inapplicable ; Inapplicable ;
; message_addr[9]    ; Inapplicable ; Inapplicable ; Inapplicable ; Inapplicable ; Inapplicable ; Pass      ; Inapplicable ; Inapplicable ; Pass      ; Pass      ; Inapplicable ; Inapplicable ; Inapplicable ; Inapplicable ; Inapplicable ; Inapplicable ; Inapplicable ; Inapplicable ; Inapplicable ; Inapplicable ; Inapplicable ; Inapplicable ; Inapplicable ; Inapplicable ; Inapplicable ; Inapplicable ; Inapplicable ; Inapplicable ;
; output_addr[10]    ; Inapplicable ; Inapplicable ; Inapplicable ; Inapplicable ; Inapplicable ; Pass      ; Inapplicable ; Inapplicable ; Pass      ; Pass      ; Inapplicable ; Inapplicable ; Inapplicable ; Inapplicable ; Inapplicable ; Inapplicable ; Inapplicable ; Inapplicable ; Inapplicable ; Inapplicable ; Inapplicable ; Inapplicable ; Inapplicable ; Inapplicable ; Inapplicable ; Inapplicable ; Inapplicable ; Inapplicable ;
; message_addr[10]   ; Inapplicable ; Inapplicable ; Inapplicable ; Inapplicable ; Inapplicable ; Pass      ; Inapplicable ; Inapplicable ; Pass      ; Pass      ; Inapplicable ; Inapplicable ; Inapplicable ; Inapplicable ; Inapplicable ; Inapplicable ; Inapplicable ; Inapplicable ; Inapplicable ; Inapplicable ; Inapplicable ; Inapplicable ; Inapplicable ; Inapplicable ; Inapplicable ; Inapplicable ; Inapplicable ; Inapplicable ;
; output_addr[11]    ; Inapplicable ; Inapplicable ; Inapplicable ; Inapplicable ; Inapplicable ; Pass      ; Inapplicable ; Inapplicable ; Pass      ; Pass      ; Inapplicable ; Inapplicable ; Inapplicable ; Inapplicable ; Inapplicable ; Inapplicable ; Inapplicable ; Inapplicable ; Inapplicable ; Inapplicable ; Inapplicable ; Inapplicable ; Inapplicable ; Inapplicable ; Inapplicable ; Inapplicable ; Inapplicable ; Inapplicable ;
; message_addr[11]   ; Inapplicable ; Inapplicable ; Inapplicable ; Inapplicable ; Inapplicable ; Pass      ; Inapplicable ; Inapplicable ; Pass      ; Pass      ; Inapplicable ; Inapplicable ; Inapplicable ; Inapplicable ; Inapplicable ; Inapplicable ; Inapplicable ; Inapplicable ; Inapplicable ; Inapplicable ; Inapplicable ; Inapplicable ; Inapplicable ; Inapplicable ; Inapplicable ; Inapplicable ; Inapplicable ; Inapplicable ;
; output_addr[12]    ; Inapplicable ; Inapplicable ; Inapplicable ; Inapplicable ; Inapplicable ; Pass      ; Inapplicable ; Inapplicable ; Pass      ; Pass      ; Inapplicable ; Inapplicable ; Inapplicable ; Inapplicable ; Inapplicable ; Inapplicable ; Inapplicable ; Inapplicable ; Inapplicable ; Inapplicable ; Inapplicable ; Inapplicable ; Inapplicable ; Inapplicable ; Inapplicable ; Inapplicable ; Inapplicable ; Inapplicable ;
; message_addr[12]   ; Inapplicable ; Inapplicable ; Inapplicable ; Inapplicable ; Inapplicable ; Pass      ; Inapplicable ; Inapplicable ; Pass      ; Pass      ; Inapplicable ; Inapplicable ; Inapplicable ; Inapplicable ; Inapplicable ; Inapplicable ; Inapplicable ; Inapplicable ; Inapplicable ; Inapplicable ; Inapplicable ; Inapplicable ; Inapplicable ; Inapplicable ; Inapplicable ; Inapplicable ; Inapplicable ; Inapplicable ;
; output_addr[13]    ; Inapplicable ; Inapplicable ; Inapplicable ; Inapplicable ; Inapplicable ; Pass      ; Inapplicable ; Inapplicable ; Pass      ; Pass      ; Inapplicable ; Inapplicable ; Inapplicable ; Inapplicable ; Inapplicable ; Inapplicable ; Inapplicable ; Inapplicable ; Inapplicable ; Inapplicable ; Inapplicable ; Inapplicable ; Inapplicable ; Inapplicable ; Inapplicable ; Inapplicable ; Inapplicable ; Inapplicable ;
; message_addr[13]   ; Inapplicable ; Inapplicable ; Inapplicable ; Inapplicable ; Inapplicable ; Pass      ; Inapplicable ; Inapplicable ; Pass      ; Pass      ; Inapplicable ; Inapplicable ; Inapplicable ; Inapplicable ; Inapplicable ; Inapplicable ; Inapplicable ; Inapplicable ; Inapplicable ; Inapplicable ; Inapplicable ; Inapplicable ; Inapplicable ; Inapplicable ; Inapplicable ; Inapplicable ; Inapplicable ; Inapplicable ;
; output_addr[14]    ; Inapplicable ; Inapplicable ; Inapplicable ; Inapplicable ; Inapplicable ; Pass      ; Inapplicable ; Inapplicable ; Pass      ; Pass      ; Inapplicable ; Inapplicable ; Inapplicable ; Inapplicable ; Inapplicable ; Inapplicable ; Inapplicable ; Inapplicable ; Inapplicable ; Inapplicable ; Inapplicable ; Inapplicable ; Inapplicable ; Inapplicable ; Inapplicable ; Inapplicable ; Inapplicable ; Inapplicable ;
; message_addr[14]   ; Inapplicable ; Inapplicable ; Inapplicable ; Inapplicable ; Inapplicable ; Pass      ; Inapplicable ; Inapplicable ; Pass      ; Pass      ; Inapplicable ; Inapplicable ; Inapplicable ; Inapplicable ; Inapplicable ; Inapplicable ; Inapplicable ; Inapplicable ; Inapplicable ; Inapplicable ; Inapplicable ; Inapplicable ; Inapplicable ; Inapplicable ; Inapplicable ; Inapplicable ; Inapplicable ; Inapplicable ;
; output_addr[15]    ; Inapplicable ; Inapplicable ; Inapplicable ; Inapplicable ; Inapplicable ; Pass      ; Inapplicable ; Inapplicable ; Pass      ; Pass      ; Inapplicable ; Inapplicable ; Inapplicable ; Inapplicable ; Inapplicable ; Inapplicable ; Inapplicable ; Inapplicable ; Inapplicable ; Inapplicable ; Inapplicable ; Inapplicable ; Inapplicable ; Inapplicable ; Inapplicable ; Inapplicable ; Inapplicable ; Inapplicable ;
; message_addr[15]   ; Inapplicable ; Inapplicable ; Inapplicable ; Inapplicable ; Inapplicable ; Pass      ; Inapplicable ; Inapplicable ; Pass      ; Pass      ; Inapplicable ; Inapplicable ; Inapplicable ; Inapplicable ; Inapplicable ; Inapplicable ; Inapplicable ; Inapplicable ; Inapplicable ; Inapplicable ; Inapplicable ; Inapplicable ; Inapplicable ; Inapplicable ; Inapplicable ; Inapplicable ; Inapplicable ; Inapplicable ;
; mem_read_data[0]   ; Inapplicable ; Inapplicable ; Inapplicable ; Inapplicable ; Inapplicable ; Pass      ; Inapplicable ; Inapplicable ; Pass      ; Pass      ; Inapplicable ; Inapplicable ; Inapplicable ; Inapplicable ; Inapplicable ; Inapplicable ; Inapplicable ; Inapplicable ; Inapplicable ; Inapplicable ; Inapplicable ; Inapplicable ; Inapplicable ; Inapplicable ; Inapplicable ; Inapplicable ; Inapplicable ; Inapplicable ;
; mem_read_data[1]   ; Inapplicable ; Inapplicable ; Inapplicable ; Inapplicable ; Inapplicable ; Pass      ; Inapplicable ; Inapplicable ; Pass      ; Pass      ; Inapplicable ; Inapplicable ; Inapplicable ; Inapplicable ; Inapplicable ; Inapplicable ; Inapplicable ; Inapplicable ; Inapplicable ; Inapplicable ; Inapplicable ; Inapplicable ; Inapplicable ; Inapplicable ; Inapplicable ; Inapplicable ; Inapplicable ; Inapplicable ;
; mem_read_data[2]   ; Inapplicable ; Inapplicable ; Inapplicable ; Inapplicable ; Inapplicable ; Pass      ; Inapplicable ; Inapplicable ; Pass      ; Pass      ; Inapplicable ; Inapplicable ; Inapplicable ; Inapplicable ; Inapplicable ; Inapplicable ; Inapplicable ; Inapplicable ; Inapplicable ; Inapplicable ; Inapplicable ; Inapplicable ; Inapplicable ; Inapplicable ; Inapplicable ; Inapplicable ; Inapplicable ; Inapplicable ;
; mem_read_data[3]   ; Inapplicable ; Inapplicable ; Inapplicable ; Inapplicable ; Inapplicable ; Pass      ; Inapplicable ; Inapplicable ; Pass      ; Pass      ; Inapplicable ; Inapplicable ; Inapplicable ; Inapplicable ; Inapplicable ; Inapplicable ; Inapplicable ; Inapplicable ; Inapplicable ; Inapplicable ; Inapplicable ; Inapplicable ; Inapplicable ; Inapplicable ; Inapplicable ; Inapplicable ; Inapplicable ; Inapplicable ;
; mem_read_data[4]   ; Inapplicable ; Inapplicable ; Inapplicable ; Inapplicable ; Inapplicable ; Pass      ; Inapplicable ; Inapplicable ; Pass      ; Pass      ; Inapplicable ; Inapplicable ; Inapplicable ; Inapplicable ; Inapplicable ; Inapplicable ; Inapplicable ; Inapplicable ; Inapplicable ; Inapplicable ; Inapplicable ; Inapplicable ; Inapplicable ; Inapplicable ; Inapplicable ; Inapplicable ; Inapplicable ; Inapplicable ;
; mem_read_data[5]   ; Inapplicable ; Inapplicable ; Inapplicable ; Inapplicable ; Inapplicable ; Pass      ; Inapplicable ; Inapplicable ; Pass      ; Pass      ; Inapplicable ; Inapplicable ; Inapplicable ; Inapplicable ; Inapplicable ; Inapplicable ; Inapplicable ; Inapplicable ; Inapplicable ; Inapplicable ; Inapplicable ; Inapplicable ; Inapplicable ; Inapplicable ; Inapplicable ; Inapplicable ; Inapplicable ; Inapplicable ;
; mem_read_data[6]   ; Inapplicable ; Inapplicable ; Inapplicable ; Inapplicable ; Inapplicable ; Pass      ; Inapplicable ; Inapplicable ; Pass      ; Pass      ; Inapplicable ; Inapplicable ; Inapplicable ; Inapplicable ; Inapplicable ; Inapplicable ; Inapplicable ; Inapplicable ; Inapplicable ; Inapplicable ; Inapplicable ; Inapplicable ; Inapplicable ; Inapplicable ; Inapplicable ; Inapplicable ; Inapplicable ; Inapplicable ;
; mem_read_data[7]   ; Inapplicable ; Inapplicable ; Inapplicable ; Inapplicable ; Inapplicable ; Pass      ; Inapplicable ; Inapplicable ; Pass      ; Pass      ; Inapplicable ; Inapplicable ; Inapplicable ; Inapplicable ; Inapplicable ; Inapplicable ; Inapplicable ; Inapplicable ; Inapplicable ; Inapplicable ; Inapplicable ; Inapplicable ; Inapplicable ; Inapplicable ; Inapplicable ; Inapplicable ; Inapplicable ; Inapplicable ;
; mem_read_data[8]   ; Inapplicable ; Inapplicable ; Inapplicable ; Inapplicable ; Inapplicable ; Pass      ; Inapplicable ; Inapplicable ; Pass      ; Pass      ; Inapplicable ; Inapplicable ; Inapplicable ; Inapplicable ; Inapplicable ; Inapplicable ; Inapplicable ; Inapplicable ; Inapplicable ; Inapplicable ; Inapplicable ; Inapplicable ; Inapplicable ; Inapplicable ; Inapplicable ; Inapplicable ; Inapplicable ; Inapplicable ;
; mem_read_data[9]   ; Inapplicable ; Inapplicable ; Inapplicable ; Inapplicable ; Inapplicable ; Pass      ; Inapplicable ; Inapplicable ; Pass      ; Pass      ; Inapplicable ; Inapplicable ; Inapplicable ; Inapplicable ; Inapplicable ; Inapplicable ; Inapplicable ; Inapplicable ; Inapplicable ; Inapplicable ; Inapplicable ; Inapplicable ; Inapplicable ; Inapplicable ; Inapplicable ; Inapplicable ; Inapplicable ; Inapplicable ;
; mem_read_data[10]  ; Inapplicable ; Inapplicable ; Inapplicable ; Inapplicable ; Inapplicable ; Pass      ; Inapplicable ; Inapplicable ; Pass      ; Pass      ; Inapplicable ; Inapplicable ; Inapplicable ; Inapplicable ; Inapplicable ; Inapplicable ; Inapplicable ; Inapplicable ; Inapplicable ; Inapplicable ; Inapplicable ; Inapplicable ; Inapplicable ; Inapplicable ; Inapplicable ; Inapplicable ; Inapplicable ; Inapplicable ;
; mem_read_data[11]  ; Inapplicable ; Inapplicable ; Inapplicable ; Inapplicable ; Inapplicable ; Pass      ; Inapplicable ; Inapplicable ; Pass      ; Pass      ; Inapplicable ; Inapplicable ; Inapplicable ; Inapplicable ; Inapplicable ; Inapplicable ; Inapplicable ; Inapplicable ; Inapplicable ; Inapplicable ; Inapplicable ; Inapplicable ; Inapplicable ; Inapplicable ; Inapplicable ; Inapplicable ; Inapplicable ; Inapplicable ;
; mem_read_data[12]  ; Inapplicable ; Inapplicable ; Inapplicable ; Inapplicable ; Inapplicable ; Pass      ; Inapplicable ; Inapplicable ; Pass      ; Pass      ; Inapplicable ; Inapplicable ; Inapplicable ; Inapplicable ; Inapplicable ; Inapplicable ; Inapplicable ; Inapplicable ; Inapplicable ; Inapplicable ; Inapplicable ; Inapplicable ; Inapplicable ; Inapplicable ; Inapplicable ; Inapplicable ; Inapplicable ; Inapplicable ;
; mem_read_data[13]  ; Inapplicable ; Inapplicable ; Inapplicable ; Inapplicable ; Inapplicable ; Pass      ; Inapplicable ; Inapplicable ; Pass      ; Pass      ; Inapplicable ; Inapplicable ; Inapplicable ; Inapplicable ; Inapplicable ; Inapplicable ; Inapplicable ; Inapplicable ; Inapplicable ; Inapplicable ; Inapplicable ; Inapplicable ; Inapplicable ; Inapplicable ; Inapplicable ; Inapplicable ; Inapplicable ; Inapplicable ;
; mem_read_data[14]  ; Inapplicable ; Inapplicable ; Inapplicable ; Inapplicable ; Inapplicable ; Pass      ; Inapplicable ; Inapplicable ; Pass      ; Pass      ; Inapplicable ; Inapplicable ; Inapplicable ; Inapplicable ; Inapplicable ; Inapplicable ; Inapplicable ; Inapplicable ; Inapplicable ; Inapplicable ; Inapplicable ; Inapplicable ; Inapplicable ; Inapplicable ; Inapplicable ; Inapplicable ; Inapplicable ; Inapplicable ;
; mem_read_data[15]  ; Inapplicable ; Inapplicable ; Inapplicable ; Inapplicable ; Inapplicable ; Pass      ; Inapplicable ; Inapplicable ; Pass      ; Pass      ; Inapplicable ; Inapplicable ; Inapplicable ; Inapplicable ; Inapplicable ; Inapplicable ; Inapplicable ; Inapplicable ; Inapplicable ; Inapplicable ; Inapplicable ; Inapplicable ; Inapplicable ; Inapplicable ; Inapplicable ; Inapplicable ; Inapplicable ; Inapplicable ;
; mem_read_data[16]  ; Inapplicable ; Inapplicable ; Inapplicable ; Inapplicable ; Inapplicable ; Pass      ; Inapplicable ; Inapplicable ; Pass      ; Pass      ; Inapplicable ; Inapplicable ; Inapplicable ; Inapplicable ; Inapplicable ; Inapplicable ; Inapplicable ; Inapplicable ; Inapplicable ; Inapplicable ; Inapplicable ; Inapplicable ; Inapplicable ; Inapplicable ; Inapplicable ; Inapplicable ; Inapplicable ; Inapplicable ;
; mem_read_data[17]  ; Inapplicable ; Inapplicable ; Inapplicable ; Inapplicable ; Inapplicable ; Pass      ; Inapplicable ; Inapplicable ; Pass      ; Pass      ; Inapplicable ; Inapplicable ; Inapplicable ; Inapplicable ; Inapplicable ; Inapplicable ; Inapplicable ; Inapplicable ; Inapplicable ; Inapplicable ; Inapplicable ; Inapplicable ; Inapplicable ; Inapplicable ; Inapplicable ; Inapplicable ; Inapplicable ; Inapplicable ;
; mem_read_data[18]  ; Inapplicable ; Inapplicable ; Inapplicable ; Inapplicable ; Inapplicable ; Pass      ; Inapplicable ; Inapplicable ; Pass      ; Pass      ; Inapplicable ; Inapplicable ; Inapplicable ; Inapplicable ; Inapplicable ; Inapplicable ; Inapplicable ; Inapplicable ; Inapplicable ; Inapplicable ; Inapplicable ; Inapplicable ; Inapplicable ; Inapplicable ; Inapplicable ; Inapplicable ; Inapplicable ; Inapplicable ;
; mem_read_data[19]  ; Inapplicable ; Inapplicable ; Inapplicable ; Inapplicable ; Inapplicable ; Pass      ; Inapplicable ; Inapplicable ; Pass      ; Pass      ; Inapplicable ; Inapplicable ; Inapplicable ; Inapplicable ; Inapplicable ; Inapplicable ; Inapplicable ; Inapplicable ; Inapplicable ; Inapplicable ; Inapplicable ; Inapplicable ; Inapplicable ; Inapplicable ; Inapplicable ; Inapplicable ; Inapplicable ; Inapplicable ;
; mem_read_data[20]  ; Inapplicable ; Inapplicable ; Inapplicable ; Inapplicable ; Inapplicable ; Pass      ; Inapplicable ; Inapplicable ; Pass      ; Pass      ; Inapplicable ; Inapplicable ; Inapplicable ; Inapplicable ; Inapplicable ; Inapplicable ; Inapplicable ; Inapplicable ; Inapplicable ; Inapplicable ; Inapplicable ; Inapplicable ; Inapplicable ; Inapplicable ; Inapplicable ; Inapplicable ; Inapplicable ; Inapplicable ;
; mem_read_data[21]  ; Inapplicable ; Inapplicable ; Inapplicable ; Inapplicable ; Inapplicable ; Pass      ; Inapplicable ; Inapplicable ; Pass      ; Pass      ; Inapplicable ; Inapplicable ; Inapplicable ; Inapplicable ; Inapplicable ; Inapplicable ; Inapplicable ; Inapplicable ; Inapplicable ; Inapplicable ; Inapplicable ; Inapplicable ; Inapplicable ; Inapplicable ; Inapplicable ; Inapplicable ; Inapplicable ; Inapplicable ;
; mem_read_data[22]  ; Inapplicable ; Inapplicable ; Inapplicable ; Inapplicable ; Inapplicable ; Pass      ; Inapplicable ; Inapplicable ; Pass      ; Pass      ; Inapplicable ; Inapplicable ; Inapplicable ; Inapplicable ; Inapplicable ; Inapplicable ; Inapplicable ; Inapplicable ; Inapplicable ; Inapplicable ; Inapplicable ; Inapplicable ; Inapplicable ; Inapplicable ; Inapplicable ; Inapplicable ; Inapplicable ; Inapplicable ;
; mem_read_data[23]  ; Inapplicable ; Inapplicable ; Inapplicable ; Inapplicable ; Inapplicable ; Pass      ; Inapplicable ; Inapplicable ; Pass      ; Pass      ; Inapplicable ; Inapplicable ; Inapplicable ; Inapplicable ; Inapplicable ; Inapplicable ; Inapplicable ; Inapplicable ; Inapplicable ; Inapplicable ; Inapplicable ; Inapplicable ; Inapplicable ; Inapplicable ; Inapplicable ; Inapplicable ; Inapplicable ; Inapplicable ;
; mem_read_data[24]  ; Inapplicable ; Inapplicable ; Inapplicable ; Inapplicable ; Inapplicable ; Pass      ; Inapplicable ; Inapplicable ; Pass      ; Pass      ; Inapplicable ; Inapplicable ; Inapplicable ; Inapplicable ; Inapplicable ; Inapplicable ; Inapplicable ; Inapplicable ; Inapplicable ; Inapplicable ; Inapplicable ; Inapplicable ; Inapplicable ; Inapplicable ; Inapplicable ; Inapplicable ; Inapplicable ; Inapplicable ;
; mem_read_data[25]  ; Inapplicable ; Inapplicable ; Inapplicable ; Inapplicable ; Inapplicable ; Pass      ; Inapplicable ; Inapplicable ; Pass      ; Pass      ; Inapplicable ; Inapplicable ; Inapplicable ; Inapplicable ; Inapplicable ; Inapplicable ; Inapplicable ; Inapplicable ; Inapplicable ; Inapplicable ; Inapplicable ; Inapplicable ; Inapplicable ; Inapplicable ; Inapplicable ; Inapplicable ; Inapplicable ; Inapplicable ;
; mem_read_data[26]  ; Inapplicable ; Inapplicable ; Inapplicable ; Inapplicable ; Inapplicable ; Pass      ; Inapplicable ; Inapplicable ; Pass      ; Pass      ; Inapplicable ; Inapplicable ; Inapplicable ; Inapplicable ; Inapplicable ; Inapplicable ; Inapplicable ; Inapplicable ; Inapplicable ; Inapplicable ; Inapplicable ; Inapplicable ; Inapplicable ; Inapplicable ; Inapplicable ; Inapplicable ; Inapplicable ; Inapplicable ;
; mem_read_data[27]  ; Inapplicable ; Inapplicable ; Inapplicable ; Inapplicable ; Inapplicable ; Pass      ; Inapplicable ; Inapplicable ; Pass      ; Pass      ; Inapplicable ; Inapplicable ; Inapplicable ; Inapplicable ; Inapplicable ; Inapplicable ; Inapplicable ; Inapplicable ; Inapplicable ; Inapplicable ; Inapplicable ; Inapplicable ; Inapplicable ; Inapplicable ; Inapplicable ; Inapplicable ; Inapplicable ; Inapplicable ;
; mem_read_data[28]  ; Inapplicable ; Inapplicable ; Inapplicable ; Inapplicable ; Inapplicable ; Pass      ; Inapplicable ; Inapplicable ; Pass      ; Pass      ; Inapplicable ; Inapplicable ; Inapplicable ; Inapplicable ; Inapplicable ; Inapplicable ; Inapplicable ; Inapplicable ; Inapplicable ; Inapplicable ; Inapplicable ; Inapplicable ; Inapplicable ; Inapplicable ; Inapplicable ; Inapplicable ; Inapplicable ; Inapplicable ;
; mem_read_data[29]  ; Inapplicable ; Inapplicable ; Inapplicable ; Inapplicable ; Inapplicable ; Pass      ; Inapplicable ; Inapplicable ; Pass      ; Pass      ; Inapplicable ; Inapplicable ; Inapplicable ; Inapplicable ; Inapplicable ; Inapplicable ; Inapplicable ; Inapplicable ; Inapplicable ; Inapplicable ; Inapplicable ; Inapplicable ; Inapplicable ; Inapplicable ; Inapplicable ; Inapplicable ; Inapplicable ; Inapplicable ;
; mem_read_data[30]  ; Inapplicable ; Inapplicable ; Inapplicable ; Inapplicable ; Inapplicable ; Pass      ; Inapplicable ; Inapplicable ; Pass      ; Pass      ; Inapplicable ; Inapplicable ; Inapplicable ; Inapplicable ; Inapplicable ; Inapplicable ; Inapplicable ; Inapplicable ; Inapplicable ; Inapplicable ; Inapplicable ; Inapplicable ; Inapplicable ; Inapplicable ; Inapplicable ; Inapplicable ; Inapplicable ; Inapplicable ;
; mem_read_data[31]  ; Inapplicable ; Inapplicable ; Inapplicable ; Inapplicable ; Inapplicable ; Pass      ; Inapplicable ; Inapplicable ; Pass      ; Pass      ; Inapplicable ; Inapplicable ; Inapplicable ; Inapplicable ; Inapplicable ; Inapplicable ; Inapplicable ; Inapplicable ; Inapplicable ; Inapplicable ; Inapplicable ; Inapplicable ; Inapplicable ; Inapplicable ; Inapplicable ; Inapplicable ; Inapplicable ; Inapplicable ;
+--------------------+--------------+--------------+--------------+--------------+--------------+-----------+--------------+--------------+-----------+-----------+--------------+--------------+--------------+--------------+--------------+--------------+--------------+--------------+--------------+--------------+--------------+--------------+--------------+--------------+--------------+--------------+--------------+--------------+


+-----------------------------------------------------------------------------------------------+
; Fitter Device Options                                                                         ;
+------------------------------------------------------------------+----------------------------+
; Option                                                           ; Setting                    ;
+------------------------------------------------------------------+----------------------------+
; Enable user-supplied start-up clock (CLKUSR)                     ; Off                        ;
; Enable device-wide reset (DEV_CLRn)                              ; Off                        ;
; Enable device-wide output enable (DEV_OE)                        ; Off                        ;
; Enable INIT_DONE output                                          ; Off                        ;
; Configuration scheme                                             ; Passive Serial             ;
; Error detection CRC                                              ; Off                        ;
; Enable input tri-state on active configuration pins in user mode ; Off                        ;
; Active Serial clock source                                       ; 40 MHz Internal Oscillator ;
; Configuration Voltage Level                                      ; Auto                       ;
; Force Configuration Voltage Level                                ; Off                        ;
; nCEO                                                             ; As output driving ground   ;
; Data[7..1]                                                       ; Unreserved                 ;
; Base pin-out file on sameframe device                            ; Off                        ;
+------------------------------------------------------------------+----------------------------+


+------------------------------------+
; Operating Settings and Conditions  ;
+---------------------------+--------+
; Setting                   ; Value  ;
+---------------------------+--------+
; Nominal Core Voltage      ; 0.90 V ;
; Low Junction Temperature  ; -40 °C ;
; High Junction Temperature ; 100 °C ;
+---------------------------+--------+


+-----------------+
; Fitter Messages ;
+-----------------+
Warning (18236): Number of processors has not been specified which may cause overloading on shared machines.  Set the global assignment NUM_PARALLEL_PROCESSORS in your QSF to an appropriate value for best performance.
Info (20030): Parallel compilation is enabled and will use 16 of the 16 processors detected
Info (119006): Selected device EP2AGX45DF29I5 for design "bitcoin_hash"
Info (21077): Low junction temperature is -40 degrees C
Info (21077): High junction temperature is 100 degrees C
Info (171003): Fitter is performing an Auto Fit compilation, which may decrease Fitter effort to reduce compilation time
Warning (292013): Feature LogicLock is only available with a valid subscription license. You can purchase a software subscription to gain full access to this feature.
Info (176444): Device migration not selected. If you intend to use device migration later, you may need to change the pin assignments as they may be incompatible with other devices
    Info (176445): Device EP2AGX45DF29C5 is compatible
    Info (176445): Device EP2AGX65DF29C5 is compatible
    Info (176445): Device EP2AGX65DF29I5 is compatible
    Info (176445): Device EP2AGX95EF29C5 is compatible
    Info (176445): Device EP2AGX95EF29I5 is compatible
    Info (176445): Device EP2AGX125EF29C5 is compatible
    Info (176445): Device EP2AGX125EF29I5ES is compatible
    Info (176445): Device EP2AGX125EF29I5 is compatible
    Info (176445): Device EP2AGX125EF29C5ES is compatible
    Info (176445): Device EP2AGX190EF29C5 is compatible
    Info (176445): Device EP2AGX190EF29I5 is compatible
    Info (176445): Device EP2AGX260EF29C5 is compatible
    Info (176445): Device EP2AGX260EF29I5 is compatible
Info (169124): Fitter converted 1 user pins into dedicated programming pins
    Info (169125): Pin ~ALTERA_nCEO~ is reserved at location AB16
Warning (15714): Some pins have incomplete I/O assignments. Refer to the I/O Assignment Warnings report for details
Critical Warning (169085): No exact pin location assignment(s) for 118 pins of 118 total pins. For the list of pins please refer to the I/O Assignment Warnings table in the fitter report.
Critical Warning (332012): Synopsys Design Constraints File file not found: 'bitcoin_hash.sdc'. A Synopsys Design Constraints File is required by the Timing Analyzer to get proper timing constraints. Without it, the Compiler will not properly optimize the design.
Info (332144): No user constrained base clocks found in the design
Info (332143): No user constrained clock uncertainty found in the design. Calling "derive_clock_uncertainty"
Info (332154): The derive_clock_uncertainty command did not apply clock uncertainty to any clock-to-clock transfers.
Info (332130): Timing requirements not specified -- quality metrics such as performance may be sacrificed to reduce compilation time.
Info (176353): Automatically promoted node clk~input (placed in PIN AE15 (CLK6, DIFFCLK_0p)) File: C:/Users/Jaspe/repositories/ECE 111 Lab HW/Final_Project/bitcoin_hash/bitcoin_hash.sv Line: 2
    Info (176355): Automatically promoted destinations to use location or clock signal Global Clock CLKCTRL_G7
    Info (176356): Following destination nodes may be non-global or may not use global or regional clocks
        Info (176357): Destination node mem_clk~output File: C:/Users/Jaspe/repositories/ECE 111 Lab HW/Final_Project/bitcoin_hash/bitcoin_hash.sv Line: 4
Info (176353): Automatically promoted node reset_n~input (placed in PIN AF15 (CLK4, DIFFCLK_0n)) File: C:/Users/Jaspe/repositories/ECE 111 Lab HW/Final_Project/bitcoin_hash/bitcoin_hash.sv Line: 2
    Info (176355): Automatically promoted destinations to use location or clock signal Global Clock CLKCTRL_G6
    Info (176356): Following destination nodes may be non-global or may not use global or regional clocks
        Info (176357): Destination node hout[0][0]~0 File: C:/Users/Jaspe/repositories/ECE 111 Lab HW/Final_Project/bitcoin_hash/bitcoin_hash.sv Line: 114
        Info (176357): Destination node hout[8][0]~1 File: C:/Users/Jaspe/repositories/ECE 111 Lab HW/Final_Project/bitcoin_hash/bitcoin_hash.sv Line: 114
        Info (176357): Destination node hout[1][0]~2 File: C:/Users/Jaspe/repositories/ECE 111 Lab HW/Final_Project/bitcoin_hash/bitcoin_hash.sv Line: 114
        Info (176357): Destination node hout[9][0]~3 File: C:/Users/Jaspe/repositories/ECE 111 Lab HW/Final_Project/bitcoin_hash/bitcoin_hash.sv Line: 114
        Info (176357): Destination node hout[4][0]~4 File: C:/Users/Jaspe/repositories/ECE 111 Lab HW/Final_Project/bitcoin_hash/bitcoin_hash.sv Line: 114
        Info (176357): Destination node hout[12][0]~5 File: C:/Users/Jaspe/repositories/ECE 111 Lab HW/Final_Project/bitcoin_hash/bitcoin_hash.sv Line: 114
        Info (176357): Destination node hout[5][0]~6 File: C:/Users/Jaspe/repositories/ECE 111 Lab HW/Final_Project/bitcoin_hash/bitcoin_hash.sv Line: 114
        Info (176357): Destination node hout[13][0]~7 File: C:/Users/Jaspe/repositories/ECE 111 Lab HW/Final_Project/bitcoin_hash/bitcoin_hash.sv Line: 114
        Info (176357): Destination node hout[2][0]~8 File: C:/Users/Jaspe/repositories/ECE 111 Lab HW/Final_Project/bitcoin_hash/bitcoin_hash.sv Line: 114
        Info (176357): Destination node hout[10][0]~9 File: C:/Users/Jaspe/repositories/ECE 111 Lab HW/Final_Project/bitcoin_hash/bitcoin_hash.sv Line: 114
        Info (176358): Non-global destination nodes limited to 10 nodes
Info (176233): Starting register packing
Info (176235): Finished register packing
    Extra Info (176219): No registers were packed into other blocks
Info (176214): Statistics of I/O pins that need to be placed that use the same VCCIO and VREF, before I/O pin placement
    Info (176211): Number of I/O pins in group: 116 (unused VREF, 2.5V VCCIO, 65 input, 51 output, 0 bidirectional)
        Info (176212): I/O standards used: 2.5 V.
Info (176215): I/O bank details before I/O pin placement
    Info (176214): Statistics of I/O banks
        Info (176213): I/O bank number QL1 does not use VREF pins and has undetermined VCCIO pins. 0 total pin(s) used --  0 pins available
        Info (176213): I/O bank number QL0 does not use VREF pins and has undetermined VCCIO pins. 0 total pin(s) used --  0 pins available
        Info (176213): I/O bank number 3C does not use VREF pins and has undetermined VCCIO pins. 0 total pin(s) used --  0 pins available
        Info (176213): I/O bank number 3A does not use VREF pins and has undetermined VCCIO pins. 3 total pin(s) used --  51 pins available
        Info (176213): I/O bank number 4A does not use VREF pins and has undetermined VCCIO pins. 0 total pin(s) used --  68 pins available
        Info (176213): I/O bank number 5A does not use VREF pins and has undetermined VCCIO pins. 0 total pin(s) used --  64 pins available
        Info (176213): I/O bank number 6A does not use VREF pins and has undetermined VCCIO pins. 0 total pin(s) used --  48 pins available
        Info (176213): I/O bank number 7A does not use VREF pins and has undetermined VCCIO pins. 0 total pin(s) used --  68 pins available
        Info (176213): I/O bank number 8A does not use VREF pins and has undetermined VCCIO pins. 0 total pin(s) used --  52 pins available
        Info (176213): I/O bank number 8C does not use VREF pins and has undetermined VCCIO pins. 0 total pin(s) used --  0 pins available
Info (171121): Fitter preparation operations ending: elapsed time is 00:00:07
Info (14896): Fitter has disabled Advanced Physical Optimization because it is not supported for the current family.
Info (170189): Fitter placement preparation operations beginning
Info (170190): Fitter placement preparation operations ending: elapsed time is 00:00:04
Info (170191): Fitter placement operations beginning
Info (170137): Fitter placement was successful
Info (170192): Fitter placement operations ending: elapsed time is 00:00:54
Info (170193): Fitter routing operations beginning
Info (170195): Router estimated average interconnect usage is 22% of the available device resources
    Info (170196): Router estimated peak interconnect usage is 51% of the available device resources in the region that extends from location X24_Y22 to location X35_Y33
Info (170199): The Fitter performed an Auto Fit compilation.  Optimizations were skipped to reduce compilation time.
    Info (170201): Optimizations that may affect the design's routability were skipped
Info (170194): Fitter routing operations ending: elapsed time is 00:00:49
Info (11888): Total time spent on timing analysis during the Fitter is 14.17 seconds.
Info (334003): Started post-fitting delay annotation
Info (334004): Delay annotation completed successfully
Info (334003): Started post-fitting delay annotation
Info (334004): Delay annotation completed successfully
Info (11218): Fitter post-fit operations ending: elapsed time is 00:00:06
Info (144001): Generated suppressed messages file C:/Users/Jaspe/repositories/ECE 111 Lab HW/Final_Project/bitcoin_hash/output_files/bitcoin_hash.fit.smsg
Info: Quartus Prime Fitter was successful. 0 errors, 5 warnings
    Info: Peak virtual memory: 7080 megabytes
    Info: Processing ended: Wed Sep 10 19:44:42 2025
    Info: Elapsed time: 00:02:13
    Info: Total CPU time (on all processors): 00:06:06


+----------------------------+
; Fitter Suppressed Messages ;
+----------------------------+
The suppressed messages can be found in C:/Users/Jaspe/repositories/ECE 111 Lab HW/Final_Project/bitcoin_hash/output_files/bitcoin_hash.fit.smsg.


